EmployeeNumber,Age,AgeBand,Gender,MaritalStatus,Department,JobRole,JobLevel,SeniorityBand,MonthlyIncome,MonthlyIncomeK,AnnualIncome,SalaryBand,Attrition,AttritionBinary,AttritionRiskScore,YearsAtCompany,TenureBand,YearsInCurrentRole,YearsSinceLastPromotion,PromotionRecency,YearsWithCurrManager,NumCompaniesWorked,TotalWorkingYears,TrainingTimesLastYear,JobSatisfaction,JobSatisfactionLabel,EnvironmentSatisfaction,EnvironmentSatisfactionLabel,WorkLifeBalance,WorkLifeBalanceLabel,PerformanceRating,PerformanceLabel,OverTime,OvertimeBinary,BusinessTravel,DistanceFromHome,DistanceBand,Education,EducationField,StockOptionLevel,PercentSalaryHike,RelationshipSatisfaction,JobInvolvement
1,41,36-45,Female,Single,Sales,Sales Executive,2,Mid-Level,5993,5.99,71916,Medium (3-6K),Yes,1,1.653,6,6-10 yrs,4,0,Just Promoted,5,8,8,0,4,Very High,2,Medium,1,Bad,3,Excellent,Yes,1,Travel_Rarely,1,Near (1-5),2,Life Sciences,0,11,1,3
2,49,46-55,Male,Married,Research & Development,Research Scientist,2,Mid-Level,5130,5.13,61560,Medium (3-6K),No,0,1.484,10,6-10 yrs,7,1,1-2 yrs,7,1,10,3,2,Medium,3,High,3,Better,4,Outstanding,No,0,Travel_Frequently,8,Medium (6-15),1,Life Sciences,1,23,4,2
4,37,36-45,Male,Single,Research & Development,Laboratory Technician,1,Junior,2090,2.09,25080,Low (<3K),Yes,1,1.207,0,0-2 yrs,0,0,Just Promoted,0,6,7,3,3,High,4,Very High,3,Better,3,Excellent,Yes,1,Travel_Rarely,2,Near (1-5),2,Other,0,15,2,2
5,33,26-35,Female,Married,Research & Development,Research Scientist,1,Junior,2909,2.91,34908,Low (<3K),No,0,1.23,8,6-10 yrs,7,3,3-5 yrs,0,1,8,3,3,High,4,Very High,3,Better,3,Excellent,Yes,1,Travel_Frequently,3,Near (1-5),4,Life Sciences,0,11,3,3
7,27,26-35,Male,Married,Research & Development,Laboratory Technician,1,Junior,3468,3.47,41616,Medium (3-6K),No,0,1.87,2,0-2 yrs,2,2,1-2 yrs,2,9,6,3,2,Medium,1,Low,3,Better,3,Excellent,No,0,Travel_Rarely,2,Near (1-5),1,Medical,1,12,4,3
8,32,26-35,Male,Single,Research & Development,Laboratory Technician,1,Junior,3068,3.07,36816,Medium (3-6K),No,0,0.927,7,6-10 yrs,7,3,3-5 yrs,6,0,8,2,4,Very High,4,Very High,2,Good,3,Excellent,No,0,Travel_Frequently,2,Near (1-5),2,Life Sciences,0,13,3,3
10,59,55+,Female,Married,Research & Development,Laboratory Technician,1,Junior,2670,2.67,32040,Low (<3K),No,0,2.06,1,0-2 yrs,0,0,Just Promoted,0,4,12,3,1,Low,3,High,2,Good,4,Outstanding,Yes,1,Travel_Rarely,3,Near (1-5),3,Medical,3,20,1,4
11,30,26-35,Male,Divorced,Research & Development,Laboratory Technician,1,Junior,2693,2.69,32316,Low (<3K),No,0,1.083,1,0-2 yrs,0,0,Just Promoted,0,1,1,2,3,High,4,Very High,3,Better,4,Outstanding,No,0,Travel_Rarely,24,Far (16+),1,Life Sciences,1,22,2,3
12,38,36-45,Male,Single,Research & Development,Manufacturing Director,3,Senior,9526,9.53,114312,High (6-10K),No,0,1.086,9,6-10 yrs,7,1,1-2 yrs,8,0,10,2,3,High,4,Very High,3,Better,4,Outstanding,No,0,Travel_Frequently,23,Far (16+),3,Life Sciences,0,21,2,2
13,36,36-45,Male,Married,Research & Development,Healthcare Representative,2,Mid-Level,5237,5.24,62844,Medium (3-6K),No,0,1.49,7,6-10 yrs,7,7,5+ yrs,7,6,17,3,3,High,3,High,2,Good,3,Excellent,No,0,Travel_Rarely,27,Far (16+),3,Medical,2,13,2,3
14,35,26-35,Male,Married,Research & Development,Laboratory Technician,1,Junior,2426,2.43,29112,Low (<3K),No,0,1.905,5,3-5 yrs,4,0,Just Promoted,3,0,6,5,2,Medium,1,Low,3,Better,3,Excellent,No,0,Travel_Rarely,16,Far (16+),3,Medical,1,13,3,4
15,29,26-35,Female,Single,Research & Development,Laboratory Technician,2,Mid-Level,4193,4.19,50316,Medium (3-6K),No,0,1.252,9,6-10 yrs,5,0,Just Promoted,8,0,10,3,3,High,4,Very High,3,Better,3,Excellent,Yes,1,Travel_Rarely,15,Medium (6-15),2,Life Sciences,0,12,4,2
16,31,26-35,Male,Divorced,Research & Development,Research Scientist,1,Junior,2911,2.91,34932,Low (<3K),No,0,1.866,5,3-5 yrs,2,4,3-5 yrs,3,1,5,1,3,High,1,Low,2,Good,3,Excellent,No,0,Travel_Rarely,26,Far (16+),1,Life Sciences,1,17,4,3
18,34,26-35,Male,Divorced,Research & Development,Laboratory Technician,1,Junior,2661,2.66,31932,Low (<3K),No,0,1.222,2,0-2 yrs,2,1,1-2 yrs,2,0,3,2,4,Very High,2,Medium,3,Better,3,Excellent,No,0,Travel_Rarely,19,Far (16+),2,Medical,1,11,3,3
19,28,26-35,Male,Single,Research & Development,Laboratory Technician,1,Junior,2028,2.03,24336,Low (<3K),Yes,1,1.483,4,3-5 yrs,2,0,Just Promoted,3,5,6,4,3,High,3,High,3,Better,3,Excellent,Yes,1,Travel_Rarely,24,Far (16+),3,Life Sciences,0,14,2,2
20,29,26-35,Female,Divorced,Research & Development,Manufacturing Director,3,Senior,9980,9.98,119760,High (6-10K),No,0,2.026,10,6-10 yrs,9,8,5+ yrs,8,1,10,1,1,Low,2,Medium,3,Better,3,Excellent,No,0,Travel_Rarely,21,Far (16+),4,Life Sciences,1,11,3,4
21,32,26-35,Male,Divorced,Research & Development,Research Scientist,1,Junior,3298,3.3,39576,Medium (3-6K),No,0,2.217,6,6-10 yrs,2,0,Just Promoted,5,0,7,5,2,Medium,1,Low,2,Good,3,Excellent,Yes,1,Travel_Rarely,5,Near (1-5),2,Life Sciences,2,12,4,4
22,22,18-25,Male,Divorced,Research & Development,Laboratory Technician,1,Junior,2935,2.94,35220,Low (<3K),No,0,1.155,1,0-2 yrs,0,0,Just Promoted,0,1,1,2,4,Very High,4,Very High,2,Good,3,Excellent,Yes,1,Non-Travel,16,Far (16+),2,Medical,2,13,2,4
23,53,46-55,Female,Married,Sales,Manager,4,Lead,15427,15.43,185124,Very High (10K+),No,0,1.377,25,20+ yrs,8,3,3-5 yrs,7,2,31,3,4,Very High,1,Low,3,Better,3,Excellent,No,0,Travel_Rarely,2,Near (1-5),4,Life Sciences,0,16,3,2
24,38,36-45,Male,Single,Research & Development,Research Scientist,1,Junior,3944,3.94,47328,Medium (3-6K),No,0,0.964,3,3-5 yrs,2,1,1-2 yrs,2,5,6,3,4,Very High,4,Very High,3,Better,3,Excellent,Yes,1,Travel_Rarely,2,Near (1-5),3,Life Sciences,0,11,3,3
26,24,18-25,Female,Divorced,Research & Development,Manufacturing Director,2,Mid-Level,4011,4.01,48132,Medium (3-6K),No,0,1.795,4,3-5 yrs,2,1,1-2 yrs,3,0,5,5,3,High,1,Low,2,Good,3,Excellent,No,0,Non-Travel,11,Medium (6-15),2,Other,1,18,4,4
27,36,36-45,Male,Single,Sales,Sales Representative,1,Junior,3407,3.41,40884,Medium (3-6K),Yes,1,1.731,5,3-5 yrs,3,0,Just Promoted,3,7,10,4,1,Low,3,High,3,Better,4,Outstanding,No,0,Travel_Rarely,9,Medium (6-15),4,Life Sciences,0,23,2,2
28,34,26-35,Female,Single,Research & Development,Research Director,3,Senior,11994,11.99,143928,Very High (10K+),No,0,1.887,12,11-20 yrs,6,2,1-2 yrs,11,0,13,4,2,Medium,1,Low,3,Better,3,Excellent,No,0,Travel_Rarely,7,Medium (6-15),4,Life Sciences,0,11,3,3
30,21,18-25,Male,Single,Research & Development,Research Scientist,1,Junior,1232,1.23,14784,Low (<3K),No,0,1.002,0,0-2 yrs,0,0,Just Promoted,0,1,0,6,4,Very High,3,High,3,Better,3,Excellent,No,0,Travel_Rarely,15,Medium (6-15),2,Life Sciences,0,14,4,3
31,34,26-35,Male,Single,Research & Development,Research Scientist,1,Junior,2960,2.96,35520,Low (<3K),Yes,1,1.927,4,3-5 yrs,2,1,1-2 yrs,3,2,8,2,1,Low,2,Medium,3,Better,3,Excellent,No,0,Travel_Rarely,6,Medium (6-15),1,Medical,0,11,3,3
32,53,46-55,Female,Divorced,Research & Development,Manager,5,Director,19094,19.09,229128,Very High (10K+),No,0,1.394,14,11-20 yrs,13,4,3-5 yrs,8,4,26,3,3,High,3,High,2,Good,3,Excellent,No,0,Travel_Rarely,5,Near (1-5),3,Other,1,11,4,3
33,32,26-35,Female,Single,Research & Development,Research Scientist,1,Junior,3919,3.92,47028,Medium (3-6K),Yes,1,2.195,10,6-10 yrs,2,6,5+ yrs,7,1,10,5,1,Low,2,Medium,3,Better,4,Outstanding,Yes,1,Travel_Frequently,16,Far (16+),1,Life Sciences,0,22,2,1
35,42,36-45,Male,Married,Sales,Sales Executive,2,Mid-Level,6825,6.82,81900,High (6-10K),No,0,1.504,9,6-10 yrs,7,4,3-5 yrs,2,0,10,2,2,Medium,3,High,3,Better,3,Excellent,No,0,Travel_Rarely,8,Medium (6-15),4,Marketing,1,11,4,3
36,44,36-45,Female,Married,Research & Development,Healthcare Representative,3,Senior,10248,10.25,122976,Very High (10K+),No,0,1.407,22,20+ yrs,6,5,3-5 yrs,17,3,24,4,4,Very High,1,Low,3,Better,3,Excellent,No,0,Travel_Rarely,7,Medium (6-15),4,Medical,1,14,4,2
38,46,46-55,Female,Single,Sales,Manager,5,Director,18947,18.95,227364,Very High (10K+),No,0,2.07,2,0-2 yrs,2,2,1-2 yrs,1,3,22,2,1,Low,2,Medium,2,Good,3,Excellent,No,0,Travel_Rarely,2,Near (1-5),4,Marketing,0,12,4,3
39,33,26-35,Male,Single,Research & Development,Laboratory Technician,1,Junior,2496,2.5,29952,Low (<3K),No,0,0.957,1,0-2 yrs,1,0,Just Promoted,0,4,7,3,4,Very High,3,High,3,Better,3,Excellent,No,0,Travel_Rarely,2,Near (1-5),3,Medical,0,11,4,3
40,44,36-45,Male,Married,Research & Development,Healthcare Representative,2,Mid-Level,6465,6.46,77580,High (6-10K),No,0,0.841,4,3-5 yrs,2,1,1-2 yrs,3,2,9,5,4,Very High,4,Very High,4,Best,3,Excellent,Yes,1,Travel_Rarely,10,Medium (6-15),4,Other,0,13,4,3
41,30,26-35,Male,Single,Research & Development,Laboratory Technician,1,Junior,2206,2.21,26472,Low (<3K),No,0,1.038,10,6-10 yrs,0,1,1-2 yrs,8,1,10,5,3,High,4,Very High,3,Better,3,Excellent,No,0,Travel_Rarely,9,Medium (6-15),2,Medical,0,13,1,2
42,39,36-45,Male,Married,Sales,Sales Representative,2,Mid-Level,2086,2.09,25032,Low (<3K),Yes,1,0.617,1,0-2 yrs,0,0,Just Promoted,0,3,19,6,4,Very High,4,Very High,4,Best,3,Excellent,No,0,Travel_Rarely,5,Near (1-5),3,Technical Degree,1,14,3,3
45,24,18-25,Male,Married,Research & Development,Research Scientist,1,Junior,2293,2.29,27516,Low (<3K),Yes,1,1.517,2,0-2 yrs,0,2,1-2 yrs,0,2,6,2,4,Very High,2,Medium,2,Good,3,Excellent,Yes,1,Travel_Rarely,1,Near (1-5),3,Medical,1,16,1,3
46,43,36-45,Female,Divorced,Research & Development,Research Scientist,1,Junior,2645,2.64,31740,Low (<3K),No,0,1.164,5,3-5 yrs,3,1,1-2 yrs,4,1,6,3,3,High,4,Very High,2,Good,3,Excellent,No,0,Travel_Rarely,2,Near (1-5),2,Medical,2,12,4,4
47,50,46-55,Male,Married,Sales,Sales Representative,1,Junior,2683,2.68,32196,Low (<3K),Yes,1,1.81,3,3-5 yrs,2,0,Just Promoted,2,1,3,2,3,High,1,Low,3,Better,3,Excellent,Yes,1,Travel_Rarely,3,Near (1-5),2,Marketing,0,14,3,2
49,35,26-35,Female,Married,Sales,Sales Representative,1,Junior,2014,2.01,24168,Low (<3K),No,0,0.77,2,0-2 yrs,2,2,1-2 yrs,2,1,2,3,4,Very High,4,Very High,3,Better,3,Excellent,No,0,Travel_Rarely,2,Near (1-5),3,Marketing,0,13,1,3
51,36,36-45,Female,Married,Research & Development,Research Scientist,1,Junior,3419,3.42,41028,Medium (3-6K),No,0,1.967,1,0-2 yrs,1,0,Just Promoted,0,9,6,3,1,Low,2,Medium,4,Best,3,Excellent,Yes,1,Travel_Rarely,5,Near (1-5),4,Life Sciences,1,14,4,2
52,33,26-35,Female,Married,Sales,Sales Executive,2,Mid-Level,5376,5.38,64512,Medium (3-6K),No,0,1.71,5,3-5 yrs,3,1,1-2 yrs,3,2,10,3,1,Low,3,High,3,Better,3,Excellent,No,0,Travel_Frequently,1,Near (1-5),3,Life Sciences,2,19,1,4
53,35,26-35,Male,Divorced,Research & Development,Laboratory Technician,1,Junior,1951,1.95,23412,Low (<3K),No,0,0.964,1,0-2 yrs,0,0,Just Promoted,0,1,1,3,4,Very High,3,High,3,Better,3,Excellent,No,0,Travel_Rarely,4,Near (1-5),2,Other,1,12,3,3
54,27,26-35,Female,Divorced,Research & Development,Laboratory Technician,1,Junior,2341,2.34,28092,Low (<3K),No,0,1.507,1,0-2 yrs,0,0,Just Promoted,0,1,1,6,1,Low,4,Very High,3,Better,3,Excellent,No,0,Travel_Rarely,2,Near (1-5),4,Life Sciences,1,13,4,3
55,26,26-35,Male,Single,Research & Development,Laboratory Technician,1,Junior,2293,2.29,27516,Low (<3K),Yes,1,1.836,1,0-2 yrs,0,0,Just Promoted,1,1,1,2,3,High,1,Low,2,Good,3,Excellent,No,0,Travel_Rarely,25,Far (16+),3,Life Sciences,0,12,3,1
56,27,26-35,Male,Single,Sales,Sales Executive,3,Senior,8726,8.73,104712,High (6-10K),No,0,1.034,9,6-10 yrs,8,1,1-2 yrs,7,1,9,0,3,High,4,Very High,3,Better,3,Excellent,No,0,Travel_Frequently,8,Medium (6-15),3,Life Sciences,0,15,4,3
57,30,26-35,Female,Single,Research & Development,Laboratory Technician,2,Mid-Level,4011,4.01,48132,Medium (3-6K),No,0,0.973,12,11-20 yrs,8,3,3-5 yrs,7,1,12,2,4,Very High,3,High,3,Better,4,Outstanding,No,0,Travel_Frequently,1,Near (1-5),2,Medical,0,23,4,3
58,41,36-45,Female,Married,Research & Development,Research Director,5,Director,19545,19.55,234540,Very High (10K+),Yes,1,1.541,22,20+ yrs,15,15,5+ yrs,8,1,23,0,3,High,2,Medium,3,Better,3,Excellent,No,0,Travel_Rarely,12,Medium (6-15),3,Technical Degree,0,12,4,3
60,34,26-35,Male,Single,Sales,Sales Executive,2,Mid-Level,4568,4.57,54816,Medium (3-6K),No,0,1.533,9,6-10 yrs,5,8,5+ yrs,7,0,10,2,3,High,2,Medium,3,Better,4,Outstanding,No,0,Non-Travel,23,Far (16+),4,Marketing,0,20,3,3
61,37,36-45,Male,Married,Research & Development,Research Scientist,1,Junior,3022,3.02,36264,Medium (3-6K),No,0,1.716,1,0-2 yrs,0,0,Just Promoted,0,4,8,1,2,Medium,2,Medium,3,Better,4,Outstanding,No,0,Travel_Rarely,19,Far (16+),2,Life Sciences,0,21,1,3
62,46,46-55,Male,Single,Sales,Sales Executive,2,Mid-Level,5772,5.77,69264,Medium (3-6K),No,0,1.567,9,6-10 yrs,6,0,Just Promoted,8,4,14,4,4,Very High,1,Low,3,Better,4,Outstanding,Yes,1,Travel_Frequently,5,Near (1-5),4,Marketing,0,21,3,3
63,35,26-35,Male,Married,Research & Development,Laboratory Technician,1,Junior,2269,2.27,27228,Low (<3K),No,0,0.778,1,0-2 yrs,0,0,Just Promoted,1,1,1,2,4,Very High,4,Very High,3,Better,3,Excellent,No,0,Travel_Rarely,8,Medium (6-15),1,Life Sciences,0,19,4,4
64,48,46-55,Male,Single,Research & Development,Laboratory Technician,3,Senior,5381,5.38,64572,Medium (3-6K),Yes,1,1.803,1,0-2 yrs,0,0,Just Promoted,0,9,23,2,3,High,1,Low,3,Better,3,Excellent,Yes,1,Travel_Rarely,1,Near (1-5),2,Life Sciences,0,13,4,2
65,28,26-35,Male,Single,Research & Development,Laboratory Technician,1,Junior,3441,3.44,41292,Medium (3-6K),Yes,1,1.581,2,0-2 yrs,2,2,1-2 yrs,2,1,2,3,3,High,3,High,2,Good,3,Excellent,Yes,1,Travel_Rarely,5,Near (1-5),4,Technical Degree,0,13,3,3
68,44,36-45,Female,Divorced,Sales,Sales Executive,2,Mid-Level,5454,5.45,65448,Medium (3-6K),No,0,2.26,4,3-5 yrs,3,1,1-2 yrs,3,5,9,2,1,Low,2,Medium,2,Good,4,Outstanding,Yes,1,Travel_Rarely,1,Near (1-5),5,Marketing,1,21,3,3
70,35,26-35,Male,Married,Research & Development,Healthcare Representative,3,Senior,9884,9.88,118608,High (6-10K),No,0,1.951,4,3-5 yrs,0,2,1-2 yrs,3,2,10,3,1,Low,3,High,3,Better,3,Excellent,Yes,1,Non-Travel,11,Medium (6-15),2,Medical,1,13,3,2
72,26,26-35,Female,Married,Sales,Sales Executive,2,Mid-Level,4157,4.16,49884,Medium (3-6K),No,0,1.379,2,0-2 yrs,2,0,Just Promoted,0,7,5,2,4,Very High,3,High,2,Good,3,Excellent,Yes,1,Travel_Rarely,23,Far (16+),3,Marketing,1,19,3,2
73,33,26-35,Female,Single,Research & Development,Research Director,3,Senior,13458,13.46,161496,Very High (10K+),No,0,1.607,15,11-20 yrs,14,8,5+ yrs,12,1,15,1,4,Very High,1,Low,3,Better,3,Excellent,Yes,1,Travel_Frequently,1,Near (1-5),2,Life Sciences,0,12,3,3
74,35,26-35,Male,Married,Sales,Sales Executive,3,Senior,9069,9.07,108828,High (6-10K),No,0,2.119,9,6-10 yrs,8,1,1-2 yrs,8,1,9,3,1,Low,2,Medium,2,Good,4,Outstanding,No,0,Travel_Frequently,18,Far (16+),5,Life Sciences,1,22,4,3
75,35,26-35,Female,Married,Research & Development,Laboratory Technician,1,Junior,4014,4.01,48168,Medium (3-6K),No,0,1.993,2,0-2 yrs,2,2,1-2 yrs,2,3,4,3,1,Low,3,High,3,Better,3,Excellent,Yes,1,Travel_Rarely,23,Far (16+),4,Medical,1,15,3,3
76,31,26-35,Male,Divorced,Research & Development,Laboratory Technician,2,Mid-Level,5915,5.92,70980,Medium (3-6K),No,0,0.931,7,6-10 yrs,7,1,1-2 yrs,7,3,10,3,4,Very High,4,Very High,2,Good,4,Outstanding,No,0,Travel_Rarely,7,Medium (6-15),4,Life Sciences,1,22,4,3
77,37,36-45,Male,Divorced,Research & Development,Manufacturing Director,2,Mid-Level,5993,5.99,71916,Medium (3-6K),No,0,1.453,7,6-10 yrs,5,0,Just Promoted,7,1,7,2,3,High,1,Low,4,Best,3,Excellent,No,0,Travel_Rarely,1,Near (1-5),4,Life Sciences,1,18,3,2
78,32,26-35,Male,Married,Research & Development,Manufacturing Director,2,Mid-Level,6162,6.16,73944,High (6-10K),No,0,1.6,9,6-10 yrs,8,7,5+ yrs,8,1,9,3,4,Very High,1,Low,3,Better,4,Outstanding,Yes,1,Travel_Rarely,1,Near (1-5),3,Medical,1,22,2,3
79,38,36-45,Female,Single,Research & Development,Laboratory Technician,2,Mid-Level,2406,2.41,28872,Low (<3K),No,0,0.91,10,6-10 yrs,3,9,5+ yrs,9,1,10,2,4,Very High,4,Very High,3,Better,3,Excellent,No,0,Travel_Frequently,29,Far (16+),5,Life Sciences,0,11,4,3
80,50,46-55,Female,Divorced,Research & Development,Research Director,5,Director,18740,18.74,224880,Very High (10K+),No,0,1.861,27,20+ yrs,3,13,5+ yrs,8,5,29,2,3,High,2,Medium,2,Good,3,Excellent,Yes,1,Travel_Rarely,7,Medium (6-15),2,Medical,1,12,4,2
81,59,55+,Female,Single,Sales,Sales Executive,3,Senior,7637,7.64,91644,High (6-10K),No,0,2.383,21,20+ yrs,16,7,5+ yrs,9,7,28,3,1,Low,1,Low,2,Good,3,Excellent,No,0,Travel_Rarely,25,Far (16+),3,Life Sciences,0,11,4,3
83,36,36-45,Female,Divorced,Research & Development,Healthcare Representative,3,Senior,10096,10.1,121152,Very High (10K+),No,0,1.308,17,11-20 yrs,14,12,5+ yrs,8,1,17,2,3,High,3,High,3,Better,3,Excellent,No,0,Travel_Rarely,8,Medium (6-15),3,Technical Degree,3,13,2,3
84,55,46-55,Female,Divorced,Research & Development,Manager,4,Lead,14756,14.76,177072,Very High (10K+),No,0,1.228,5,3-5 yrs,0,0,Just Promoted,2,2,21,2,3,High,4,Very High,3,Better,3,Excellent,Yes,1,Travel_Rarely,8,Medium (6-15),3,Medical,3,14,3,3
85,36,36-45,Male,Single,Research & Development,Manufacturing Director,2,Mid-Level,6499,6.5,77988,High (6-10K),No,0,1.688,6,6-10 yrs,5,0,Just Promoted,3,1,6,3,2,Medium,2,Medium,3,Better,3,Excellent,No,0,Travel_Frequently,11,Medium (6-15),3,Life Sciences,0,13,3,2
86,45,36-45,Male,Divorced,Research & Development,Research Scientist,3,Senior,9724,9.72,116688,High (6-10K),No,0,1.924,1,0-2 yrs,0,0,Just Promoted,0,2,25,2,1,Low,2,Medium,3,Better,3,Excellent,No,0,Travel_Rarely,7,Medium (6-15),3,Life Sciences,1,17,3,3
88,35,26-35,Male,Married,Research & Development,Research Scientist,1,Junior,2194,2.19,26328,Low (<3K),No,0,2.06,3,3-5 yrs,2,1,1-2 yrs,2,4,5,2,1,Low,2,Medium,2,Good,3,Excellent,No,0,Travel_Frequently,1,Near (1-5),3,Medical,1,13,4,3
90,36,36-45,Male,Married,Research & Development,Research Scientist,1,Junior,3388,3.39,40656,Medium (3-6K),Yes,1,1.381,1,0-2 yrs,0,0,Just Promoted,0,0,2,0,3,High,4,Very High,2,Good,3,Excellent,Yes,1,Travel_Rarely,9,Medium (6-15),3,Medical,1,17,1,2
91,59,55+,Female,Single,Sales,Sales Executive,2,Mid-Level,5473,5.47,65676,Medium (3-6K),No,0,1.76,4,3-5 yrs,3,1,1-2 yrs,3,7,20,2,3,High,1,Low,2,Good,3,Excellent,No,0,Travel_Frequently,1,Near (1-5),1,Life Sciences,0,11,4,2
94,29,26-35,Male,Married,Research & Development,Research Scientist,1,Junior,2703,2.7,32436,Low (<3K),No,0,1.457,5,3-5 yrs,4,0,Just Promoted,4,0,6,3,2,Medium,3,High,3,Better,4,Outstanding,No,0,Travel_Rarely,2,Near (1-5),3,Life Sciences,1,23,4,3
95,31,26-35,Male,Single,Research & Development,Research Scientist,1,Junior,2501,2.5,30012,Low (<3K),No,0,1.46,1,0-2 yrs,1,1,1-2 yrs,0,1,1,4,2,Medium,3,High,3,Better,3,Excellent,No,0,Travel_Rarely,1,Near (1-5),4,Medical,0,17,2,3
96,32,26-35,Male,Married,Research & Development,Research Scientist,2,Mid-Level,6220,6.22,74640,High (6-10K),No,0,1.653,10,6-10 yrs,4,0,Just Promoted,9,1,10,3,2,Medium,2,Medium,3,Better,3,Excellent,No,0,Travel_Rarely,1,Near (1-5),3,Life Sciences,2,17,2,3
97,36,36-45,Female,Married,Research & Development,Laboratory Technician,1,Junior,3038,3.04,36456,Medium (3-6K),No,0,1.171,1,0-2 yrs,0,0,Just Promoted,0,3,5,3,4,Very High,2,Medium,3,Better,3,Excellent,No,0,Travel_Rarely,6,Medium (6-15),3,Life Sciences,0,12,2,4
98,31,26-35,Female,Single,Research & Development,Manufacturing Director,2,Mid-Level,4424,4.42,53088,Medium (3-6K),No,0,0.984,11,11-20 yrs,7,1,1-2 yrs,8,1,11,2,4,Very High,3,High,3,Better,4,Outstanding,No,0,Travel_Rarely,8,Medium (6-15),4,Life Sciences,0,23,4,3
100,35,26-35,Male,Single,Sales,Sales Executive,2,Mid-Level,4312,4.31,51744,Medium (3-6K),No,0,1.717,15,11-20 yrs,13,2,1-2 yrs,8,0,16,2,1,Low,3,High,3,Better,3,Excellent,No,0,Travel_Rarely,1,Near (1-5),4,Marketing,0,14,2,2
101,45,36-45,Male,Married,Research & Development,Research Director,3,Senior,13245,13.24,158940,Very High (10K+),No,0,1.571,0,0-2 yrs,0,0,Just Promoted,0,4,17,3,1,Low,4,Very High,4,Best,3,Excellent,Yes,1,Travel_Rarely,6,Medium (6-15),4,Other,0,14,2,3
102,37,36-45,Male,Single,Research & Development,Research Director,3,Senior,13664,13.66,163968,Very High (10K+),No,0,1.474,5,3-5 yrs,2,0,Just Promoted,2,4,16,3,3,High,1,Low,4,Best,3,Excellent,No,0,Travel_Rarely,7,Medium (6-15),4,Medical,0,13,1,3
103,46,46-55,Male,Divorced,Human Resources,Human Resources,2,Mid-Level,5021,5.02,60252,Medium (3-6K),No,0,1.867,4,3-5 yrs,2,0,Just Promoted,2,8,16,2,2,Medium,2,Medium,3,Better,4,Outstanding,Yes,1,Travel_Rarely,5,Near (1-5),2,Medical,1,22,4,3
104,30,26-35,Male,Married,Research & Development,Laboratory Technician,2,Mid-Level,5126,5.13,61512,Medium (3-6K),No,0,1.123,10,6-10 yrs,8,3,3-5 yrs,0,1,10,1,4,Very High,4,Very High,2,Good,3,Excellent,Yes,1,Travel_Rarely,1,Near (1-5),1,Life Sciences,2,12,3,2
105,35,26-35,Male,Single,Research & Development,Research Scientist,1,Junior,2859,2.86,34308,Low (<3K),No,0,1.403,6,6-10 yrs,4,0,Just Promoted,4,1,6,3,3,High,2,Medium,3,Better,3,Excellent,No,0,Travel_Rarely,1,Near (1-5),3,Medical,0,18,1,2
106,55,46-55,Male,Married,Sales,Sales Executive,3,Senior,10239,10.24,122868,Very High (10K+),No,0,1.36,1,0-2 yrs,0,1,1-2 yrs,0,3,24,4,4,Very High,1,Low,3,Better,3,Excellent,No,0,Travel_Rarely,1,Near (1-5),2,Life Sciences,1,14,4,3
107,38,36-45,Female,Divorced,Research & Development,Research Scientist,2,Mid-Level,5329,5.33,63948,Medium (3-6K),No,0,1.377,13,11-20 yrs,11,1,1-2 yrs,9,7,17,3,4,Very High,2,Medium,3,Better,3,Excellent,Yes,1,Non-Travel,6,Medium (6-15),3,Medical,3,12,4,1
110,34,26-35,Male,Married,Research & Development,Manufacturing Director,2,Mid-Level,4325,4.32,51900,Medium (3-6K),No,0,1.86,5,3-5 yrs,2,1,1-2 yrs,3,1,5,2,2,Medium,1,Low,3,Better,3,Excellent,No,0,Travel_Rarely,1,Near (1-5),2,Medical,0,15,3,3
112,56,55+,Male,Single,Research & Development,Manufacturing Director,3,Senior,7260,7.26,87120,High (6-10K),No,0,0.924,6,6-10 yrs,4,0,Just Promoted,2,4,37,3,4,Very High,4,Very High,2,Good,3,Excellent,No,0,Travel_Rarely,7,Medium (6-15),3,Life Sciences,0,11,1,1
113,23,18-25,Male,Divorced,Sales,Sales Representative,1,Junior,2322,2.32,27864,Low (<3K),No,0,1.707,0,0-2 yrs,0,0,Just Promoted,0,3,3,3,1,Low,3,High,3,Better,3,Excellent,No,0,Travel_Rarely,2,Near (1-5),1,Technical Degree,1,13,3,3
116,51,46-55,Male,Married,Research & Development,Laboratory Technician,1,Junior,2075,2.08,24900,Low (<3K),No,0,0.781,4,3-5 yrs,2,0,Just Promoted,3,3,10,4,4,Very High,4,Very High,3,Better,4,Outstanding,No,0,Travel_Rarely,9,Medium (6-15),4,Life Sciences,2,23,2,3
117,30,26-35,Male,Married,Research & Development,Healthcare Representative,2,Mid-Level,4152,4.15,49824,Medium (3-6K),No,0,1.024,11,11-20 yrs,10,10,5+ yrs,8,1,11,3,4,Very High,3,High,3,Better,3,Excellent,No,0,Travel_Rarely,2,Near (1-5),3,Life Sciences,3,19,1,2
118,46,46-55,Male,Single,Sales,Sales Executive,3,Senior,9619,9.62,115428,High (6-10K),Yes,1,1.008,9,6-10 yrs,8,4,3-5 yrs,7,1,9,3,4,Very High,3,High,3,Better,3,Excellent,No,0,Travel_Rarely,9,Medium (6-15),2,Medical,0,16,4,2
119,40,36-45,Male,Married,Research & Development,Healthcare Representative,4,Lead,13503,13.5,162036,Very High (10K+),No,0,1.677,22,20+ yrs,3,11,5+ yrs,11,1,22,3,2,Medium,3,High,2,Good,4,Outstanding,No,0,Travel_Frequently,1,Near (1-5),4,Life Sciences,1,22,4,2
120,51,46-55,Male,Single,Sales,Sales Executive,2,Mid-Level,5441,5.44,65292,Medium (3-6K),No,0,1.529,10,6-10 yrs,7,1,1-2 yrs,0,0,11,2,4,Very High,3,High,1,Bad,4,Outstanding,Yes,1,Travel_Rarely,21,Far (16+),4,Marketing,0,22,4,3
121,30,26-35,Female,Divorced,Sales,Sales Executive,2,Mid-Level,5209,5.21,62508,Medium (3-6K),No,0,1.827,11,11-20 yrs,8,2,1-2 yrs,7,1,11,4,2,Medium,3,High,2,Good,3,Excellent,Yes,1,Travel_Rarely,4,Near (1-5),2,Medical,3,12,2,2
124,46,46-55,Male,Married,Research & Development,Healthcare Representative,3,Senior,10673,10.67,128076,Very High (10K+),No,0,2.113,10,6-10 yrs,9,9,5+ yrs,5,2,21,5,1,Low,3,High,2,Good,3,Excellent,Yes,1,Travel_Frequently,1,Near (1-5),3,Medical,1,13,3,2
125,32,26-35,Male,Single,Sales,Sales Executive,2,Mid-Level,5010,5.01,60120,Medium (3-6K),No,0,1.454,11,11-20 yrs,8,5,3-5 yrs,7,1,12,0,3,High,2,Medium,3,Better,3,Excellent,No,0,Travel_Rarely,6,Medium (6-15),4,Medical,0,16,1,3
126,54,46-55,Female,Married,Research & Development,Research Director,3,Senior,13549,13.55,162588,Very High (10K+),No,0,1.907,4,3-5 yrs,3,0,Just Promoted,3,9,16,5,3,High,1,Low,1,Bad,3,Excellent,No,0,Travel_Rarely,2,Near (1-5),4,Technical Degree,1,12,1,3
128,24,18-25,Female,Married,Sales,Sales Executive,2,Mid-Level,4999,5.0,59988,Medium (3-6K),No,0,1.76,3,3-5 yrs,2,0,Just Promoted,2,0,4,2,3,High,1,Low,2,Good,4,Outstanding,No,0,Travel_Rarely,3,Near (1-5),2,Other,1,21,1,3
129,28,26-35,Male,Married,Sales,Sales Executive,2,Mid-Level,4221,4.22,50652,Medium (3-6K),No,0,1.264,5,3-5 yrs,4,0,Just Promoted,4,1,5,3,3,High,2,Medium,4,Best,3,Excellent,No,0,Non-Travel,4,Near (1-5),3,Medical,0,15,2,3
131,58,55+,Male,Single,Sales,Sales Executive,4,Lead,13872,13.87,166464,Very High (10K+),No,0,1.191,37,20+ yrs,10,1,1-2 yrs,8,0,38,1,3,High,4,Very High,2,Good,3,Excellent,No,0,Travel_Rarely,10,Medium (6-15),4,Medical,0,13,3,3
132,44,36-45,Male,Married,Research & Development,Laboratory Technician,2,Mid-Level,2042,2.04,24504,Low (<3K),No,0,1.586,3,3-5 yrs,2,1,1-2 yrs,2,4,17,3,2,Medium,2,Medium,4,Best,3,Excellent,No,0,Non-Travel,23,Far (16+),3,Medical,1,12,3,3
133,37,36-45,Male,Divorced,Human Resources,Human Resources,1,Junior,2073,2.07,24876,Low (<3K),Yes,1,1.921,3,3-5 yrs,2,0,Just Promoted,2,4,7,3,1,Low,3,High,3,Better,4,Outstanding,Yes,1,Travel_Rarely,6,Medium (6-15),4,Human Resources,0,22,4,3
134,32,26-35,Male,Single,Research & Development,Research Scientist,1,Junior,2956,2.96,35472,Low (<3K),No,0,1.503,1,0-2 yrs,0,0,Just Promoted,0,1,1,2,1,Low,4,Very High,3,Better,3,Excellent,No,0,Travel_Rarely,1,Near (1-5),1,Life Sciences,0,13,4,3
137,20,18-25,Female,Single,Research & Development,Laboratory Technician,1,Junior,2926,2.93,35112,Low (<3K),Yes,1,0.977,1,0-2 yrs,0,1,1-2 yrs,0,1,1,5,4,Very High,4,Very High,3,Better,3,Excellent,Yes,1,Travel_Frequently,6,Medium (6-15),3,Life Sciences,0,18,2,2
138,34,26-35,Female,Single,Research & Development,Research Scientist,2,Mid-Level,4809,4.81,57708,Medium (3-6K),No,0,1.634,16,11-20 yrs,13,2,1-2 yrs,10,1,16,3,3,High,1,Low,3,Better,3,Excellent,No,0,Travel_Rarely,6,Medium (6-15),4,Other,0,14,3,3
139,37,36-45,Male,Divorced,Research & Development,Healthcare Representative,2,Mid-Level,5163,5.16,61956,Medium (3-6K),No,0,0.807,1,0-2 yrs,0,0,Just Promoted,0,5,17,2,4,Very High,3,High,4,Best,3,Excellent,No,0,Non-Travel,2,Near (1-5),2,Life Sciences,1,14,4,2
140,59,55+,Female,Married,Human Resources,Manager,5,Director,18844,18.84,226128,Very High (10K+),No,0,0.97,3,3-5 yrs,2,2,1-2 yrs,2,9,30,3,4,Very High,3,High,3,Better,4,Outstanding,No,0,Non-Travel,2,Near (1-5),4,Human Resources,1,21,4,2
141,50,46-55,Female,Married,Research & Development,Research Director,5,Director,18172,18.17,218064,Very High (10K+),No,0,2.203,8,6-10 yrs,3,0,Just Promoted,7,3,28,1,2,Medium,1,Low,2,Good,3,Excellent,Yes,1,Travel_Frequently,1,Near (1-5),3,Life Sciences,0,19,1,3
142,25,18-25,Male,Single,Sales,Sales Executive,2,Mid-Level,5744,5.74,68928,Medium (3-6K),Yes,1,1.417,6,6-10 yrs,4,0,Just Promoted,3,1,6,1,3,High,3,High,3,Better,3,Excellent,Yes,1,Travel_Rarely,5,Near (1-5),3,Marketing,0,11,4,2
143,25,18-25,Male,Married,Research & Development,Research Scientist,1,Junior,2889,2.89,34668,Low (<3K),No,0,0.787,2,0-2 yrs,2,2,1-2 yrs,1,1,2,2,4,Very High,4,Very High,3,Better,3,Excellent,No,0,Travel_Rarely,7,Medium (6-15),1,Medical,2,11,3,2
144,22,18-25,Female,Single,Research & Development,Laboratory Technician,1,Junior,2871,2.87,34452,Low (<3K),No,0,1.202,0,0-2 yrs,0,0,Just Promoted,0,1,1,5,4,Very High,2,Medium,3,Better,3,Excellent,No,0,Travel_Rarely,15,Medium (6-15),3,Medical,0,15,3,3
145,51,46-55,Female,Single,Research & Development,Healthcare Representative,3,Senior,7484,7.48,89808,High (6-10K),No,0,2.333,13,11-20 yrs,12,12,5+ yrs,8,3,23,1,1,Low,1,Low,2,Good,4,Outstanding,No,0,Travel_Frequently,1,Near (1-5),4,Medical,0,20,3,2
147,34,26-35,Male,Single,Research & Development,Laboratory Technician,2,Mid-Level,6074,6.07,72888,High (6-10K),Yes,1,1.824,9,6-10 yrs,7,0,Just Promoted,6,1,9,3,3,High,1,Low,3,Better,4,Outstanding,Yes,1,Travel_Frequently,7,Medium (6-15),3,Life Sciences,0,24,4,1
148,54,46-55,Female,Single,Human Resources,Manager,4,Lead,17328,17.33,207936,Very High (10K+),No,0,1.066,5,3-5 yrs,3,4,3-5 yrs,4,2,23,3,4,Very High,4,Very High,3,Better,3,Excellent,Yes,1,Non-Travel,26,Far (16+),3,Human Resources,0,12,3,4
150,24,18-25,Male,Married,Research & Development,Laboratory Technician,1,Junior,2774,2.77,33288,Low (<3K),No,0,1.469,5,3-5 yrs,3,1,1-2 yrs,2,0,6,2,3,High,2,Medium,3,Better,3,Excellent,No,0,Travel_Rarely,18,Far (16+),1,Life Sciences,1,12,3,3
151,34,26-35,Female,Divorced,Research & Development,Research Scientist,2,Mid-Level,4505,4.5,54060,Medium (3-6K),No,0,1.471,1,0-2 yrs,0,0,Just Promoted,0,6,12,3,2,Medium,3,High,3,Better,3,Excellent,No,0,Travel_Rarely,6,Medium (6-15),4,Life Sciences,1,15,3,2
152,37,36-45,Male,Single,Sales,Sales Executive,3,Senior,7428,7.43,89136,High (6-10K),No,0,0.967,5,3-5 yrs,3,1,1-2 yrs,3,2,12,3,4,Very High,3,High,3,Better,3,Excellent,No,0,Travel_Rarely,3,Near (1-5),3,Life Sciences,0,12,1,3
153,34,26-35,Female,Single,Research & Development,Manager,3,Senior,11631,11.63,139572,Very High (10K+),No,0,1.751,11,11-20 yrs,10,5,3-5 yrs,8,2,14,6,1,Low,3,High,3,Better,3,Excellent,No,0,Travel_Rarely,5,Near (1-5),3,Medical,0,12,4,2
154,36,36-45,Female,Married,Sales,Sales Executive,3,Senior,9738,9.74,116856,High (6-10K),No,0,1.201,9,6-10 yrs,7,2,1-2 yrs,8,0,10,6,4,Very High,2,Medium,3,Better,3,Excellent,No,0,Travel_Frequently,11,Medium (6-15),2,Technical Degree,1,14,3,3
155,36,36-45,Female,Divorced,Research & Development,Laboratory Technician,1,Junior,2835,2.84,34020,Low (<3K),No,0,1.36,1,0-2 yrs,0,0,Just Promoted,0,5,7,2,4,Very High,1,Low,3,Better,4,Outstanding,No,0,Travel_Rarely,3,Near (1-5),2,Life Sciences,1,22,1,3
158,43,36-45,Male,Married,Sales,Manager,4,Lead,16959,16.96,203508,Very High (10K+),No,0,1.116,25,20+ yrs,12,4,3-5 yrs,12,1,25,3,4,Very High,3,High,4,Best,3,Excellent,Yes,1,Travel_Frequently,26,Far (16+),2,Life Sciences,2,12,4,3
159,30,26-35,Male,Divorced,Research & Development,Research Scientist,1,Junior,2613,2.61,31356,Low (<3K),No,0,1.829,10,6-10 yrs,7,0,Just Promoted,9,1,10,2,3,High,1,Low,2,Good,4,Outstanding,No,0,Travel_Frequently,23,Far (16+),3,Life Sciences,3,25,3,1
160,33,26-35,Male,Married,Sales,Sales Executive,2,Mid-Level,6146,6.15,73752,High (6-10K),No,0,1.376,7,6-10 yrs,7,0,Just Promoted,7,0,8,2,2,Medium,3,High,4,Best,3,Excellent,No,0,Non-Travel,22,Far (16+),2,Marketing,1,13,1,3
161,56,55+,Female,Married,Research & Development,Research Scientist,1,Junior,4963,4.96,59556,Medium (3-6K),Yes,1,1.925,5,3-5 yrs,4,4,3-5 yrs,3,9,7,2,2,Medium,2,Medium,3,Better,3,Excellent,Yes,1,Travel_Rarely,14,Medium (6-15),4,Life Sciences,3,18,1,3
162,51,46-55,Male,Single,Research & Development,Research Director,5,Director,19537,19.54,234444,Very High (10K+),No,0,1.721,20,11-20 yrs,18,15,5+ yrs,15,7,23,5,3,High,1,Low,3,Better,3,Excellent,No,0,Travel_Rarely,6,Medium (6-15),3,Life Sciences,0,13,3,3
163,31,26-35,Male,Married,Sales,Sales Executive,2,Mid-Level,6172,6.17,74064,High (6-10K),Yes,1,1.817,7,6-10 yrs,7,7,5+ yrs,7,4,12,3,3,High,2,Medium,2,Good,3,Excellent,Yes,1,Travel_Rarely,6,Medium (6-15),4,Life Sciences,0,18,2,1
164,26,26-35,Female,Married,Research & Development,Research Scientist,1,Junior,2368,2.37,28416,Low (<3K),No,0,1.647,5,3-5 yrs,4,4,3-5 yrs,3,1,5,3,2,Medium,3,High,2,Good,3,Excellent,No,0,Travel_Rarely,6,Medium (6-15),3,Other,0,19,3,2
165,58,55+,Female,Married,Research & Development,Healthcare Representative,3,Senior,10312,10.31,123744,Very High (10K+),Yes,1,1.079,40,20+ yrs,10,15,5+ yrs,6,1,40,3,4,Very High,4,Very High,2,Good,3,Excellent,No,0,Travel_Rarely,23,Far (16+),4,Medical,1,12,4,3
167,19,18-25,Male,Single,Sales,Sales Representative,1,Junior,1675,1.68,20100,Low (<3K),Yes,1,1.426,0,0-2 yrs,0,0,Just Promoted,0,1,0,2,3,High,4,Very High,2,Good,3,Excellent,Yes,1,Travel_Rarely,22,Far (16+),1,Marketing,0,19,4,3
169,22,18-25,Male,Married,Research & Development,Laboratory Technician,1,Junior,2523,2.52,30276,Low (<3K),No,0,0.97,2,0-2 yrs,1,2,1-2 yrs,1,0,3,2,4,Very High,3,High,3,Better,3,Excellent,No,0,Travel_Rarely,2,Near (1-5),1,Technical Degree,1,14,3,3
170,49,46-55,Female,Married,Research & Development,Manufacturing Director,2,Mid-Level,6567,6.57,78804,High (6-10K),No,0,1.952,15,11-20 yrs,11,5,3-5 yrs,11,1,16,2,1,Low,3,High,2,Good,3,Excellent,No,0,Travel_Rarely,20,Far (16+),4,Medical,0,14,3,3
171,43,36-45,Female,Single,Research & Development,Research Scientist,1,Junior,4739,4.74,56868,Medium (3-6K),No,0,1.503,3,3-5 yrs,2,1,1-2 yrs,2,4,18,2,3,High,2,Medium,3,Better,3,Excellent,No,0,Travel_Frequently,28,Far (16+),3,Medical,0,12,4,4
174,50,46-55,Female,Single,Sales,Sales Executive,3,Senior,9208,9.21,110496,High (6-10K),No,0,1.005,2,0-2 yrs,2,2,1-2 yrs,1,4,16,3,4,Very High,3,High,3,Better,3,Excellent,No,0,Travel_Frequently,12,Medium (6-15),3,Marketing,0,11,4,3
175,31,26-35,Female,Married,Sales,Sales Executive,2,Mid-Level,4559,4.56,54708,Medium (3-6K),Yes,1,1.682,2,0-2 yrs,2,2,1-2 yrs,2,3,4,2,3,High,2,Medium,3,Better,3,Excellent,Yes,1,Travel_Rarely,20,Far (16+),3,Life Sciences,1,11,3,1
176,41,36-45,Male,Divorced,Sales,Sales Executive,3,Senior,8189,8.19,98268,High (6-10K),No,0,1.431,9,6-10 yrs,7,0,Just Promoted,7,3,12,2,3,High,3,High,3,Better,3,Excellent,Yes,1,Travel_Rarely,9,Medium (6-15),1,Life Sciences,1,13,3,3
177,26,26-35,Female,Married,Human Resources,Human Resources,1,Junior,2942,2.94,35304,Low (<3K),No,0,1.32,8,6-10 yrs,7,5,3-5 yrs,7,1,8,3,3,High,3,High,3,Better,4,Outstanding,No,0,Travel_Rarely,25,Far (16+),1,Life Sciences,1,23,4,3
178,36,36-45,Male,Divorced,Research & Development,Manufacturing Director,2,Mid-Level,4941,4.94,59292,Medium (3-6K),No,0,1.671,3,3-5 yrs,2,0,Just Promoted,1,6,7,0,2,Medium,2,Medium,3,Better,4,Outstanding,No,0,Travel_Rarely,6,Medium (6-15),2,Medical,2,20,4,3
179,51,46-55,Male,Single,Research & Development,Manufacturing Director,3,Senior,10650,10.65,127800,Very High (10K+),Yes,1,1.378,4,3-5 yrs,2,0,Just Promoted,3,2,18,2,4,Very High,1,Low,3,Better,3,Excellent,No,0,Travel_Frequently,8,Medium (6-15),4,Life Sciences,0,15,4,1
182,39,36-45,Female,Married,Sales,Sales Executive,2,Mid-Level,5902,5.9,70824,Medium (3-6K),No,0,0.897,15,11-20 yrs,11,5,3-5 yrs,9,4,17,1,3,High,4,Very High,4,Best,3,Excellent,No,0,Travel_Rarely,4,Near (1-5),4,Life Sciences,1,14,3,2
183,25,18-25,Male,Married,Sales,Sales Executive,2,Mid-Level,8639,8.64,103668,High (6-10K),No,0,1.71,2,0-2 yrs,2,2,1-2 yrs,2,2,6,3,3,High,1,Low,3,Better,3,Excellent,No,0,Travel_Rarely,28,Far (16+),3,Life Sciences,0,18,4,2
184,30,26-35,Male,Married,Human Resources,Human Resources,2,Mid-Level,6347,6.35,76164,High (6-10K),No,0,1.508,11,11-20 yrs,9,4,3-5 yrs,7,0,12,2,4,Very High,3,High,1,Bad,3,Excellent,Yes,1,Travel_Rarely,9,Medium (6-15),3,Human Resources,0,19,4,3
190,32,26-35,Female,Single,Research & Development,Laboratory Technician,1,Junior,4200,4.2,50400,Medium (3-6K),Yes,1,1.981,5,3-5 yrs,4,0,Just Promoted,4,7,10,2,1,Low,1,Low,4,Best,4,Outstanding,No,0,Travel_Rarely,9,Medium (6-15),3,Medical,0,22,1,3
192,45,36-45,Male,Single,Research & Development,Research Scientist,1,Junior,3452,3.45,41424,Medium (3-6K),No,0,1.2,6,6-10 yrs,5,0,Just Promoted,3,5,9,2,4,Very High,3,High,2,Good,3,Excellent,No,0,Travel_Rarely,29,Far (16+),3,Medical,0,13,2,3
193,38,36-45,Female,Single,Research & Development,Research Scientist,2,Mid-Level,4317,4.32,51804,Medium (3-6K),No,0,1.224,3,3-5 yrs,2,2,1-2 yrs,2,3,19,2,3,High,4,Very High,3,Better,4,Outstanding,Yes,1,Travel_Rarely,3,Near (1-5),5,Technical Degree,0,20,2,3
194,30,26-35,Female,Single,Research & Development,Research Scientist,1,Junior,2632,2.63,31584,Low (<3K),No,0,1.812,5,3-5 yrs,4,0,Just Promoted,4,1,5,4,3,High,1,Low,2,Good,3,Excellent,No,0,Travel_Rarely,18,Far (16+),3,Life Sciences,0,14,3,3
195,32,26-35,Male,Divorced,Sales,Sales Executive,2,Mid-Level,4668,4.67,56016,Medium (3-6K),No,0,0.631,8,6-10 yrs,7,0,Just Promoted,7,0,9,2,4,Very High,4,Very High,4,Best,3,Excellent,No,0,Travel_Frequently,9,Medium (6-15),2,Medical,3,17,4,1
197,30,26-35,Female,Divorced,Research & Development,Research Scientist,1,Junior,3204,3.2,38448,Medium (3-6K),No,0,1.531,3,3-5 yrs,2,2,1-2 yrs,2,5,8,3,1,Low,4,Very High,3,Better,3,Excellent,No,0,Travel_Rarely,5,Near (1-5),3,Technical Degree,1,14,4,3
198,30,26-35,Male,Single,Research & Development,Laboratory Technician,1,Junior,2720,2.72,32640,Low (<3K),No,0,1.164,5,3-5 yrs,3,1,1-2 yrs,2,0,6,3,4,Very High,2,Medium,3,Better,3,Excellent,No,0,Travel_Rarely,2,Near (1-5),1,Medical,0,13,4,2
199,41,36-45,Male,Divorced,Research & Development,Manager,4,Lead,17181,17.18,206172,Very High (10K+),No,0,1.731,7,6-10 yrs,6,7,5+ yrs,7,4,21,2,1,Low,4,Very High,2,Good,3,Excellent,No,0,Travel_Frequently,10,Medium (6-15),3,Life Sciences,1,13,2,2
200,41,36-45,Male,Married,Research & Development,Laboratory Technician,1,Junior,2238,2.24,26856,Low (<3K),No,0,1.738,5,3-5 yrs,0,1,1-2 yrs,4,2,7,2,1,Low,3,High,3,Better,4,Outstanding,No,0,Travel_Rarely,9,Medium (6-15),4,Life Sciences,1,21,4,3
201,19,18-25,Female,Single,Research & Development,Laboratory Technician,1,Junior,1483,1.48,17796,Low (<3K),No,0,1.66,1,0-2 yrs,0,0,Just Promoted,0,1,1,3,2,Medium,2,Medium,3,Better,3,Excellent,No,0,Travel_Rarely,3,Near (1-5),1,Medical,0,14,4,3
202,40,36-45,Female,Divorced,Research & Development,Research Scientist,2,Mid-Level,5605,5.6,67260,Medium (3-6K),No,0,1.753,20,11-20 yrs,7,2,1-2 yrs,13,1,20,2,2,Medium,2,Medium,3,Better,3,Excellent,No,0,Travel_Frequently,26,Far (16+),3,Medical,1,11,1,3
204,35,26-35,Male,Married,Sales,Sales Executive,3,Senior,7295,7.3,87540,High (6-10K),No,0,1.453,10,6-10 yrs,8,0,Just Promoted,6,1,10,3,2,Medium,3,High,3,Better,3,Excellent,No,0,Travel_Rarely,1,Near (1-5),5,Marketing,2,13,1,3
205,53,46-55,Male,Married,Sales,Sales Representative,2,Mid-Level,2306,2.31,27672,Low (<3K),No,0,1.947,7,6-10 yrs,7,4,3-5 yrs,5,2,13,3,3,High,2,Medium,1,Bad,4,Outstanding,Yes,1,Travel_Rarely,6,Medium (6-15),2,Marketing,1,20,4,3
206,45,36-45,Male,Divorced,Research & Development,Laboratory Technician,2,Mid-Level,2348,2.35,28176,Low (<3K),No,0,1.981,17,11-20 yrs,9,0,Just Promoted,15,8,20,2,2,Medium,2,Medium,1,Bad,3,Excellent,No,0,Travel_Rarely,9,Medium (6-15),3,Life Sciences,1,18,3,3
207,32,26-35,Female,Single,Sales,Sales Executive,3,Senior,8998,9.0,107976,High (6-10K),No,0,1.198,9,6-10 yrs,8,3,3-5 yrs,7,1,9,2,4,Very High,2,Medium,3,Better,3,Excellent,No,0,Travel_Frequently,8,Medium (6-15),3,Marketing,0,14,4,3
208,29,26-35,Male,Married,Research & Development,Manufacturing Director,2,Mid-Level,4319,4.32,51828,Medium (3-6K),No,0,1.003,10,6-10 yrs,7,0,Just Promoted,9,1,10,1,3,High,4,Very High,3,Better,3,Excellent,No,0,Non-Travel,1,Near (1-5),1,Technical Degree,1,13,1,3
211,51,46-55,Male,Married,Research & Development,Manufacturing Director,2,Mid-Level,6132,6.13,73584,High (6-10K),No,0,1.424,1,0-2 yrs,0,0,Just Promoted,0,2,10,2,3,High,2,Medium,3,Better,3,Excellent,No,0,Travel_Rarely,7,Medium (6-15),4,Medical,0,17,3,2
214,58,55+,Female,Married,Research & Development,Research Scientist,1,Junior,3346,3.35,40152,Medium (3-6K),No,0,2.031,1,0-2 yrs,0,0,Just Promoted,0,4,9,3,2,Medium,2,Medium,2,Good,4,Outstanding,Yes,1,Travel_Rarely,9,Medium (6-15),3,Medical,1,20,2,2
215,40,36-45,Male,Married,Sales,Sales Executive,3,Senior,10855,10.86,130260,Very High (10K+),No,0,1.127,12,11-20 yrs,11,2,1-2 yrs,11,7,15,2,4,Very High,3,High,2,Good,3,Excellent,No,0,Travel_Rarely,4,Near (1-5),4,Marketing,1,11,1,2
216,34,26-35,Female,Married,Sales,Sales Representative,1,Junior,2231,2.23,26772,Low (<3K),No,0,1.214,4,3-5 yrs,3,1,1-2 yrs,2,6,6,3,3,High,3,High,3,Better,3,Excellent,No,0,Travel_Frequently,2,Near (1-5),4,Marketing,1,18,4,3
217,22,18-25,Male,Married,Research & Development,Research Scientist,1,Junior,2323,2.32,27876,Low (<3K),No,0,1.029,2,0-2 yrs,2,2,1-2 yrs,2,1,2,6,4,Very High,3,High,3,Better,4,Outstanding,No,0,Travel_Rarely,19,Far (16+),1,Medical,2,24,1,3
218,27,26-35,Male,Divorced,Research & Development,Research Scientist,1,Junior,2024,2.02,24288,Low (<3K),No,0,1.594,2,0-2 yrs,2,2,1-2 yrs,2,6,6,1,2,Medium,4,Very High,1,Bad,3,Excellent,No,0,Non-Travel,9,Medium (6-15),3,Medical,1,18,4,3
221,28,26-35,Male,Married,Research & Development,Research Scientist,1,Junior,2713,2.71,32556,Low (<3K),No,0,1.322,5,3-5 yrs,2,0,Just Promoted,2,1,5,2,4,Very High,3,High,1,Bad,3,Excellent,No,0,Travel_Rarely,21,Far (16+),3,Medical,1,11,3,3
223,57,55+,Male,Divorced,Research & Development,Healthcare Representative,3,Senior,9439,9.44,113268,High (6-10K),No,0,1.539,5,3-5 yrs,3,1,1-2 yrs,4,3,12,2,4,Very High,3,High,1,Bad,3,Excellent,Yes,1,Travel_Rarely,24,Far (16+),2,Life Sciences,1,16,2,4
224,27,26-35,Male,Divorced,Research & Development,Research Scientist,1,Junior,2566,2.57,30792,Low (<3K),No,0,1.56,1,0-2 yrs,1,0,Just Promoted,1,1,1,2,3,High,3,High,2,Good,3,Excellent,Yes,1,Non-Travel,3,Near (1-5),3,Medical,1,15,4,2
226,50,46-55,Female,Single,Research & Development,Manager,5,Director,19926,19.93,239112,Very High (10K+),No,0,1.515,5,3-5 yrs,4,4,3-5 yrs,4,3,21,5,2,Medium,3,High,3,Better,3,Excellent,No,0,Travel_Rarely,11,Medium (6-15),3,Life Sciences,0,15,2,3
227,41,36-45,Male,Divorced,Research & Development,Research Scientist,1,Junior,2451,2.45,29412,Low (<3K),No,0,1.655,9,6-10 yrs,8,1,1-2 yrs,8,4,13,2,3,High,1,Low,3,Better,3,Excellent,No,0,Travel_Rarely,14,Medium (6-15),3,Life Sciences,1,12,1,3
228,30,26-35,Female,Married,Sales,Sales Executive,3,Senior,9419,9.42,113028,High (6-10K),No,0,1.214,10,6-10 yrs,9,7,5+ yrs,4,2,12,2,4,Very High,2,Medium,3,Better,3,Excellent,No,0,Travel_Rarely,5,Near (1-5),3,Life Sciences,1,12,3,3
230,38,36-45,Female,Single,Sales,Sales Executive,2,Mid-Level,8686,8.69,104232,High (6-10K),No,0,1.203,8,6-10 yrs,3,0,Just Promoted,7,4,12,2,4,Very High,1,Low,4,Best,4,Outstanding,No,0,Travel_Rarely,1,Near (1-5),4,Life Sciences,0,22,3,2
231,32,26-35,Male,Single,Research & Development,Research Scientist,1,Junior,3038,3.04,36456,Medium (3-6K),No,0,1.227,5,3-5 yrs,4,1,1-2 yrs,4,3,8,2,3,High,3,High,3,Better,4,Outstanding,No,0,Travel_Rarely,6,Medium (6-15),5,Life Sciences,0,20,1,3
233,27,26-35,Male,Married,Research & Development,Research Scientist,1,Junior,3058,3.06,36696,Medium (3-6K),No,0,1.865,5,3-5 yrs,2,1,1-2 yrs,1,0,6,3,2,Medium,3,High,2,Good,3,Excellent,Yes,1,Travel_Rarely,17,Far (16+),3,Technical Degree,1,16,4,3
235,19,18-25,Female,Single,Sales,Sales Representative,1,Junior,2325,2.33,27900,Low (<3K),Yes,1,1.553,0,0-2 yrs,0,0,Just Promoted,0,0,1,5,1,Low,3,High,4,Best,4,Outstanding,No,0,Travel_Frequently,1,Near (1-5),1,Technical Degree,0,21,1,1
238,36,36-45,Male,Single,Research & Development,Laboratory Technician,1,Junior,2088,2.09,25056,Low (<3K),No,0,1.457,8,6-10 yrs,7,7,5+ yrs,2,4,13,3,2,Medium,4,Very High,2,Good,3,Excellent,No,0,Travel_Frequently,3,Near (1-5),2,Medical,0,12,3,3
239,30,26-35,Male,Divorced,Research & Development,Laboratory Technician,2,Mid-Level,3072,3.07,36864,Medium (3-6K),No,0,1.771,12,11-20 yrs,9,6,5+ yrs,10,1,12,4,1,Low,3,High,3,Better,3,Excellent,No,0,Non-Travel,9,Medium (6-15),3,Medical,2,11,3,3
240,45,36-45,Female,Divorced,Sales,Sales Executive,2,Mid-Level,5006,5.01,60072,Medium (3-6K),No,0,1.764,5,3-5 yrs,4,0,Just Promoted,3,4,9,3,1,Low,3,High,4,Best,3,Excellent,Yes,1,Travel_Rarely,4,Near (1-5),2,Life Sciences,1,11,1,3
241,56,55+,Female,Divorced,Research & Development,Research Scientist,1,Junior,4257,4.26,51084,Medium (3-6K),No,0,1.941,2,0-2 yrs,2,2,1-2 yrs,2,4,19,3,1,Low,3,High,3,Better,3,Excellent,Yes,1,Travel_Rarely,8,Medium (6-15),3,Life Sciences,1,18,3,3
242,33,26-35,Male,Single,Research & Development,Research Scientist,1,Junior,2500,2.5,30000,Low (<3K),No,0,0.807,3,3-5 yrs,1,0,Just Promoted,2,0,4,2,4,Very High,3,High,4,Best,3,Excellent,No,0,Travel_Rarely,2,Near (1-5),3,Life Sciences,0,14,1,3
243,19,18-25,Male,Single,Research & Development,Laboratory Technician,1,Junior,1102,1.1,13224,Low (<3K),Yes,1,1.314,1,0-2 yrs,0,1,1-2 yrs,0,1,1,3,4,Very High,2,Medium,2,Good,4,Outstanding,No,0,Travel_Rarely,2,Near (1-5),3,Life Sciences,0,22,3,2
244,46,46-55,Female,Divorced,Sales,Sales Executive,3,Senior,10453,10.45,125436,Very High (10K+),No,0,2.003,24,20+ yrs,13,15,5+ yrs,7,1,24,2,1,Low,2,Medium,3,Better,4,Outstanding,No,0,Travel_Rarely,1,Near (1-5),2,Marketing,3,25,3,3
245,38,36-45,Female,Single,Research & Development,Laboratory Technician,1,Junior,2288,2.29,27456,Low (<3K),No,0,0.994,2,0-2 yrs,2,2,1-2 yrs,1,1,2,3,4,Very High,3,High,3,Better,3,Excellent,No,0,Travel_Rarely,9,Medium (6-15),2,Life Sciences,0,12,3,3
246,31,26-35,Female,Married,Research & Development,Research Scientist,1,Junior,3929,3.93,47148,Medium (3-6K),No,0,1.191,4,3-5 yrs,2,0,Just Promoted,2,8,7,0,4,Very High,3,High,3,Better,4,Outstanding,Yes,1,Travel_Rarely,12,Medium (6-15),1,Medical,1,23,3,3
247,34,26-35,Female,Single,Research & Development,Research Scientist,1,Junior,2311,2.31,27732,Low (<3K),No,0,1.35,3,3-5 yrs,2,1,1-2 yrs,2,2,9,3,2,Medium,4,Very High,3,Better,3,Excellent,No,0,Travel_Rarely,27,Far (16+),2,Medical,0,15,4,3
248,41,36-45,Female,Single,Sales,Sales Representative,1,Junior,3140,3.14,37680,Medium (3-6K),Yes,1,2.069,4,3-5 yrs,3,0,Just Promoted,2,1,4,5,2,Medium,2,Medium,2,Good,4,Outstanding,Yes,1,Travel_Rarely,20,Far (16+),2,Marketing,0,22,4,3
249,50,46-55,Male,Married,Research & Development,Laboratory Technician,1,Junior,3690,3.69,44280,Medium (3-6K),No,0,1.353,3,3-5 yrs,2,0,Just Promoted,2,2,5,2,3,High,3,High,2,Good,3,Excellent,No,0,Travel_Rarely,1,Near (1-5),3,Medical,1,15,4,2
250,53,46-55,Female,Divorced,Research & Development,Manufacturing Director,2,Mid-Level,4450,4.45,53400,Medium (3-6K),No,0,1.551,4,3-5 yrs,2,1,1-2 yrs,3,1,5,3,1,Low,4,Very High,3,Better,3,Excellent,No,0,Travel_Rarely,13,Medium (6-15),2,Medical,2,11,3,4
252,33,26-35,Female,Married,Research & Development,Research Scientist,1,Junior,2756,2.76,33072,Low (<3K),No,0,1.305,8,6-10 yrs,7,1,1-2 yrs,6,1,8,5,2,Medium,4,Very High,3,Better,3,Excellent,No,0,Travel_Rarely,14,Medium (6-15),3,Medical,1,13,4,3
253,40,36-45,Female,Married,Research & Development,Manager,5,Director,19033,19.03,228396,Very High (10K+),No,0,1.074,20,11-20 yrs,8,9,5+ yrs,9,1,21,2,3,High,4,Very High,3,Better,3,Excellent,No,0,Travel_Rarely,4,Near (1-5),1,Medical,1,14,2,3
254,55,46-55,Male,Single,Research & Development,Research Director,5,Director,18722,18.72,224664,Very High (10K+),No,0,1.512,24,20+ yrs,15,2,1-2 yrs,15,8,36,3,2,Medium,3,High,3,Better,3,Excellent,No,0,Travel_Rarely,14,Medium (6-15),4,Medical,0,11,4,4
256,34,26-35,Male,Married,Research & Development,Manufacturing Director,2,Mid-Level,9547,9.55,114564,High (6-10K),No,0,1.164,10,6-10 yrs,9,1,1-2 yrs,9,1,10,2,3,High,4,Very High,2,Good,3,Excellent,No,0,Travel_Frequently,2,Near (1-5),1,Life Sciences,0,17,3,2
258,51,46-55,Female,Single,Research & Development,Healthcare Representative,4,Lead,13734,13.73,164808,Very High (10K+),No,0,1.267,7,6-10 yrs,7,1,1-2 yrs,0,3,21,6,2,Medium,4,Very High,3,Better,3,Excellent,No,0,Travel_Rarely,3,Near (1-5),3,Medical,0,18,3,3
259,52,46-55,Male,Married,Research & Development,Manager,5,Director,19999,20.0,239988,Very High (10K+),No,0,1.277,33,20+ yrs,18,11,5+ yrs,9,0,34,5,3,High,3,High,3,Better,3,Excellent,No,0,Travel_Rarely,1,Near (1-5),4,Life Sciences,1,14,1,2
260,27,26-35,Female,Single,Research & Development,Research Scientist,1,Junior,2279,2.28,27348,Low (<3K),No,0,1.431,7,6-10 yrs,7,0,Just Promoted,3,1,7,2,2,Medium,4,Very High,2,Good,3,Excellent,No,0,Travel_Rarely,9,Medium (6-15),3,Medical,0,16,4,3
261,35,26-35,Male,Married,Research & Development,Manufacturing Director,2,Mid-Level,5916,5.92,70992,Medium (3-6K),Yes,1,1.679,1,0-2 yrs,0,0,Just Promoted,1,3,8,1,3,High,2,Medium,3,Better,3,Excellent,Yes,1,Travel_Rarely,23,Far (16+),2,Life Sciences,0,13,1,2
262,43,36-45,Male,Divorced,Research & Development,Research Scientist,1,Junior,2089,2.09,25068,Low (<3K),No,0,0.637,5,3-5 yrs,4,2,1-2 yrs,2,4,7,3,4,Very High,4,Very High,4,Best,3,Excellent,No,0,Non-Travel,7,Medium (6-15),3,Medical,3,14,4,4
264,45,36-45,Male,Married,Research & Development,Manager,4,Lead,16792,16.79,201504,Very High (10K+),No,0,1.43,20,11-20 yrs,8,11,5+ yrs,8,9,22,1,4,Very High,1,Low,3,Better,4,Outstanding,No,0,Non-Travel,2,Near (1-5),2,Medical,1,23,4,2
267,37,36-45,Male,Married,Research & Development,Research Scientist,1,Junior,3564,3.56,42768,Medium (3-6K),No,0,2.329,8,6-10 yrs,7,1,1-2 yrs,7,1,8,3,1,Low,2,Medium,2,Good,3,Excellent,Yes,1,Travel_Rarely,21,Far (16+),3,Life Sciences,1,12,1,4
269,35,26-35,Female,Single,Research & Development,Laboratory Technician,2,Mid-Level,4425,4.42,53100,Medium (3-6K),No,0,1.664,6,6-10 yrs,2,1,1-2 yrs,2,5,10,5,2,Medium,2,Medium,3,Better,3,Excellent,No,0,Travel_Frequently,2,Near (1-5),3,Medical,0,11,4,3
270,42,36-45,Female,Divorced,Research & Development,Manufacturing Director,2,Mid-Level,5265,5.26,63180,Medium (3-6K),No,0,1.272,5,3-5 yrs,3,0,Just Promoted,2,2,11,5,3,High,3,High,3,Better,3,Excellent,No,0,Non-Travel,21,Far (16+),2,Medical,1,16,2,3
271,38,36-45,Male,Married,Research & Development,Manufacturing Director,2,Mid-Level,6553,6.55,78636,High (6-10K),No,0,1.007,1,0-2 yrs,0,0,Just Promoted,0,9,14,3,3,High,4,Very High,3,Better,3,Excellent,No,0,Travel_Rarely,2,Near (1-5),4,Life Sciences,0,14,2,3
273,38,36-45,Male,Married,Research & Development,Manufacturing Director,2,Mid-Level,6261,6.26,75132,High (6-10K),No,0,1.157,7,6-10 yrs,7,1,1-2 yrs,7,3,9,3,4,Very High,4,Very High,1,Bad,3,Excellent,No,0,Travel_Rarely,29,Far (16+),3,Technical Degree,1,18,1,3
274,27,26-35,Male,Married,Research & Development,Manufacturing Director,2,Mid-Level,4298,4.3,51576,Medium (3-6K),No,0,1.717,2,0-2 yrs,2,2,1-2 yrs,0,5,6,1,1,Low,3,High,3,Better,3,Excellent,No,0,Travel_Frequently,1,Near (1-5),1,Technical Degree,1,19,3,2
275,49,46-55,Male,Divorced,Research & Development,Manufacturing Director,2,Mid-Level,6804,6.8,81648,High (6-10K),No,0,1.019,7,6-10 yrs,7,1,1-2 yrs,7,1,7,0,4,Very High,4,Very High,3,Better,3,Excellent,Yes,1,Non-Travel,18,Far (16+),4,Life Sciences,2,15,1,3
277,34,26-35,Male,Divorced,Research & Development,Research Scientist,1,Junior,3815,3.82,45780,Medium (3-6K),No,0,1.098,5,3-5 yrs,3,2,1-2 yrs,0,1,5,4,3,High,4,Very High,4,Best,3,Excellent,Yes,1,Travel_Frequently,10,Medium (6-15),4,Medical,1,17,4,3
281,40,36-45,Male,Married,Research & Development,Laboratory Technician,2,Mid-Level,2741,2.74,32892,Low (<3K),No,0,1.086,7,6-10 yrs,2,3,3-5 yrs,7,8,15,2,4,Very High,3,High,4,Best,3,Excellent,Yes,1,Travel_Rarely,19,Far (16+),2,Medical,1,15,3,3
282,38,36-45,Male,Married,Research & Development,Healthcare Representative,2,Mid-Level,6673,6.67,80076,High (6-10K),Yes,1,2.2,1,0-2 yrs,0,0,Just Promoted,0,7,17,2,1,Low,2,Medium,3,Better,3,Excellent,Yes,1,Travel_Rarely,29,Far (16+),1,Medical,0,19,2,3
283,29,26-35,Female,Married,Sales,Sales Executive,3,Senior,7639,7.64,91668,High (6-10K),Yes,1,1.4,10,6-10 yrs,4,1,1-2 yrs,9,1,10,3,4,Very High,2,Medium,2,Good,4,Outstanding,No,0,Travel_Rarely,27,Far (16+),3,Marketing,3,22,4,3
284,22,18-25,Male,Divorced,Research & Development,Research Scientist,1,Junior,2328,2.33,27936,Low (<3K),No,0,1.631,4,3-5 yrs,2,2,1-2 yrs,2,1,4,2,2,Medium,4,Very High,2,Good,3,Excellent,Yes,1,Travel_Rarely,5,Near (1-5),3,Life Sciences,1,16,1,4
286,36,36-45,Female,Single,Research & Development,Laboratory Technician,1,Junior,2153,2.15,25836,Low (<3K),No,0,1.219,8,6-10 yrs,1,1,1-2 yrs,7,1,8,2,4,Very High,2,Medium,3,Better,3,Excellent,No,0,Travel_Frequently,18,Far (16+),1,Medical,0,13,1,3
287,40,36-45,Male,Married,Research & Development,Healthcare Representative,2,Mid-Level,4876,4.88,58512,Medium (3-6K),No,0,1.081,3,3-5 yrs,2,0,Just Promoted,2,9,5,5,4,Very High,4,Very High,1,Bad,3,Excellent,No,0,Non-Travel,9,Medium (6-15),5,Life Sciences,1,14,4,2
288,46,46-55,Male,Divorced,Research & Development,Healthcare Representative,3,Senior,9396,9.4,112752,High (6-10K),No,0,1.503,4,3-5 yrs,2,0,Just Promoted,3,7,17,3,1,Low,4,Very High,3,Better,3,Excellent,No,0,Travel_Rarely,1,Near (1-5),4,Medical,1,16,3,3
291,32,26-35,Male,Married,Sales,Sales Executive,3,Senior,10400,10.4,124800,Very High (10K+),Yes,1,0.974,14,11-20 yrs,8,9,5+ yrs,8,1,14,2,4,Very High,4,Very High,2,Good,3,Excellent,No,0,Travel_Rarely,4,Near (1-5),4,Medical,0,11,3,1
292,30,26-35,Male,Single,Research & Development,Manufacturing Director,3,Senior,8474,8.47,101688,High (6-10K),No,0,1.237,11,11-20 yrs,8,5,3-5 yrs,8,1,12,2,3,High,3,High,3,Better,4,Outstanding,No,0,Non-Travel,1,Near (1-5),1,Life Sciences,0,22,3,2
293,27,26-35,Female,Single,Sales,Sales Executive,2,Mid-Level,9981,9.98,119772,High (6-10K),No,0,1.069,7,6-10 yrs,7,0,Just Promoted,7,1,7,2,3,High,4,Very High,3,Better,3,Excellent,No,0,Travel_Frequently,20,Far (16+),3,Life Sciences,0,14,4,3
296,51,46-55,Male,Married,Research & Development,Research Director,3,Senior,12490,12.49,149880,Very High (10K+),No,0,2.004,10,6-10 yrs,9,4,3-5 yrs,7,5,16,5,2,Medium,2,Medium,1,Bad,3,Excellent,No,0,Travel_Rarely,8,Medium (6-15),4,Life Sciences,2,16,4,2
297,30,26-35,Female,Single,Research & Development,Research Scientist,1,Junior,2657,2.66,31884,Low (<3K),Yes,1,1.71,5,3-5 yrs,2,0,Just Promoted,4,5,8,5,1,Low,4,Very High,3,Better,3,Excellent,Yes,1,Travel_Rarely,3,Near (1-5),3,Technical Degree,0,11,3,3
298,41,36-45,Female,Single,Sales,Manager,3,Senior,13591,13.59,163092,Very High (10K+),No,0,0.971,1,0-2 yrs,0,0,Just Promoted,0,3,16,3,4,Very High,4,Very High,3,Better,3,Excellent,Yes,1,Travel_Rarely,6,Medium (6-15),3,Life Sciences,0,18,3,3
299,30,26-35,Female,Single,Sales,Sales Executive,2,Mid-Level,6696,6.7,80352,High (6-10K),Yes,1,1.94,6,6-10 yrs,3,0,Just Promoted,1,5,9,5,1,Low,3,High,2,Good,3,Excellent,No,0,Travel_Frequently,26,Far (16+),4,Marketing,0,15,3,2
300,29,26-35,Male,Single,Research & Development,Research Scientist,1,Junior,2058,2.06,24696,Low (<3K),Yes,1,1.36,6,6-10 yrs,2,1,1-2 yrs,5,0,7,1,3,High,3,High,2,Good,3,Excellent,No,0,Travel_Rarely,1,Near (1-5),3,Technical Degree,0,14,4,3
302,45,36-45,Female,Single,Sales,Sales Executive,3,Senior,8865,8.86,106380,High (6-10K),No,0,0.851,19,11-20 yrs,7,12,5+ yrs,8,6,23,2,4,Very High,4,Very High,3,Better,3,Excellent,No,0,Non-Travel,6,Medium (6-15),3,Medical,0,12,4,2
303,54,46-55,Female,Married,Sales,Sales Executive,2,Mid-Level,5940,5.94,71280,Medium (3-6K),No,0,1.51,6,6-10 yrs,2,0,Just Promoted,5,2,16,4,1,Low,4,Very High,3,Better,3,Excellent,No,0,Travel_Rarely,3,Near (1-5),3,Marketing,1,14,4,3
304,36,36-45,Male,Single,Research & Development,Laboratory Technician,2,Mid-Level,5914,5.91,70968,Medium (3-6K),No,0,1.137,13,11-20 yrs,11,3,3-5 yrs,7,8,16,3,2,Medium,4,Very High,4,Best,3,Excellent,No,0,Travel_Rarely,5,Near (1-5),2,Life Sciences,0,16,4,3
305,33,26-35,Female,Married,Research & Development,Research Scientist,1,Junior,2622,2.62,31464,Low (<3K),No,0,1.47,3,3-5 yrs,2,1,1-2 yrs,1,6,7,3,2,Medium,3,High,3,Better,4,Outstanding,No,0,Travel_Rarely,4,Near (1-5),4,Medical,0,21,4,2
306,37,36-45,Male,Divorced,Research & Development,Research Director,3,Senior,12185,12.18,146220,Very High (10K+),No,0,1.388,10,6-10 yrs,8,0,Just Promoted,7,1,10,1,4,Very High,2,Medium,3,Better,3,Excellent,Yes,1,Travel_Frequently,11,Medium (6-15),3,Other,3,14,3,3
307,38,36-45,Male,Divorced,Sales,Sales Executive,3,Senior,10609,10.61,127308,Very High (10K+),No,0,1.794,16,11-20 yrs,10,5,3-5 yrs,13,0,17,6,3,High,1,Low,2,Good,3,Excellent,No,0,Travel_Rarely,3,Near (1-5),3,Life Sciences,2,12,3,3
308,31,26-35,Male,Married,Research & Development,Manufacturing Director,2,Mid-Level,4345,4.34,52140,Medium (3-6K),No,0,1.21,5,3-5 yrs,4,1,1-2 yrs,4,0,6,2,3,High,3,High,3,Better,3,Excellent,No,0,Non-Travel,1,Near (1-5),4,Medical,1,12,4,1
309,59,55+,Male,Married,Research & Development,Research Scientist,1,Junior,2177,2.18,26124,Low (<3K),No,0,0.96,1,0-2 yrs,0,0,Just Promoted,0,3,7,6,4,Very High,3,High,3,Better,3,Excellent,No,0,Travel_Rarely,3,Near (1-5),3,Life Sciences,1,17,1,2
311,37,36-45,Male,Divorced,Sales,Sales Representative,1,Junior,2793,2.79,33516,Low (<3K),No,0,1.397,9,6-10 yrs,8,5,3-5 yrs,8,4,13,2,4,Very High,1,Low,3,Better,3,Excellent,No,0,Travel_Frequently,4,Near (1-5),4,Marketing,1,17,3,3
312,29,26-35,Female,Married,Sales,Sales Executive,3,Senior,7918,7.92,95016,High (6-10K),No,0,1.18,11,11-20 yrs,10,4,3-5 yrs,1,1,11,5,4,Very High,2,Medium,3,Better,3,Excellent,No,0,Travel_Frequently,1,Near (1-5),1,Medical,1,14,4,3
314,35,26-35,Female,Single,Sales,Sales Executive,3,Senior,8789,8.79,105468,High (6-10K),No,0,1.053,10,6-10 yrs,7,0,Just Promoted,8,1,10,3,3,High,3,High,4,Best,3,Excellent,No,0,Travel_Frequently,1,Near (1-5),3,Marketing,0,14,1,3
315,29,26-35,Male,Single,Research & Development,Research Scientist,1,Junior,2389,2.39,28668,Low (<3K),Yes,1,1.362,4,3-5 yrs,3,0,Just Promoted,1,1,4,3,4,Very High,3,High,2,Good,3,Excellent,Yes,1,Travel_Rarely,18,Far (16+),1,Medical,0,13,3,2
316,52,46-55,Female,Single,Research & Development,Laboratory Technician,1,Junior,3212,3.21,38544,Medium (3-6K),No,0,1.12,2,0-2 yrs,2,2,1-2 yrs,2,7,6,3,4,Very High,3,High,2,Good,3,Excellent,No,0,Travel_Rarely,2,Near (1-5),3,Life Sciences,0,15,2,2
319,42,36-45,Male,Married,Research & Development,Manager,5,Director,19232,19.23,230784,Very High (10K+),No,0,1.037,22,20+ yrs,17,11,5+ yrs,15,1,22,3,4,Very High,3,High,3,Better,3,Excellent,No,0,Travel_Rarely,4,Near (1-5),2,Technical Degree,0,11,4,3
321,59,55+,Male,Married,Human Resources,Human Resources,1,Junior,2267,2.27,27204,Low (<3K),No,0,1.584,2,0-2 yrs,2,2,1-2 yrs,2,8,7,2,3,High,2,Medium,2,Good,3,Excellent,No,0,Travel_Rarely,6,Medium (6-15),2,Medical,0,17,4,3
323,50,46-55,Female,Divorced,Sales,Manager,5,Director,19517,19.52,234204,Very High (10K+),No,0,0.903,7,6-10 yrs,0,0,Just Promoted,6,3,32,3,4,Very High,4,Very High,2,Good,3,Excellent,No,0,Travel_Rarely,1,Near (1-5),4,Medical,1,11,3,3
325,33,26-35,Male,Married,Research & Development,Laboratory Technician,1,Junior,2436,2.44,29232,Low (<3K),Yes,1,1.498,5,3-5 yrs,4,0,Just Promoted,4,5,8,2,4,Very High,3,High,1,Bad,3,Excellent,Yes,1,Travel_Rarely,14,Medium (6-15),3,Medical,1,13,3,3
327,43,36-45,Female,Married,Sales,Manager,4,Lead,16064,16.06,192768,Very High (10K+),No,0,1.012,17,11-20 yrs,13,1,1-2 yrs,9,5,22,3,4,Very High,4,Very High,3,Better,4,Outstanding,Yes,1,Travel_Rarely,16,Far (16+),3,Marketing,1,22,3,3
328,33,26-35,Female,Married,Research & Development,Laboratory Technician,1,Junior,2707,2.71,32484,Low (<3K),Yes,1,1.964,9,6-10 yrs,7,1,1-2 yrs,7,7,13,3,1,Low,1,Low,4,Best,4,Outstanding,No,0,Travel_Rarely,2,Near (1-5),2,Life Sciences,0,20,1,3
329,52,46-55,Male,Single,Sales,Manager,5,Director,19068,19.07,228816,Very High (10K+),No,0,1.757,33,20+ yrs,7,15,5+ yrs,12,1,33,2,3,High,1,Low,4,Best,3,Excellent,Yes,1,Non-Travel,2,Near (1-5),4,Life Sciences,0,18,4,2
330,32,26-35,Female,Married,Sales,Sales Representative,1,Junior,3931,3.93,47172,Medium (3-6K),No,0,1.47,4,3-5 yrs,3,1,1-2 yrs,2,2,6,5,2,Medium,3,High,3,Better,3,Excellent,No,0,Travel_Rarely,4,Near (1-5),2,Life Sciences,1,11,1,3
331,32,26-35,Male,Single,Research & Development,Laboratory Technician,1,Junior,3730,3.73,44760,Medium (3-6K),Yes,1,1.51,3,3-5 yrs,2,1,1-2 yrs,2,0,4,2,3,High,4,Very High,1,Bad,3,Excellent,Yes,1,Travel_Rarely,1,Near (1-5),3,Life Sciences,0,14,4,2
332,39,36-45,Female,Divorced,Research & Development,Laboratory Technician,1,Junior,2232,2.23,26784,Low (<3K),No,0,1.21,3,3-5 yrs,2,1,1-2 yrs,2,7,7,1,3,High,3,High,3,Better,3,Excellent,No,0,Travel_Rarely,1,Near (1-5),4,Medical,3,14,3,3
333,32,26-35,Male,Married,Sales,Sales Executive,2,Mid-Level,4465,4.46,53580,Medium (3-6K),No,0,1.053,3,3-5 yrs,2,2,1-2 yrs,2,0,4,2,4,Very High,3,High,3,Better,3,Excellent,No,0,Non-Travel,26,Far (16+),4,Marketing,0,18,1,3
334,41,36-45,Male,Divorced,Research & Development,Research Scientist,2,Mid-Level,3072,3.07,36864,Medium (3-6K),No,0,1.916,1,0-2 yrs,0,0,Just Promoted,0,2,17,2,1,Low,3,High,2,Good,3,Excellent,No,0,Travel_Rarely,19,Far (16+),2,Life Sciences,2,16,1,3
335,40,36-45,Male,Divorced,Research & Development,Research Scientist,2,Mid-Level,3319,3.32,39828,Medium (3-6K),No,0,1.459,9,6-10 yrs,8,4,3-5 yrs,7,1,9,3,4,Very High,1,Low,3,Better,3,Excellent,No,0,Travel_Rarely,24,Far (16+),2,Technical Degree,2,17,1,3
336,45,36-45,Male,Married,Research & Development,Manager,5,Director,19202,19.2,230424,Very High (10K+),No,0,0.96,24,20+ yrs,0,1,1-2 yrs,7,0,25,2,4,Very High,3,High,3,Better,3,Excellent,No,0,Travel_Rarely,1,Near (1-5),3,Other,1,11,3,4
337,31,26-35,Male,Divorced,Research & Development,Research Director,3,Senior,13675,13.68,164100,Very High (10K+),No,0,1.424,2,0-2 yrs,2,2,1-2 yrs,2,9,9,3,3,High,2,Medium,3,Better,3,Excellent,No,0,Travel_Frequently,3,Near (1-5),4,Medical,1,12,1,3
338,33,26-35,Female,Married,Research & Development,Research Scientist,1,Junior,2911,2.91,34932,Low (<3K),No,0,1.117,2,0-2 yrs,2,0,Just Promoted,2,1,2,2,4,Very High,3,High,2,Good,3,Excellent,No,0,Travel_Rarely,5,Near (1-5),4,Life Sciences,1,13,3,2
339,34,26-35,Male,Married,Research & Development,Manufacturing Director,2,Mid-Level,5957,5.96,71484,Medium (3-6K),No,0,1.54,11,11-20 yrs,9,5,3-5 yrs,9,6,13,3,1,Low,4,Very High,3,Better,3,Excellent,No,0,Travel_Rarely,2,Near (1-5),4,Life Sciences,1,13,2,2
340,37,36-45,Female,Married,Research & Development,Research Scientist,1,Junior,3920,3.92,47040,Medium (3-6K),No,0,1.853,3,3-5 yrs,1,0,Just Promoted,2,2,17,2,1,Low,3,High,2,Good,3,Excellent,No,0,Travel_Rarely,1,Near (1-5),2,Medical,1,14,1,2
341,45,36-45,Male,Married,Research & Development,Manufacturing Director,2,Mid-Level,6434,6.43,77208,High (6-10K),No,0,1.624,3,3-5 yrs,2,0,Just Promoted,2,4,9,1,3,High,1,Low,3,Better,3,Excellent,No,0,Travel_Frequently,7,Medium (6-15),4,Life Sciences,1,17,4,4
342,37,36-45,Male,Divorced,Research & Development,Manufacturing Director,3,Senior,10048,10.05,120576,Very High (10K+),Yes,1,1.634,1,0-2 yrs,0,0,Just Promoted,0,6,17,5,3,High,1,Low,3,Better,3,Excellent,No,0,Travel_Frequently,10,Medium (6-15),3,Medical,2,11,2,3
343,39,36-45,Female,Single,Research & Development,Healthcare Representative,3,Senior,10938,10.94,131256,Very High (10K+),No,0,1.28,19,11-20 yrs,6,11,5+ yrs,8,0,20,1,3,High,3,High,3,Better,4,Outstanding,No,0,Travel_Frequently,2,Near (1-5),4,Technical Degree,0,25,4,3
346,29,26-35,Male,Single,Research & Development,Research Scientist,1,Junior,2340,2.34,28080,Low (<3K),No,0,1.008,6,6-10 yrs,5,1,1-2 yrs,5,1,6,1,4,Very High,3,High,3,Better,3,Excellent,No,0,Travel_Rarely,15,Medium (6-15),3,Life Sciences,0,19,1,3
347,42,36-45,Female,Single,Research & Development,Research Scientist,2,Mid-Level,6545,6.54,78540,High (6-10K),No,0,1.759,3,3-5 yrs,2,0,Just Promoted,2,3,10,1,1,Low,4,Very High,3,Better,3,Excellent,Yes,1,Travel_Rarely,17,Far (16+),2,Life Sciences,0,13,3,4
349,29,26-35,Male,Divorced,Sales,Sales Executive,2,Mid-Level,6931,6.93,83172,High (6-10K),No,0,0.819,3,3-5 yrs,2,0,Just Promoted,2,2,10,2,4,Very High,4,Very High,3,Better,3,Excellent,No,0,Travel_Rarely,20,Far (16+),2,Marketing,1,14,4,3
350,25,18-25,Female,Married,Research & Development,Manufacturing Director,2,Mid-Level,4898,4.9,58776,Medium (3-6K),No,0,1.61,4,3-5 yrs,2,1,1-2 yrs,2,0,5,3,3,High,1,Low,3,Better,3,Excellent,No,0,Travel_Rarely,1,Near (1-5),3,Life Sciences,2,12,4,3
351,42,36-45,Female,Divorced,Research & Development,Laboratory Technician,1,Junior,2593,2.59,31116,Low (<3K),No,0,1.754,9,6-10 yrs,6,7,5+ yrs,8,0,10,4,1,Low,4,Very High,3,Better,3,Excellent,Yes,1,Travel_Rarely,2,Near (1-5),3,Medical,1,11,3,2
352,40,36-45,Male,Divorced,Research & Development,Research Director,5,Director,19436,19.44,233232,Very High (10K+),No,0,1.627,21,20+ yrs,7,3,3-5 yrs,9,0,22,5,3,High,1,Low,3,Better,3,Excellent,No,0,Travel_Rarely,2,Near (1-5),2,Medical,1,19,4,3
353,51,46-55,Male,Married,Research & Development,Research Scientist,1,Junior,2723,2.72,32676,Low (<3K),No,0,1.103,1,0-2 yrs,0,0,Just Promoted,0,1,1,0,4,Very High,3,High,2,Good,3,Excellent,No,0,Travel_Rarely,1,Near (1-5),3,Life Sciences,0,11,2,3
355,31,26-35,Male,Single,Research & Development,Laboratory Technician,1,Junior,3479,3.48,41748,Medium (3-6K),Yes,1,1.407,5,3-5 yrs,4,1,1-2 yrs,4,0,6,2,2,Medium,3,High,4,Best,3,Excellent,No,0,Travel_Frequently,29,Far (16+),2,Medical,0,11,2,2
359,32,26-35,Male,Married,Research & Development,Laboratory Technician,1,Junior,2794,2.79,33528,Low (<3K),No,0,1.974,5,3-5 yrs,1,0,Just Promoted,3,1,5,3,2,Medium,2,Medium,1,Bad,4,Outstanding,No,0,Travel_Frequently,7,Medium (6-15),3,Life Sciences,0,20,3,4
361,38,36-45,Male,Married,Sales,Sales Executive,2,Mid-Level,5249,5.25,62988,Medium (3-6K),No,0,0.804,8,6-10 yrs,7,7,5+ yrs,5,3,13,0,4,Very High,4,Very High,3,Better,3,Excellent,No,0,Non-Travel,2,Near (1-5),2,Life Sciences,1,18,4,2
362,32,26-35,Male,Single,Research & Development,Laboratory Technician,2,Mid-Level,2176,2.18,26112,Low (<3K),No,0,1.507,6,6-10 yrs,2,0,Just Promoted,4,4,9,5,1,Low,4,Very High,3,Better,3,Excellent,No,0,Travel_Rarely,2,Near (1-5),1,Technical Degree,0,13,4,2
363,46,46-55,Female,Married,Sales,Manager,4,Lead,16872,16.87,202464,Very High (10K+),No,0,1.854,7,6-10 yrs,7,7,5+ yrs,7,3,28,2,2,Medium,3,High,2,Good,3,Excellent,Yes,1,Travel_Rarely,2,Near (1-5),3,Technical Degree,1,12,2,1
364,28,26-35,Male,Single,Research & Development,Laboratory Technician,1,Junior,3485,3.48,41820,Medium (3-6K),Yes,1,1.907,0,0-2 yrs,0,0,Just Promoted,0,2,5,5,3,High,1,Low,1,Bad,3,Excellent,No,0,Travel_Rarely,2,Near (1-5),4,Life Sciences,0,11,3,3
366,29,26-35,Male,Married,Sales,Sales Executive,2,Mid-Level,6644,6.64,79728,High (6-10K),No,0,1.857,0,0-2 yrs,0,0,Just Promoted,0,2,10,2,2,Medium,1,Low,3,Better,3,Excellent,No,0,Travel_Rarely,2,Near (1-5),3,Medical,2,19,2,2
367,31,26-35,Male,Married,Research & Development,Healthcare Representative,2,Mid-Level,5582,5.58,66984,Medium (3-6K),No,0,1.276,9,6-10 yrs,0,7,5+ yrs,8,0,10,2,4,Very High,2,Medium,3,Better,4,Outstanding,No,0,Travel_Rarely,23,Far (16+),3,Medical,1,21,2,2
369,25,18-25,Male,Divorced,Research & Development,Healthcare Representative,2,Mid-Level,4000,4.0,48000,Medium (3-6K),No,0,1.924,6,6-10 yrs,3,1,1-2 yrs,5,1,6,2,1,Low,2,Medium,3,Better,3,Excellent,No,0,Non-Travel,5,Near (1-5),2,Life Sciences,2,12,4,4
372,45,36-45,Male,Married,Research & Development,Healthcare Representative,4,Lead,13496,13.5,161952,Very High (10K+),No,0,1.246,20,11-20 yrs,7,4,3-5 yrs,10,0,21,2,4,Very High,3,High,3,Better,3,Excellent,Yes,1,Travel_Rarely,20,Far (16+),2,Medical,0,14,2,3
373,36,36-45,Male,Married,Research & Development,Laboratory Technician,1,Junior,3210,3.21,38520,Medium (3-6K),No,0,0.837,15,11-20 yrs,13,10,5+ yrs,11,0,16,4,4,Very High,4,Very High,3,Better,3,Excellent,No,0,Travel_Rarely,6,Medium (6-15),3,Life Sciences,1,11,3,3
374,55,46-55,Male,Single,Research & Development,Manager,5,Director,19045,19.05,228540,Very High (10K+),No,0,1.73,36,20+ yrs,10,4,3-5 yrs,13,0,37,2,1,Low,4,Very High,3,Better,3,Excellent,Yes,1,Travel_Rarely,1,Near (1-5),3,Medical,0,14,3,3
376,47,46-55,Male,Married,Research & Development,Manager,3,Senior,11849,11.85,142188,Very High (10K+),Yes,1,2.36,10,6-10 yrs,7,9,5+ yrs,9,1,10,2,2,Medium,1,Low,2,Good,3,Excellent,Yes,1,Non-Travel,29,Far (16+),4,Life Sciences,1,12,4,3
377,28,26-35,Male,Married,Research & Development,Research Scientist,1,Junior,2070,2.07,24840,Low (<3K),No,0,0.931,5,3-5 yrs,2,0,Just Promoted,4,1,5,3,4,Very High,4,Very High,2,Good,4,Outstanding,No,0,Travel_Rarely,9,Medium (6-15),3,Medical,1,23,4,3
378,37,36-45,Male,Married,Sales,Sales Executive,2,Mid-Level,6502,6.5,78024,High (6-10K),No,0,0.821,5,3-5 yrs,4,0,Just Promoted,1,4,7,5,4,Very High,3,High,4,Best,3,Excellent,No,0,Travel_Rarely,6,Medium (6-15),4,Medical,1,14,2,3
379,21,18-25,Male,Single,Research & Development,Research Scientist,1,Junior,3230,3.23,38760,Medium (3-6K),No,0,0.867,3,3-5 yrs,2,1,1-2 yrs,0,1,3,4,3,High,4,Very High,4,Best,3,Excellent,No,0,Travel_Rarely,3,Near (1-5),2,Medical,0,17,1,2
380,37,36-45,Female,Divorced,Research & Development,Research Director,3,Senior,13603,13.6,163236,Very High (10K+),No,0,1.553,5,3-5 yrs,2,0,Just Promoted,2,2,15,2,4,Very High,1,Low,3,Better,3,Excellent,Yes,1,Non-Travel,1,Near (1-5),4,Medical,2,18,1,3
381,35,26-35,Female,Divorced,Research & Development,Manager,3,Senior,11996,12.0,143952,Very High (10K+),No,0,1.916,7,6-10 yrs,7,6,5+ yrs,2,7,10,6,2,Medium,2,Medium,2,Good,3,Excellent,No,0,Travel_Rarely,22,Far (16+),3,Life Sciences,1,18,2,4
382,38,36-45,Female,Divorced,Sales,Sales Executive,2,Mid-Level,5605,5.6,67260,Medium (3-6K),No,0,2.371,8,6-10 yrs,0,7,5+ yrs,7,1,8,3,1,Low,1,Low,3,Better,4,Outstanding,Yes,1,Travel_Rarely,7,Medium (6-15),2,Medical,1,24,3,4
384,26,26-35,Female,Divorced,Research & Development,Manufacturing Director,2,Mid-Level,6397,6.4,76764,High (6-10K),No,0,1.76,6,6-10 yrs,5,1,1-2 yrs,4,1,6,6,2,Medium,3,High,1,Bad,4,Outstanding,No,0,Travel_Frequently,1,Near (1-5),3,Life Sciences,1,20,1,3
385,50,46-55,Male,Divorced,Research & Development,Research Director,5,Director,19144,19.14,229728,Very High (10K+),No,0,2.02,10,6-10 yrs,4,1,1-2 yrs,6,3,28,4,2,Medium,1,Low,2,Good,3,Excellent,No,0,Travel_Rarely,4,Near (1-5),1,Life Sciences,2,14,1,3
386,53,46-55,Male,Married,Research & Development,Research Director,4,Lead,17584,17.58,211008,Very High (10K+),No,0,1.567,5,3-5 yrs,3,1,1-2 yrs,3,3,21,5,3,High,3,High,2,Good,3,Excellent,Yes,1,Travel_Rarely,3,Near (1-5),4,Medical,3,16,4,3
387,42,36-45,Male,Married,Sales,Sales Executive,2,Mid-Level,4907,4.91,58884,Medium (3-6K),No,0,1.477,20,11-20 yrs,16,11,5+ yrs,6,1,20,3,3,High,2,Medium,3,Better,4,Outstanding,No,0,Travel_Rarely,1,Near (1-5),1,Life Sciences,0,25,3,3
388,29,26-35,Male,Single,Sales,Sales Executive,2,Mid-Level,4554,4.55,54648,Medium (3-6K),No,0,1.307,10,6-10 yrs,7,0,Just Promoted,9,1,10,3,4,Very High,2,Medium,2,Good,3,Excellent,No,0,Travel_Frequently,2,Near (1-5),2,Life Sciences,0,18,1,3
389,55,46-55,Male,Married,Research & Development,Laboratory Technician,2,Mid-Level,5415,5.42,64980,Medium (3-6K),No,0,1.419,10,6-10 yrs,7,0,Just Promoted,8,3,12,4,4,Very High,2,Medium,3,Better,3,Excellent,Yes,1,Travel_Rarely,20,Far (16+),2,Technical Degree,1,19,4,3
390,26,26-35,Male,Married,Research & Development,Healthcare Representative,2,Mid-Level,4741,4.74,56892,Medium (3-6K),No,0,2.358,5,3-5 yrs,3,3,3-5 yrs,3,1,5,3,1,Low,1,Low,3,Better,3,Excellent,Yes,1,Travel_Frequently,11,Medium (6-15),2,Medical,1,13,3,3
391,37,36-45,Female,Single,Research & Development,Research Scientist,1,Junior,2115,2.12,25380,Low (<3K),No,0,0.787,17,11-20 yrs,12,5,3-5 yrs,7,1,17,3,4,Very High,4,Very High,3,Better,3,Excellent,No,0,Travel_Rarely,1,Near (1-5),3,Life Sciences,0,12,2,3
392,44,36-45,Male,Divorced,Research & Development,Laboratory Technician,1,Junior,3161,3.16,37932,Medium (3-6K),Yes,1,1.583,1,0-2 yrs,0,0,Just Promoted,0,3,19,0,3,High,4,Very High,1,Bad,4,Outstanding,Yes,1,Travel_Frequently,24,Far (16+),3,Life Sciences,1,22,4,3
393,38,36-45,Male,Divorced,Research & Development,Healthcare Representative,2,Mid-Level,5745,5.74,68940,Medium (3-6K),No,0,0.836,2,0-2 yrs,2,1,1-2 yrs,2,9,10,2,4,Very High,4,Very High,3,Better,3,Excellent,No,0,Travel_Rarely,23,Far (16+),4,Life Sciences,1,14,2,3
394,26,26-35,Male,Divorced,Research & Development,Laboratory Technician,1,Junior,2373,2.37,28476,Low (<3K),Yes,1,2.105,3,3-5 yrs,2,0,Just Promoted,2,2,5,2,2,Medium,1,Low,3,Better,3,Excellent,Yes,1,Travel_Rarely,16,Far (16+),4,Medical,1,13,4,3
395,28,26-35,Female,Single,Research & Development,Research Scientist,1,Junior,3310,3.31,39720,Medium (3-6K),No,0,0.778,5,3-5 yrs,3,0,Just Promoted,2,1,5,3,4,Very High,4,Very High,3,Better,4,Outstanding,No,0,Travel_Rarely,8,Medium (6-15),2,Life Sciences,0,21,4,3
396,49,46-55,Female,Single,Research & Development,Research Director,5,Director,18665,18.66,223980,Very High (10K+),No,0,1.941,3,3-5 yrs,2,1,1-2 yrs,2,9,22,4,1,Low,3,High,3,Better,3,Excellent,Yes,1,Travel_Frequently,10,Medium (6-15),4,Life Sciences,0,11,4,3
397,36,36-45,Male,Single,Research & Development,Research Scientist,2,Mid-Level,4485,4.49,53820,Medium (3-6K),No,0,1.507,8,6-10 yrs,0,7,5+ yrs,7,4,10,2,2,Medium,3,High,3,Better,3,Excellent,No,0,Travel_Rarely,3,Near (1-5),3,Technical Degree,0,12,4,3
399,31,26-35,Female,Divorced,Sales,Sales Representative,1,Junior,2789,2.79,33468,Low (<3K),No,0,1.431,2,0-2 yrs,2,2,1-2 yrs,2,1,2,5,2,Medium,4,Very High,2,Good,3,Excellent,No,0,Travel_Frequently,5,Near (1-5),3,Marketing,1,11,3,3
401,26,26-35,Male,Single,Sales,Sales Executive,2,Mid-Level,5828,5.83,69936,Medium (3-6K),Yes,1,1.01,8,6-10 yrs,7,7,5+ yrs,4,1,8,0,4,Very High,4,Very High,3,Better,3,Excellent,Yes,1,Travel_Rarely,4,Near (1-5),4,Marketing,0,12,2,2
403,37,36-45,Male,Married,Research & Development,Research Scientist,1,Junior,2326,2.33,27912,Low (<3K),No,0,1.538,4,3-5 yrs,2,1,1-2 yrs,2,1,4,3,4,Very High,2,Medium,2,Good,3,Excellent,Yes,1,Travel_Frequently,9,Medium (6-15),3,Medical,3,12,3,3
404,42,36-45,Female,Married,Sales,Sales Executive,4,Lead,13525,13.52,162300,Very High (10K+),No,0,1.416,20,11-20 yrs,4,4,3-5 yrs,8,5,23,2,2,Medium,3,High,4,Best,3,Excellent,No,0,Travel_Frequently,26,Far (16+),3,Marketing,1,14,4,3
405,18,18-25,Male,Single,Research & Development,Laboratory Technician,1,Junior,1420,1.42,17040,Low (<3K),Yes,1,1.21,0,0-2 yrs,0,0,Just Promoted,0,1,0,2,3,High,3,High,3,Better,3,Excellent,No,0,Travel_Rarely,3,Near (1-5),3,Life Sciences,0,13,3,3
406,35,26-35,Male,Married,Sales,Sales Executive,3,Senior,8020,8.02,96240,High (6-10K),No,0,1.695,11,11-20 yrs,9,6,5+ yrs,9,0,12,3,2,Medium,3,High,2,Good,3,Excellent,No,0,Travel_Rarely,16,Far (16+),3,Marketing,2,15,3,3
407,36,36-45,Male,Married,Research & Development,Laboratory Technician,1,Junior,3688,3.69,44256,Medium (3-6K),No,0,1.012,1,0-2 yrs,0,0,Just Promoted,0,4,4,2,4,Very High,3,High,3,Better,3,Excellent,No,0,Travel_Frequently,18,Far (16+),4,Life Sciences,2,18,4,4
408,51,46-55,Male,Divorced,Research & Development,Manufacturing Director,2,Mid-Level,5482,5.48,65784,Medium (3-6K),No,0,1.264,4,3-5 yrs,1,1,1-2 yrs,2,5,13,3,2,Medium,4,Very High,3,Better,3,Excellent,No,0,Travel_Rarely,2,Near (1-5),3,Medical,1,18,4,1
410,41,36-45,Male,Single,Sales,Manager,4,Lead,16015,16.02,192180,Very High (10K+),No,0,1.257,22,20+ yrs,10,0,Just Promoted,4,1,22,2,2,Medium,4,Very High,3,Better,3,Excellent,No,0,Travel_Rarely,2,Near (1-5),4,Life Sciences,0,19,2,3
411,18,18-25,Female,Single,Sales,Sales Representative,1,Junior,1200,1.2,14400,Low (<3K),No,0,1.034,0,0-2 yrs,0,0,Just Promoted,0,1,0,2,3,High,4,Very High,3,Better,3,Excellent,No,0,Travel_Rarely,10,Medium (6-15),3,Medical,0,12,1,2
412,28,26-35,Male,Single,Research & Development,Healthcare Representative,2,Mid-Level,5661,5.66,67932,Medium (3-6K),No,0,1.955,8,6-10 yrs,3,0,Just Promoted,7,0,9,2,1,Low,2,Medium,3,Better,3,Excellent,No,0,Travel_Rarely,16,Far (16+),2,Medical,0,19,3,4
416,31,26-35,Male,Married,Sales,Sales Executive,2,Mid-Level,6929,6.93,83148,High (6-10K),No,0,1.371,8,6-10 yrs,7,7,5+ yrs,7,4,10,3,4,Very High,2,Medium,2,Good,3,Excellent,No,0,Travel_Rarely,7,Medium (6-15),3,Technical Degree,1,11,2,4
417,39,36-45,Male,Divorced,Research & Development,Healthcare Representative,3,Senior,9613,9.61,115356,High (6-10K),No,0,1.123,18,11-20 yrs,10,3,3-5 yrs,7,0,19,5,4,Very High,3,High,2,Good,3,Excellent,No,0,Travel_Rarely,1,Near (1-5),3,Medical,3,17,1,4
419,36,36-45,Female,Married,Research & Development,Laboratory Technician,2,Mid-Level,5674,5.67,68088,Medium (3-6K),No,0,1.733,9,6-10 yrs,8,0,Just Promoted,8,7,11,3,2,Medium,2,Medium,3,Better,3,Excellent,No,0,Non-Travel,24,Far (16+),4,Life Sciences,1,15,3,3
420,32,26-35,Male,Married,Sales,Sales Executive,2,Mid-Level,5484,5.48,65808,Medium (3-6K),No,0,1.201,13,11-20 yrs,8,4,3-5 yrs,8,1,13,3,3,High,4,Very High,2,Good,3,Excellent,No,0,Travel_Rarely,7,Medium (6-15),3,Life Sciences,1,14,3,2
421,38,36-45,Female,Married,Research & Development,Research Director,3,Senior,12061,12.06,144732,Very High (10K+),No,0,1.936,10,6-10 yrs,8,0,Just Promoted,1,3,19,2,2,Medium,1,Low,3,Better,3,Excellent,No,0,Travel_Rarely,25,Far (16+),2,Life Sciences,1,17,3,2
422,58,55+,Male,Divorced,Research & Development,Healthcare Representative,2,Mid-Level,5660,5.66,67920,Medium (3-6K),No,0,1.21,5,3-5 yrs,3,1,1-2 yrs,2,2,12,2,3,High,4,Very High,3,Better,3,Excellent,Yes,1,Non-Travel,1,Near (1-5),4,Life Sciences,1,13,4,1
423,31,26-35,Male,Married,Research & Development,Research Scientist,1,Junior,4821,4.82,57852,Medium (3-6K),No,0,1.167,5,3-5 yrs,2,0,Just Promoted,3,0,6,4,4,Very High,3,High,3,Better,3,Excellent,Yes,1,Travel_Rarely,5,Near (1-5),4,Technical Degree,1,12,3,3
424,31,26-35,Male,Married,Human Resources,Human Resources,2,Mid-Level,6410,6.41,76920,High (6-10K),No,0,2.114,2,0-2 yrs,2,1,1-2 yrs,0,3,9,1,1,Low,1,Low,3,Better,3,Excellent,No,0,Travel_Rarely,2,Near (1-5),3,Human Resources,0,12,4,2
425,45,36-45,Male,Divorced,Research & Development,Laboratory Technician,3,Senior,5210,5.21,62520,Medium (3-6K),No,0,2.184,24,20+ yrs,9,9,5+ yrs,11,1,24,2,1,Low,1,Low,3,Better,3,Excellent,No,0,Travel_Frequently,7,Medium (6-15),3,Life Sciences,1,18,1,3
426,31,26-35,Male,Divorced,Research & Development,Research Scientist,1,Junior,2695,2.7,32340,Low (<3K),No,0,1.47,2,0-2 yrs,2,2,1-2 yrs,2,0,3,2,4,Very High,3,High,1,Bad,3,Excellent,Yes,1,Travel_Rarely,2,Near (1-5),4,Life Sciences,1,18,2,3
428,33,26-35,Female,Married,Research & Development,Manager,3,Senior,11878,11.88,142536,Very High (10K+),No,0,1.321,10,6-10 yrs,6,8,5+ yrs,8,6,12,2,2,Medium,4,Very High,3,Better,3,Excellent,No,0,Travel_Frequently,5,Near (1-5),4,Life Sciences,2,11,2,3
429,39,36-45,Male,Married,Research & Development,Manager,4,Lead,17068,17.07,204816,Very High (10K+),No,0,2.008,21,20+ yrs,9,11,5+ yrs,10,1,21,3,1,Low,3,High,3,Better,3,Excellent,Yes,1,Travel_Rarely,10,Medium (6-15),1,Medical,0,14,4,3
430,43,36-45,Female,Single,Research & Development,Laboratory Technician,1,Junior,2455,2.46,29460,Low (<3K),No,0,0.991,8,6-10 yrs,7,1,1-2 yrs,7,0,9,5,4,Very High,3,High,3,Better,3,Excellent,No,0,Travel_Frequently,10,Medium (6-15),4,Life Sciences,0,19,1,3
431,49,46-55,Female,Single,Research & Development,Healthcare Representative,4,Lead,13964,13.96,167568,Very High (10K+),No,0,1.403,7,6-10 yrs,1,0,Just Promoted,7,7,25,2,3,High,3,High,3,Better,3,Excellent,Yes,1,Travel_Rarely,1,Near (1-5),2,Technical Degree,0,12,4,2
433,52,46-55,Male,Married,Research & Development,Research Scientist,2,Mid-Level,4941,4.94,59292,Medium (3-6K),Yes,1,1.674,8,6-10 yrs,2,7,5+ yrs,7,2,11,3,2,Medium,3,High,2,Good,3,Excellent,No,0,Travel_Rarely,8,Medium (6-15),4,Medical,0,15,1,2
434,27,26-35,Female,Single,Research & Development,Research Scientist,1,Junior,2478,2.48,29736,Low (<3K),No,0,1.824,4,3-5 yrs,3,1,1-2 yrs,2,1,4,2,2,Medium,3,High,2,Good,3,Excellent,Yes,1,Travel_Rarely,5,Near (1-5),3,Life Sciences,0,12,2,3
436,32,26-35,Female,Married,Sales,Sales Executive,2,Mid-Level,5228,5.23,62736,Medium (3-6K),No,0,1.751,13,11-20 yrs,12,11,5+ yrs,9,1,13,2,2,Medium,3,High,3,Better,3,Excellent,Yes,1,Travel_Rarely,8,Medium (6-15),2,Technical Degree,0,11,4,2
437,27,26-35,Male,Single,Sales,Sales Executive,2,Mid-Level,4478,4.48,53736,Medium (3-6K),No,0,1.207,5,3-5 yrs,4,0,Just Promoted,4,1,5,3,3,High,4,Very High,3,Better,3,Excellent,Yes,1,Travel_Rarely,2,Near (1-5),3,Life Sciences,0,11,1,3
438,31,26-35,Male,Divorced,Sales,Sales Executive,2,Mid-Level,7547,7.55,90564,High (6-10K),No,0,0.781,7,6-10 yrs,7,1,1-2 yrs,7,4,13,3,4,Very High,4,Very High,3,Better,3,Excellent,No,0,Travel_Rarely,7,Medium (6-15),3,Marketing,3,12,4,3
439,32,26-35,Female,Single,Research & Development,Research Scientist,2,Mid-Level,5055,5.06,60660,Medium (3-6K),No,0,1.507,7,6-10 yrs,7,0,Just Promoted,7,7,10,0,4,Very High,1,Low,2,Good,3,Excellent,No,0,Travel_Rarely,2,Near (1-5),4,Medical,0,16,3,4
440,28,26-35,Male,Married,Research & Development,Research Scientist,1,Junior,3464,3.46,41568,Medium (3-6K),Yes,1,1.72,3,3-5 yrs,2,2,1-2 yrs,2,5,5,4,4,Very High,1,Low,2,Good,3,Excellent,Yes,1,Travel_Rarely,2,Near (1-5),4,Medical,0,13,4,1
441,30,26-35,Female,Married,Research & Development,Research Scientist,2,Mid-Level,5775,5.78,69300,Medium (3-6K),No,0,0.853,10,6-10 yrs,8,1,1-2 yrs,9,1,11,2,4,Very High,4,Very High,3,Better,3,Excellent,No,0,Travel_Rarely,28,Far (16+),2,Medical,2,13,4,3
442,31,26-35,Female,Married,Research & Development,Manufacturing Director,3,Senior,8943,8.94,107316,High (6-10K),No,0,1.277,10,6-10 yrs,9,8,5+ yrs,9,1,10,2,3,High,3,High,3,Better,4,Outstanding,No,0,Travel_Frequently,7,Medium (6-15),2,Life Sciences,1,24,1,2
444,39,36-45,Male,Married,Research & Development,Manager,5,Director,19272,19.27,231264,Very High (10K+),No,0,1.061,21,20+ yrs,9,13,5+ yrs,3,1,21,2,4,Very High,3,High,3,Better,3,Excellent,No,0,Travel_Frequently,7,Medium (6-15),2,Medical,1,15,1,2
445,39,36-45,Female,Married,Sales,Sales Executive,2,Mid-Level,5238,5.24,62856,Medium (3-6K),Yes,1,1.36,1,0-2 yrs,0,0,Just Promoted,0,4,12,3,3,High,4,Very High,2,Good,3,Excellent,Yes,1,Travel_Rarely,3,Near (1-5),2,Medical,0,18,1,3
446,33,26-35,Male,Single,Sales,Sales Executive,2,Mid-Level,4682,4.68,56184,Medium (3-6K),No,0,1.334,7,6-10 yrs,7,0,Just Promoted,1,3,9,6,4,Very High,2,Medium,2,Good,3,Excellent,No,0,Travel_Frequently,10,Medium (6-15),3,Marketing,0,14,3,2
447,47,46-55,Male,Married,Research & Development,Research Director,5,Director,18300,18.3,219600,Very High (10K+),No,0,1.024,3,3-5 yrs,2,1,1-2 yrs,1,4,21,2,3,High,4,Very High,3,Better,3,Excellent,No,0,Travel_Rarely,5,Near (1-5),5,Life Sciences,1,11,2,3
448,43,36-45,Female,Divorced,Research & Development,Laboratory Technician,2,Mid-Level,5257,5.26,63084,Medium (3-6K),No,0,1.084,9,6-10 yrs,7,0,Just Promoted,0,1,9,3,3,High,3,High,4,Best,3,Excellent,No,0,Travel_Frequently,10,Medium (6-15),4,Life Sciences,1,11,2,2
449,27,26-35,Male,Married,Sales,Sales Executive,2,Mid-Level,6349,6.35,76188,High (6-10K),No,0,1.66,5,3-5 yrs,4,1,1-2 yrs,4,0,6,0,2,Medium,3,High,3,Better,3,Excellent,Yes,1,Non-Travel,1,Near (1-5),1,Marketing,1,13,4,3
450,54,46-55,Female,Single,Research & Development,Research Scientist,2,Mid-Level,4869,4.87,58428,Medium (3-6K),No,0,1.219,4,3-5 yrs,3,0,Just Promoted,3,3,20,4,3,High,4,Very High,2,Good,3,Excellent,No,0,Travel_Frequently,20,Far (16+),4,Life Sciences,0,12,4,3
451,43,36-45,Female,Married,Research & Development,Healthcare Representative,3,Senior,9985,9.98,119820,High (6-10K),No,0,1.874,1,0-2 yrs,0,0,Just Promoted,0,8,10,1,1,Low,3,High,2,Good,3,Excellent,No,0,Travel_Rarely,7,Medium (6-15),3,Life Sciences,1,16,1,3
452,45,36-45,Male,Married,Research & Development,Research Scientist,2,Mid-Level,3697,3.7,44364,Medium (3-6K),No,0,0.838,10,6-10 yrs,9,9,5+ yrs,8,9,12,3,4,Very High,4,Very High,3,Better,3,Excellent,No,0,Travel_Rarely,8,Medium (6-15),4,Other,2,14,1,3
453,40,36-45,Male,Married,Sales,Sales Executive,2,Mid-Level,7457,7.46,89484,High (6-10K),No,0,1.503,4,3-5 yrs,3,0,Just Promoted,2,2,6,2,4,Very High,2,Medium,2,Good,4,Outstanding,Yes,1,Travel_Rarely,1,Near (1-5),2,Medical,3,22,3,1
454,29,26-35,Male,Married,Research & Development,Laboratory Technician,1,Junior,2119,2.12,25428,Low (<3K),Yes,1,2.278,7,6-10 yrs,7,0,Just Promoted,7,1,7,4,1,Low,2,Medium,2,Good,3,Excellent,Yes,1,Travel_Rarely,8,Medium (6-15),4,Other,0,11,4,1
455,29,26-35,Male,Single,Research & Development,Laboratory Technician,1,Junior,3983,3.98,47796,Medium (3-6K),No,0,1.194,3,3-5 yrs,2,2,1-2 yrs,2,0,4,2,4,Very High,2,Medium,3,Better,3,Excellent,No,0,Travel_Rarely,9,Medium (6-15),5,Other,0,17,3,2
456,30,26-35,Female,Divorced,Sales,Sales Executive,2,Mid-Level,6118,6.12,73416,High (6-10K),No,0,1.024,10,6-10 yrs,9,1,1-2 yrs,2,1,10,2,3,High,4,Very High,3,Better,3,Excellent,No,0,Travel_Rarely,5,Near (1-5),3,Marketing,3,13,3,2
458,27,26-35,Female,Married,Sales,Sales Executive,2,Mid-Level,6214,6.21,74568,High (6-10K),No,0,1.678,8,6-10 yrs,7,0,Just Promoted,7,1,8,3,2,Medium,2,Medium,3,Better,3,Excellent,No,0,Travel_Rarely,8,Medium (6-15),4,Marketing,1,18,1,3
460,37,36-45,Male,Divorced,Research & Development,Manufacturing Director,2,Mid-Level,6347,6.35,76164,High (6-10K),No,0,0.917,6,6-10 yrs,2,0,Just Promoted,4,7,8,2,4,Very High,4,Very High,2,Good,3,Excellent,No,0,Travel_Rarely,5,Near (1-5),2,Medical,2,16,3,3
461,38,36-45,Male,Divorced,Research & Development,Research Director,3,Senior,11510,11.51,138120,Very High (10K+),No,0,1.215,11,11-20 yrs,10,2,1-2 yrs,9,0,12,3,4,Very High,3,High,3,Better,3,Excellent,Yes,1,Travel_Rarely,15,Medium (6-15),2,Life Sciences,1,14,2,2
462,31,26-35,Female,Single,Research & Development,Manufacturing Director,3,Senior,7143,7.14,85716,High (6-10K),No,0,1.351,11,11-20 yrs,9,4,3-5 yrs,10,1,11,2,4,Very High,3,High,2,Good,3,Excellent,Yes,1,Travel_Rarely,7,Medium (6-15),4,Medical,0,14,3,3
463,29,26-35,Female,Divorced,Sales,Sales Executive,2,Mid-Level,8268,8.27,99216,High (6-10K),No,0,1.491,7,6-10 yrs,7,1,1-2 yrs,7,1,7,2,2,Medium,4,Very High,3,Better,3,Excellent,Yes,1,Travel_Rarely,10,Medium (6-15),1,Marketing,2,14,1,2
464,35,26-35,Male,Single,Research & Development,Manufacturing Director,3,Senior,8095,8.1,97140,High (6-10K),No,0,1.467,16,11-20 yrs,6,0,Just Promoted,13,0,17,5,2,Medium,3,High,3,Better,3,Excellent,No,0,Travel_Rarely,5,Near (1-5),4,Technical Degree,0,13,4,3
465,23,18-25,Male,Divorced,Research & Development,Research Scientist,1,Junior,2904,2.9,34848,Low (<3K),No,0,1.19,4,3-5 yrs,2,0,Just Promoted,2,1,4,2,4,Very High,3,High,2,Good,3,Excellent,No,0,Travel_Rarely,26,Far (16+),1,Life Sciences,2,12,3,3
466,41,36-45,Male,Single,Research & Development,Manufacturing Director,2,Mid-Level,6032,6.03,72384,High (6-10K),No,0,1.477,5,3-5 yrs,4,1,1-2 yrs,2,6,8,3,2,Medium,4,Very High,3,Better,3,Excellent,Yes,1,Travel_Rarely,6,Medium (6-15),3,Medical,0,15,4,2
467,47,46-55,Male,Single,Sales,Sales Representative,2,Mid-Level,2976,2.98,35712,Low (<3K),No,0,1.414,0,0-2 yrs,0,0,Just Promoted,0,3,5,3,3,High,2,Medium,3,Better,3,Excellent,No,0,Travel_Frequently,4,Near (1-5),1,Medical,0,19,1,3
468,42,36-45,Female,Single,Research & Development,Research Director,4,Lead,15992,15.99,191904,Very High (10K+),No,0,1.429,1,0-2 yrs,0,0,Just Promoted,0,2,16,2,4,Very High,1,Low,3,Better,3,Excellent,No,0,Travel_Rarely,23,Far (16+),5,Life Sciences,0,14,2,3
469,29,26-35,Male,Married,Sales,Sales Executive,2,Mid-Level,4649,4.65,55788,Medium (3-6K),No,0,1.157,4,3-5 yrs,3,0,Just Promoted,2,1,4,3,3,High,4,Very High,2,Good,3,Excellent,No,0,Non-Travel,2,Near (1-5),3,Life Sciences,1,14,1,3
470,42,36-45,Male,Divorced,Human Resources,Human Resources,1,Junior,2696,2.7,32352,Low (<3K),No,0,1.414,3,3-5 yrs,2,1,1-2 yrs,0,0,4,5,3,High,3,High,3,Better,3,Excellent,Yes,1,Travel_Rarely,2,Near (1-5),1,Technical Degree,1,11,3,3
471,32,26-35,Female,Married,Research & Development,Laboratory Technician,1,Junior,2370,2.37,28440,Low (<3K),No,0,1.457,8,6-10 yrs,0,0,Just Promoted,7,1,8,4,2,Medium,3,High,3,Better,3,Excellent,No,0,Travel_Rarely,2,Near (1-5),3,Medical,1,13,3,3
473,48,46-55,Female,Married,Sales,Manager,3,Senior,12504,12.5,150048,Very High (10K+),No,0,2.0,0,0-2 yrs,0,0,Just Promoted,0,3,15,3,3,High,1,Low,1,Bad,4,Outstanding,No,0,Travel_Rarely,29,Far (16+),1,Medical,1,21,2,3
474,37,36-45,Male,Divorced,Research & Development,Research Scientist,2,Mid-Level,5974,5.97,71688,Medium (3-6K),No,0,1.961,7,6-10 yrs,7,6,5+ yrs,7,4,13,2,1,Low,3,High,3,Better,3,Excellent,Yes,1,Travel_Rarely,6,Medium (6-15),3,Medical,2,13,1,4
475,30,26-35,Female,Married,Sales,Sales Executive,2,Mid-Level,4736,4.74,56832,Medium (3-6K),No,0,1.15,2,0-2 yrs,2,2,1-2 yrs,2,7,4,2,3,High,4,Very High,4,Best,3,Excellent,Yes,1,Non-Travel,25,Far (16+),2,Technical Degree,1,12,2,3
476,26,26-35,Male,Married,Sales,Sales Executive,2,Mid-Level,5296,5.3,63552,Medium (3-6K),No,0,1.25,8,6-10 yrs,7,7,5+ yrs,7,1,8,3,3,High,3,High,3,Better,3,Excellent,No,0,Travel_Rarely,1,Near (1-5),3,Life Sciences,1,17,2,3
477,42,36-45,Male,Single,Research & Development,Healthcare Representative,2,Mid-Level,6781,6.78,81372,High (6-10K),No,0,1.357,1,0-2 yrs,0,0,Just Promoted,0,3,14,6,4,Very High,1,Low,3,Better,4,Outstanding,No,0,Travel_Rarely,2,Near (1-5),4,Other,0,23,2,2
478,21,18-25,Female,Single,Sales,Sales Representative,1,Junior,2174,2.17,26088,Low (<3K),Yes,1,2.06,3,3-5 yrs,2,1,1-2 yrs,2,1,3,3,2,Medium,1,Low,3,Better,3,Excellent,Yes,1,Travel_Frequently,1,Near (1-5),1,Technical Degree,0,11,3,2
479,36,36-45,Female,Single,Sales,Sales Executive,2,Mid-Level,6653,6.65,79836,High (6-10K),No,0,0.753,1,0-2 yrs,0,0,Just Promoted,0,4,7,6,4,Very High,4,Very High,3,Better,3,Excellent,No,0,Non-Travel,1,Near (1-5),5,Medical,0,15,2,3
481,36,36-45,Male,Married,Sales,Sales Executive,3,Senior,9699,9.7,116388,High (6-10K),No,0,1.367,13,11-20 yrs,9,1,1-2 yrs,12,4,16,2,4,Very High,1,Low,3,Better,3,Excellent,No,0,Travel_Frequently,3,Near (1-5),4,Medical,1,11,1,2
482,57,55+,Male,Married,Research & Development,Healthcare Representative,2,Mid-Level,6755,6.76,81060,High (6-10K),No,0,1.01,3,3-5 yrs,2,1,1-2 yrs,2,2,15,2,3,High,4,Very High,3,Better,3,Excellent,No,0,Travel_Rarely,1,Near (1-5),4,Medical,0,11,3,3
483,40,36-45,Female,Married,Research & Development,Laboratory Technician,1,Junior,2213,2.21,26556,Low (<3K),No,0,1.241,7,6-10 yrs,7,1,1-2 yrs,7,3,10,3,3,High,4,Very High,3,Better,3,Excellent,Yes,1,Travel_Rarely,10,Medium (6-15),4,Life Sciences,1,13,3,4
484,21,18-25,Male,Single,Sales,Sales Representative,1,Junior,2610,2.61,31320,Low (<3K),No,0,1.544,3,3-5 yrs,2,2,1-2 yrs,2,1,3,3,4,Very High,1,Low,2,Good,4,Outstanding,No,0,Non-Travel,9,Medium (6-15),2,Medical,0,24,3,3
485,33,26-35,Female,Single,Sales,Sales Representative,1,Junior,2851,2.85,34212,Low (<3K),Yes,1,1.217,1,0-2 yrs,0,0,Just Promoted,0,1,1,2,3,High,4,Very High,3,Better,3,Excellent,Yes,1,Travel_Rarely,5,Near (1-5),3,Marketing,0,13,2,3
486,37,36-45,Female,Married,Research & Development,Laboratory Technician,1,Junior,3452,3.45,41424,Medium (3-6K),No,0,1.734,5,3-5 yrs,4,0,Just Promoted,3,6,17,3,1,Low,3,High,3,Better,4,Outstanding,No,0,Travel_Rarely,10,Medium (6-15),3,Medical,1,20,2,3
487,46,46-55,Female,Married,Research & Development,Manufacturing Director,2,Mid-Level,5258,5.26,63096,Medium (3-6K),No,0,1.074,1,0-2 yrs,0,0,Just Promoted,0,2,7,2,3,High,3,High,4,Best,3,Excellent,No,0,Non-Travel,7,Medium (6-15),4,Medical,0,14,3,3
488,41,36-45,Male,Single,Sales,Sales Executive,2,Mid-Level,9355,9.36,112260,High (6-10K),Yes,1,1.91,8,6-10 yrs,7,7,5+ yrs,7,1,8,5,2,Medium,1,Low,3,Better,3,Excellent,No,0,Travel_Frequently,4,Near (1-5),3,Marketing,0,18,3,3
491,50,46-55,Male,Single,Research & Development,Healthcare Representative,3,Senior,10496,10.5,125952,Very High (10K+),No,0,0.791,4,3-5 yrs,3,1,1-2 yrs,3,6,20,2,4,Very High,4,Very High,3,Better,3,Excellent,No,0,Travel_Rarely,10,Medium (6-15),3,Technical Degree,0,15,4,2
492,40,36-45,Male,Married,Sales,Sales Executive,2,Mid-Level,6380,6.38,76560,High (6-10K),Yes,1,1.483,6,6-10 yrs,4,1,1-2 yrs,0,2,8,6,3,High,3,High,3,Better,3,Excellent,Yes,1,Travel_Rarely,22,Far (16+),2,Marketing,2,12,1,2
493,31,26-35,Male,Single,Research & Development,Research Scientist,1,Junior,2657,2.66,31884,Low (<3K),No,0,1.694,2,0-2 yrs,2,2,1-2 yrs,2,0,3,5,2,Medium,3,High,3,Better,3,Excellent,Yes,1,Travel_Rarely,9,Medium (6-15),4,Life Sciences,0,16,4,2
494,21,18-25,Female,Single,Sales,Sales Representative,1,Junior,2716,2.72,32592,Low (<3K),Yes,1,1.491,1,0-2 yrs,0,0,Just Promoted,0,1,1,0,2,Medium,3,High,3,Better,3,Excellent,No,0,Travel_Rarely,12,Medium (6-15),3,Life Sciences,0,15,4,4
495,29,26-35,Male,Single,Research & Development,Research Scientist,1,Junior,2201,2.2,26412,Low (<3K),No,0,0.836,3,3-5 yrs,2,1,1-2 yrs,2,9,6,4,4,Very High,4,Very High,3,Better,3,Excellent,No,0,Travel_Rarely,23,Far (16+),3,Life Sciences,0,16,4,3
496,35,26-35,Male,Single,Research & Development,Healthcare Representative,2,Mid-Level,6540,6.54,78480,High (6-10K),No,0,1.481,1,0-2 yrs,1,0,Just Promoted,0,9,10,5,2,Medium,3,High,3,Better,3,Excellent,No,0,Travel_Rarely,9,Medium (6-15),4,Life Sciences,0,19,3,2
497,27,26-35,Male,Divorced,Research & Development,Laboratory Technician,1,Junior,3816,3.82,45792,Medium (3-6K),No,0,1.253,5,3-5 yrs,2,0,Just Promoted,4,1,5,2,2,Medium,4,Very High,3,Better,3,Excellent,No,0,Travel_Rarely,1,Near (1-5),2,Medical,1,11,2,3
498,28,26-35,Male,Single,Sales,Sales Executive,2,Mid-Level,5253,5.25,63036,Medium (3-6K),No,0,1.181,7,6-10 yrs,5,0,Just Promoted,7,1,7,1,4,Very High,2,Medium,3,Better,3,Excellent,No,0,Travel_Rarely,9,Medium (6-15),4,Life Sciences,0,16,4,3
499,49,46-55,Male,Single,Research & Development,Healthcare Representative,3,Senior,10965,10.96,131580,Very High (10K+),No,0,1.424,5,3-5 yrs,2,0,Just Promoted,0,8,26,2,3,High,2,Medium,3,Better,4,Outstanding,No,0,Travel_Rarely,7,Medium (6-15),3,Other,0,24,3,2
500,51,46-55,Female,Married,Sales,Sales Executive,2,Mid-Level,4936,4.94,59232,Medium (3-6K),No,0,1.148,7,6-10 yrs,7,0,Just Promoted,7,4,18,2,4,Very High,3,High,2,Good,3,Excellent,No,0,Travel_Rarely,14,Medium (6-15),2,Life Sciences,1,11,3,3
501,36,36-45,Female,Married,Research & Development,Research Scientist,1,Junior,2543,2.54,30516,Low (<3K),No,0,1.02,2,0-2 yrs,2,2,1-2 yrs,2,4,6,3,3,High,4,Very High,3,Better,3,Excellent,No,0,Travel_Rarely,2,Near (1-5),3,Life Sciences,1,13,2,3
502,34,26-35,Male,Single,Sales,Sales Executive,2,Mid-Level,5304,5.3,63648,Medium (3-6K),Yes,1,1.766,5,3-5 yrs,2,0,Just Promoted,4,8,9,3,4,Very High,1,Low,2,Good,3,Excellent,Yes,1,Non-Travel,19,Far (16+),3,Marketing,0,13,2,4
505,55,46-55,Female,Single,Research & Development,Manager,4,Lead,16659,16.66,199908,Very High (10K+),No,0,1.164,5,3-5 yrs,4,1,1-2 yrs,2,2,30,2,4,Very High,3,High,3,Better,3,Excellent,Yes,1,Travel_Rarely,2,Near (1-5),3,Life Sciences,0,13,3,3
507,24,18-25,Female,Divorced,Sales,Sales Executive,2,Mid-Level,4260,4.26,51120,Medium (3-6K),No,0,1.084,5,3-5 yrs,2,0,Just Promoted,3,1,5,2,3,High,4,Very High,4,Best,3,Excellent,Yes,1,Travel_Rarely,10,Medium (6-15),4,Marketing,1,12,4,3
508,30,26-35,Male,Married,Sales,Sales Representative,1,Junior,2476,2.48,29712,Low (<3K),No,0,1.457,1,0-2 yrs,0,0,Just Promoted,0,1,1,3,2,Medium,3,High,3,Better,3,Excellent,No,0,Travel_Rarely,2,Near (1-5),1,Technical Degree,1,18,1,3
510,26,26-35,Male,Single,Research & Development,Research Scientist,1,Junior,3102,3.1,37224,Medium (3-6K),Yes,1,1.71,6,6-10 yrs,4,0,Just Promoted,4,0,7,2,1,Low,3,High,3,Better,4,Outstanding,No,0,Travel_Frequently,3,Near (1-5),1,Technical Degree,0,22,3,3
511,22,18-25,Female,Married,Research & Development,Research Scientist,1,Junior,2244,2.24,26928,Low (<3K),No,0,1.895,2,0-2 yrs,1,1,1-2 yrs,2,1,2,1,2,Medium,1,Low,3,Better,3,Excellent,No,0,Travel_Rarely,11,Medium (6-15),3,Medical,1,13,4,3
513,36,36-45,Male,Married,Sales,Sales Executive,3,Senior,7596,7.6,91152,High (6-10K),No,0,1.467,10,6-10 yrs,9,9,5+ yrs,0,1,10,2,3,High,2,Medium,3,Better,3,Excellent,No,0,Travel_Rarely,2,Near (1-5),2,Medical,2,13,2,2
514,30,26-35,Male,Single,Research & Development,Research Scientist,1,Junior,2285,2.28,27420,Low (<3K),Yes,1,1.164,1,0-2 yrs,0,0,Just Promoted,0,9,3,4,4,Very High,3,High,3,Better,4,Outstanding,Yes,1,Travel_Frequently,4,Near (1-5),3,Technical Degree,0,23,3,3
515,37,36-45,Female,Divorced,Research & Development,Laboratory Technician,1,Junior,3034,3.03,36408,Medium (3-6K),No,0,1.778,18,11-20 yrs,7,12,5+ yrs,17,1,18,2,1,Low,4,Very High,2,Good,3,Excellent,No,0,Travel_Rarely,14,Medium (6-15),3,Life Sciences,1,12,3,3
516,40,36-45,Female,Divorced,Sales,Sales Executive,2,Mid-Level,5715,5.72,68580,Medium (3-6K),No,0,1.264,5,3-5 yrs,4,1,1-2 yrs,3,7,8,5,2,Medium,4,Very High,3,Better,3,Excellent,No,0,Travel_Rarely,2,Near (1-5),2,Marketing,2,12,3,3
517,42,36-45,Female,Divorced,Research & Development,Laboratory Technician,1,Junior,2576,2.58,30912,Low (<3K),No,0,1.91,5,3-5 yrs,2,1,1-2 yrs,2,3,8,5,1,Low,2,Medium,3,Better,3,Excellent,No,0,Travel_Rarely,1,Near (1-5),4,Life Sciences,1,16,2,3
518,37,36-45,Male,Single,Research & Development,Manufacturing Director,2,Mid-Level,4197,4.2,50364,Medium (3-6K),No,0,1.834,1,0-2 yrs,0,0,Just Promoted,1,2,18,2,2,Medium,3,High,2,Good,3,Excellent,Yes,1,Travel_Rarely,10,Medium (6-15),4,Life Sciences,0,12,4,3
520,43,36-45,Male,Divorced,Research & Development,Research Director,4,Lead,14336,14.34,172032,Very High (10K+),No,0,1.911,25,20+ yrs,10,3,3-5 yrs,9,1,25,3,2,Medium,1,Low,3,Better,3,Excellent,No,0,Travel_Rarely,12,Medium (6-15),3,Life Sciences,1,11,3,2
521,40,36-45,Female,Married,Research & Development,Laboratory Technician,2,Mid-Level,3448,3.45,41376,Medium (3-6K),No,0,1.407,1,0-2 yrs,0,0,Just Promoted,0,6,20,3,3,High,2,Medium,3,Better,4,Outstanding,No,0,Travel_Rarely,2,Near (1-5),3,Medical,1,22,2,2
522,54,46-55,Male,Married,Research & Development,Research Director,5,Director,19406,19.41,232872,Very High (10K+),No,0,2.274,4,3-5 yrs,2,1,1-2 yrs,2,4,24,4,1,Low,1,Low,2,Good,3,Excellent,No,0,Travel_Rarely,5,Near (1-5),2,Medical,1,11,3,3
523,34,26-35,Female,Married,Sales,Sales Executive,2,Mid-Level,6538,6.54,78456,High (6-10K),No,0,1.22,3,3-5 yrs,2,1,1-2 yrs,2,9,6,3,3,High,3,High,3,Better,3,Excellent,No,0,Non-Travel,4,Near (1-5),4,Marketing,1,15,1,3
524,31,26-35,Female,Married,Research & Development,Manufacturing Director,2,Mid-Level,4306,4.31,51672,Medium (3-6K),No,0,2.244,13,11-20 yrs,10,3,3-5 yrs,12,1,13,5,1,Low,2,Medium,1,Bad,3,Excellent,No,0,Travel_Rarely,7,Medium (6-15),2,Medical,1,12,2,3
525,43,36-45,Male,Married,Research & Development,Laboratory Technician,1,Junior,2258,2.26,27096,Low (<3K),No,0,0.829,3,3-5 yrs,2,1,1-2 yrs,2,7,8,1,4,Very High,4,Very High,3,Better,4,Outstanding,No,0,Travel_Frequently,21,Far (16+),3,Medical,1,20,1,3
526,43,36-45,Female,Divorced,Research & Development,Healthcare Representative,2,Mid-Level,4522,4.52,54264,Medium (3-6K),No,0,1.428,5,3-5 yrs,2,0,Just Promoted,2,4,8,3,3,High,3,High,3,Better,3,Excellent,Yes,1,Travel_Rarely,8,Medium (6-15),4,Other,0,14,4,3
527,25,18-25,Female,Single,Sales,Sales Executive,2,Mid-Level,4487,4.49,53844,Medium (3-6K),No,0,1.37,5,3-5 yrs,4,1,1-2 yrs,3,1,5,3,4,Very High,2,Medium,3,Better,3,Excellent,Yes,1,Travel_Rarely,4,Near (1-5),2,Life Sciences,0,11,2,2
529,37,36-45,Female,Married,Research & Development,Research Scientist,2,Mid-Level,4449,4.45,53388,Medium (3-6K),No,0,1.753,13,11-20 yrs,11,10,5+ yrs,7,3,15,2,3,High,2,Medium,3,Better,3,Excellent,Yes,1,Non-Travel,25,Far (16+),5,Medical,2,15,1,3
530,31,26-35,Male,Married,Research & Development,Laboratory Technician,1,Junior,2218,2.22,26616,Low (<3K),No,0,1.523,4,3-5 yrs,2,3,3-5 yrs,2,1,4,3,1,Low,4,Very High,3,Better,3,Excellent,No,0,Travel_Rarely,1,Near (1-5),2,Life Sciences,1,12,3,2
531,39,36-45,Male,Divorced,Research & Development,Manager,5,Director,19197,19.2,230364,Very High (10K+),No,0,1.61,21,20+ yrs,8,1,1-2 yrs,6,1,21,3,3,High,2,Medium,3,Better,3,Excellent,Yes,1,Travel_Frequently,1,Near (1-5),1,Life Sciences,1,14,3,3
532,56,55+,Female,Married,Sales,Sales Executive,4,Lead,13212,13.21,158544,Very High (10K+),No,0,1.917,7,6-10 yrs,7,7,5+ yrs,7,9,36,0,1,Low,3,High,2,Good,3,Excellent,No,0,Travel_Frequently,6,Medium (6-15),3,Life Sciences,3,11,4,4
533,30,26-35,Female,Single,Sales,Sales Executive,2,Mid-Level,6577,6.58,78924,High (6-10K),No,0,1.468,5,3-5 yrs,4,4,3-5 yrs,4,0,6,6,3,High,2,Medium,3,Better,3,Excellent,No,0,Travel_Rarely,12,Medium (6-15),3,Technical Degree,0,11,2,3
534,41,36-45,Male,Married,Sales,Sales Executive,3,Senior,8392,8.39,100704,High (6-10K),No,0,1.903,10,6-10 yrs,7,0,Just Promoted,7,1,10,2,1,Low,2,Medium,3,Better,3,Excellent,No,0,Travel_Rarely,1,Near (1-5),3,Marketing,1,16,3,4
536,28,26-35,Male,Divorced,Research & Development,Laboratory Technician,2,Mid-Level,4558,4.56,54696,Medium (3-6K),No,0,1.765,10,6-10 yrs,0,1,1-2 yrs,8,1,10,2,1,Low,3,High,3,Better,3,Excellent,No,0,Travel_Rarely,17,Far (16+),2,Medical,1,12,4,3
538,25,18-25,Male,Married,Research & Development,Laboratory Technician,1,Junior,4031,4.03,48372,Medium (3-6K),Yes,1,2.11,2,0-2 yrs,2,0,Just Promoted,2,5,6,5,1,Low,1,Low,3,Better,3,Excellent,No,0,Travel_Rarely,3,Near (1-5),3,Medical,1,13,3,3
543,52,46-55,Male,Married,Research & Development,Manufacturing Director,3,Senior,7969,7.97,95628,High (6-10K),No,0,1.21,5,3-5 yrs,4,0,Just Promoted,4,2,28,4,3,High,4,Very High,3,Better,3,Excellent,Yes,1,Travel_Rarely,3,Near (1-5),3,Medical,0,14,3,2
544,45,36-45,Male,Married,Research & Development,Research Scientist,1,Junior,2654,2.65,31848,Low (<3K),No,0,1.534,2,0-2 yrs,2,0,Just Promoted,2,3,8,3,4,Very High,1,Low,2,Good,4,Outstanding,No,0,Travel_Rarely,10,Medium (6-15),2,Life Sciences,2,21,4,3
546,52,46-55,Female,Married,Research & Development,Manager,4,Lead,16555,16.56,198660,Very High (10K+),No,0,1.07,5,3-5 yrs,2,1,1-2 yrs,4,2,31,2,4,Very High,4,Very High,1,Bad,3,Excellent,No,0,Travel_Rarely,4,Near (1-5),2,Life Sciences,0,13,4,3
547,42,36-45,Female,Divorced,Research & Development,Research Scientist,2,Mid-Level,4556,4.56,54672,Medium (3-6K),No,0,1.7,5,3-5 yrs,4,0,Just Promoted,2,2,19,3,3,High,1,Low,3,Better,3,Excellent,No,0,Travel_Frequently,29,Far (16+),2,Life Sciences,1,11,2,3
548,30,26-35,Female,Single,Research & Development,Manufacturing Director,2,Mid-Level,6091,6.09,73092,High (6-10K),No,0,0.957,5,3-5 yrs,4,0,Just Promoted,2,2,11,2,4,Very High,3,High,3,Better,4,Outstanding,No,0,Travel_Rarely,2,Near (1-5),3,Life Sciences,0,20,3,1
549,60,55+,Female,Married,Research & Development,Manager,5,Director,19566,19.57,234792,Very High (10K+),No,0,2.497,29,20+ yrs,8,11,5+ yrs,10,5,33,5,1,Low,1,Low,1,Bad,3,Excellent,No,0,Travel_Rarely,7,Medium (6-15),3,Life Sciences,0,11,4,3
550,46,46-55,Female,Divorced,Research & Development,Manufacturing Director,2,Mid-Level,4810,4.81,57720,Medium (3-6K),No,0,1.412,10,6-10 yrs,7,0,Just Promoted,8,2,19,5,3,High,3,High,2,Good,3,Excellent,No,0,Travel_Rarely,18,Far (16+),3,Medical,1,14,3,3
551,42,36-45,Female,Married,Research & Development,Healthcare Representative,2,Mid-Level,4523,4.52,54276,Medium (3-6K),No,0,0.697,6,6-10 yrs,5,0,Just Promoted,4,0,7,4,4,Very High,4,Very High,4,Best,3,Excellent,No,0,Travel_Frequently,28,Far (16+),4,Technical Degree,3,11,4,2
554,24,18-25,Female,Single,Sales,Sales Representative,1,Junior,3202,3.2,38424,Medium (3-6K),Yes,1,2.06,5,3-5 yrs,3,1,1-2 yrs,4,1,6,4,2,Medium,1,Low,3,Better,3,Excellent,Yes,1,Travel_Rarely,1,Near (1-5),1,Technical Degree,0,16,2,3
555,34,26-35,Female,Divorced,Sales,Sales Representative,1,Junior,2351,2.35,28212,Low (<3K),Yes,1,1.177,2,0-2 yrs,2,1,1-2 yrs,0,0,3,3,3,High,4,Very High,2,Good,3,Excellent,No,0,Travel_Frequently,6,Medium (6-15),2,Marketing,1,16,4,1
556,38,36-45,Male,Married,Research & Development,Laboratory Technician,1,Junior,1702,1.7,20424,Low (<3K),No,0,0.957,1,0-2 yrs,0,0,Just Promoted,0,1,1,3,4,Very High,4,Very High,3,Better,4,Outstanding,Yes,1,Travel_Frequently,2,Near (1-5),2,Life Sciences,1,23,3,3
558,40,36-45,Female,Married,Sales,Manager,5,Director,18041,18.04,216492,Very High (10K+),No,0,1.214,20,11-20 yrs,15,1,1-2 yrs,12,0,21,2,3,High,3,High,3,Better,3,Excellent,No,0,Travel_Rarely,2,Near (1-5),4,Life Sciences,0,14,4,3
560,26,26-35,Female,Divorced,Research & Development,Research Scientist,1,Junior,2886,2.89,34632,Low (<3K),No,0,1.729,3,3-5 yrs,2,0,Just Promoted,2,1,3,3,4,Very High,1,Low,1,Bad,4,Outstanding,No,0,Travel_Rarely,23,Far (16+),3,Life Sciences,2,22,2,3
562,30,26-35,Male,Married,Research & Development,Laboratory Technician,1,Junior,2097,2.1,25164,Low (<3K),No,0,1.267,5,3-5 yrs,3,1,1-2 yrs,4,4,9,3,4,Very High,3,High,1,Bad,3,Excellent,No,0,Non-Travel,3,Near (1-5),3,Life Sciences,1,15,3,3
564,29,26-35,Male,Married,Research & Development,Research Director,3,Senior,11935,11.94,143220,Very High (10K+),No,0,1.41,10,6-10 yrs,2,0,Just Promoted,7,1,10,2,3,High,2,Medium,3,Better,3,Excellent,No,0,Travel_Rarely,3,Near (1-5),4,Medical,0,18,3,2
565,29,26-35,Female,Married,Research & Development,Research Scientist,1,Junior,2546,2.55,30552,Low (<3K),Yes,1,1.393,2,0-2 yrs,2,1,1-2 yrs,1,5,6,2,2,Medium,3,High,4,Best,3,Excellent,No,0,Travel_Rarely,25,Far (16+),5,Technical Degree,0,16,2,2
566,19,18-25,Male,Single,Human Resources,Human Resources,1,Junior,2564,2.56,30768,Low (<3K),Yes,1,1.207,1,0-2 yrs,0,0,Just Promoted,0,1,1,3,4,Very High,1,Low,4,Best,3,Excellent,No,0,Travel_Rarely,2,Near (1-5),2,Technical Degree,0,12,3,2
567,30,26-35,Female,Married,Sales,Sales Executive,3,Senior,8412,8.41,100944,High (6-10K),No,0,1.823,9,6-10 yrs,8,7,5+ yrs,8,0,10,3,1,Low,3,High,3,Better,3,Excellent,No,0,Non-Travel,22,Far (16+),4,Other,0,11,3,3
568,57,55+,Male,Divorced,Sales,Manager,4,Lead,14118,14.12,169416,Very High (10K+),No,0,1.6,1,0-2 yrs,0,0,Just Promoted,0,3,32,3,4,Very High,1,Low,2,Good,3,Excellent,No,0,Travel_Rarely,29,Far (16+),3,Marketing,1,12,3,2
569,50,46-55,Male,Married,Research & Development,Manager,4,Lead,17046,17.05,204552,Very High (10K+),No,0,1.6,27,20+ yrs,10,15,5+ yrs,7,0,28,2,3,High,2,Medium,3,Better,3,Excellent,No,0,Travel_Rarely,29,Far (16+),4,Life Sciences,1,15,2,2
571,30,26-35,Female,Single,Research & Development,Laboratory Technician,1,Junior,2564,2.56,30768,Low (<3K),No,0,1.147,11,11-20 yrs,7,6,5+ yrs,7,0,12,2,4,Very High,3,High,2,Good,3,Excellent,No,0,Non-Travel,2,Near (1-5),3,Medical,0,14,3,3
573,60,55+,Female,Married,Sales,Sales Executive,3,Senior,10266,10.27,123192,Very High (10K+),No,0,1.733,18,11-20 yrs,13,13,5+ yrs,11,4,22,5,1,Low,3,High,4,Best,3,Excellent,No,0,Travel_Frequently,28,Far (16+),3,Marketing,0,19,4,2
574,47,46-55,Female,Divorced,Research & Development,Manufacturing Director,2,Mid-Level,5070,5.07,60840,Medium (3-6K),No,0,1.357,5,3-5 yrs,0,0,Just Promoted,4,5,20,2,4,Very High,1,Low,3,Better,3,Excellent,No,0,Travel_Rarely,2,Near (1-5),2,Medical,3,13,3,3
575,46,46-55,Male,Married,Research & Development,Research Director,4,Lead,17861,17.86,214332,Very High (10K+),No,0,1.907,3,3-5 yrs,2,0,Just Promoted,1,6,26,2,3,High,1,Low,1,Bad,3,Excellent,No,0,Travel_Rarely,2,Near (1-5),3,Life Sciences,0,13,3,3
577,35,26-35,Male,Single,Research & Development,Laboratory Technician,1,Junior,4230,4.23,50760,Medium (3-6K),No,0,1.103,5,3-5 yrs,4,4,3-5 yrs,3,0,6,2,3,High,4,Very High,3,Better,3,Excellent,No,0,Travel_Rarely,22,Far (16+),3,Life Sciences,0,15,3,1
578,54,46-55,Female,Single,Research & Development,Laboratory Technician,2,Mid-Level,3780,3.78,45360,Medium (3-6K),No,0,1.228,1,0-2 yrs,0,0,Just Promoted,0,7,19,3,3,High,3,High,3,Better,3,Excellent,No,0,Travel_Rarely,8,Medium (6-15),4,Life Sciences,0,11,3,3
579,34,26-35,Male,Divorced,Research & Development,Research Scientist,1,Junior,2768,2.77,33216,Low (<3K),No,0,1.04,7,6-10 yrs,3,5,3-5 yrs,7,3,14,3,3,High,4,Very High,3,Better,3,Excellent,No,0,Travel_Rarely,2,Near (1-5),4,Life Sciences,1,12,3,2
580,46,46-55,Female,Married,Sales,Sales Executive,3,Senior,9071,9.07,108852,High (6-10K),No,0,1.191,3,3-5 yrs,2,1,1-2 yrs,2,2,15,3,4,Very High,3,High,3,Better,3,Excellent,Yes,1,Travel_Rarely,10,Medium (6-15),3,Marketing,1,19,3,2
581,31,26-35,Male,Divorced,Research & Development,Manufacturing Director,3,Senior,10648,10.65,127776,Very High (10K+),No,0,1.331,13,11-20 yrs,8,0,Just Promoted,8,1,13,6,2,Medium,3,High,4,Best,4,Outstanding,No,0,Travel_Rarely,9,Medium (6-15),1,Life Sciences,1,25,4,3
582,33,26-35,Male,Married,Research & Development,Manager,3,Senior,13610,13.61,163320,Very High (10K+),Yes,1,1.548,7,6-10 yrs,6,7,5+ yrs,7,7,15,2,3,High,2,Medium,4,Best,3,Excellent,Yes,1,Travel_Rarely,15,Medium (6-15),1,Medical,0,12,4,3
584,33,26-35,Male,Divorced,Research & Development,Laboratory Technician,1,Junior,3408,3.41,40896,Medium (3-6K),Yes,1,1.391,4,3-5 yrs,3,1,1-2 yrs,3,7,8,2,4,Very High,1,Low,3,Better,3,Excellent,No,0,Travel_Rarely,10,Medium (6-15),1,Medical,3,13,1,1
585,30,26-35,Male,Single,Sales,Sales Representative,1,Junior,2983,2.98,35796,Low (<3K),No,0,1.281,3,3-5 yrs,2,1,1-2 yrs,2,0,4,3,2,Medium,4,Very High,3,Better,3,Excellent,No,0,Travel_Rarely,7,Medium (6-15),1,Marketing,0,14,1,3
586,35,26-35,Male,Married,Research & Development,Healthcare Representative,3,Senior,7632,7.63,91584,High (6-10K),No,0,1.255,8,6-10 yrs,7,0,Just Promoted,0,4,10,2,3,High,4,Very High,3,Better,3,Excellent,Yes,1,Travel_Rarely,16,Far (16+),3,Life Sciences,0,12,3,3
587,31,26-35,Male,Married,Research & Development,Healthcare Representative,3,Senior,9824,9.82,117888,High (6-10K),Yes,1,1.669,1,0-2 yrs,0,0,Just Promoted,0,3,12,2,3,High,1,Low,3,Better,3,Excellent,No,0,Travel_Frequently,20,Far (16+),3,Life Sciences,0,12,1,3
590,34,26-35,Female,Divorced,Human Resources,Human Resources,3,Senior,9950,9.95,119400,High (6-10K),Yes,1,2.179,3,3-5 yrs,2,0,Just Promoted,2,9,11,2,1,Low,2,Medium,3,Better,3,Excellent,Yes,1,Travel_Frequently,23,Far (16+),3,Human Resources,3,15,3,3
591,42,36-45,Male,Married,Research & Development,Laboratory Technician,1,Junior,2093,2.09,25116,Low (<3K),No,0,1.431,2,0-2 yrs,2,2,1-2 yrs,0,4,8,4,3,High,2,Medium,3,Better,3,Excellent,No,0,Travel_Frequently,5,Near (1-5),2,Other,1,17,4,3
592,36,36-45,Male,Single,Sales,Sales Executive,3,Senior,9980,9.98,119760,High (6-10K),No,0,1.394,10,6-10 yrs,3,9,5+ yrs,7,1,10,3,4,Very High,2,Medium,2,Good,3,Excellent,No,0,Non-Travel,10,Medium (6-15),4,Medical,0,14,4,3
593,22,18-25,Male,Single,Research & Development,Laboratory Technician,1,Junior,3894,3.89,46728,Medium (3-6K),Yes,1,1.22,2,0-2 yrs,2,1,1-2 yrs,2,5,4,3,3,High,3,High,3,Better,3,Excellent,No,0,Travel_Frequently,4,Near (1-5),1,Technical Degree,0,16,3,2
595,48,46-55,Female,Married,Sales,Sales Executive,2,Mid-Level,4051,4.05,48612,Medium (3-6K),No,0,1.197,9,6-10 yrs,7,6,5+ yrs,7,2,14,2,4,Very High,2,Medium,3,Better,3,Excellent,No,0,Travel_Rarely,2,Near (1-5),5,Marketing,1,14,1,3
597,55,46-55,Female,Single,Sales,Manager,4,Lead,16835,16.84,202020,Very High (10K+),No,0,1.959,10,6-10 yrs,9,7,5+ yrs,7,3,37,2,2,Medium,1,Low,3,Better,4,Outstanding,No,0,Travel_Rarely,18,Far (16+),5,Life Sciences,0,23,4,3
599,41,36-45,Male,Single,Sales,Sales Executive,2,Mid-Level,6230,6.23,74760,High (6-10K),No,0,0.791,14,11-20 yrs,3,1,1-2 yrs,10,7,16,3,4,Very High,4,Very High,3,Better,3,Excellent,No,0,Non-Travel,10,Medium (6-15),2,Life Sciences,0,14,4,3
600,35,26-35,Male,Married,Sales,Sales Executive,2,Mid-Level,4717,4.72,56604,Medium (3-6K),No,0,1.443,11,11-20 yrs,9,6,5+ yrs,9,9,15,2,3,High,2,Medium,3,Better,3,Excellent,No,0,Travel_Rarely,1,Near (1-5),3,Marketing,0,11,3,3
601,40,36-45,Female,Single,Research & Development,Manufacturing Director,4,Lead,13237,13.24,158844,Very High (10K+),No,0,1.454,20,11-20 yrs,6,5,3-5 yrs,13,7,22,3,3,High,2,Medium,3,Better,3,Excellent,No,0,Travel_Rarely,6,Medium (6-15),3,Life Sciences,0,15,3,3
602,39,36-45,Female,Married,Research & Development,Laboratory Technician,1,Junior,3755,3.76,45060,Medium (3-6K),No,0,1.228,8,6-10 yrs,3,0,Just Promoted,7,1,8,3,3,High,3,High,3,Better,3,Excellent,No,0,Travel_Frequently,8,Medium (6-15),1,Life Sciences,1,11,1,3
604,31,26-35,Male,Single,Sales,Sales Executive,2,Mid-Level,6582,6.58,78984,High (6-10K),No,0,1.207,6,6-10 yrs,5,0,Just Promoted,5,4,10,2,4,Very High,2,Medium,4,Best,3,Excellent,Yes,1,Travel_Rarely,2,Near (1-5),1,Life Sciences,0,13,3,3
605,42,36-45,Male,Married,Research & Development,Manufacturing Director,3,Senior,7406,7.41,88872,High (6-10K),No,0,1.966,10,6-10 yrs,9,5,3-5 yrs,8,1,10,5,1,Low,4,Very High,2,Good,4,Outstanding,Yes,1,Travel_Rarely,24,Far (16+),3,Medical,1,21,4,3
606,45,36-45,Male,Married,Sales,Sales Executive,2,Mid-Level,4805,4.8,57660,Medium (3-6K),No,0,1.127,8,6-10 yrs,7,3,3-5 yrs,7,0,9,3,2,Medium,4,Very High,4,Best,3,Excellent,No,0,Travel_Rarely,2,Near (1-5),3,Other,1,19,2,3
608,26,26-35,Female,Divorced,Human Resources,Human Resources,1,Junior,2741,2.74,32892,Low (<3K),Yes,1,1.815,7,6-10 yrs,7,1,1-2 yrs,0,0,8,2,3,High,2,Medium,2,Good,3,Excellent,Yes,1,Travel_Frequently,17,Far (16+),4,Life Sciences,1,11,2,3
611,29,26-35,Male,Divorced,Research & Development,Manufacturing Director,2,Mid-Level,4262,4.26,51144,Medium (3-6K),No,0,0.672,3,3-5 yrs,2,1,1-2 yrs,2,4,8,2,4,Very High,4,Very High,4,Best,3,Excellent,No,0,Travel_Rarely,19,Far (16+),3,Technical Degree,2,12,2,3
612,33,26-35,Female,Divorced,Research & Development,Research Director,4,Lead,16184,16.18,194208,Very High (10K+),No,0,1.603,6,6-10 yrs,1,0,Just Promoted,5,4,10,2,3,High,1,Low,3,Better,3,Excellent,No,0,Travel_Rarely,1,Near (1-5),5,Medical,1,19,3,4
613,31,26-35,Male,Divorced,Sales,Manager,3,Senior,11557,11.56,138684,Very High (10K+),No,0,1.124,5,3-5 yrs,4,0,Just Promoted,1,9,10,3,4,Very High,3,High,2,Good,4,Outstanding,No,0,Travel_Rarely,7,Medium (6-15),3,Life Sciences,1,21,3,2
614,18,18-25,Male,Single,Sales,Sales Representative,1,Junior,1878,1.88,22536,Low (<3K),Yes,1,1.867,0,0-2 yrs,0,0,Just Promoted,0,1,0,3,2,Medium,2,Medium,3,Better,3,Excellent,Yes,1,Travel_Frequently,5,Near (1-5),3,Marketing,0,14,4,3
615,40,36-45,Male,Divorced,Sales,Sales Executive,3,Senior,10932,10.93,131184,Very High (10K+),No,0,1.797,1,0-2 yrs,0,0,Just Promoted,1,3,20,2,1,Low,3,High,3,Better,3,Excellent,No,0,Non-Travel,28,Far (16+),3,Other,1,15,3,1
616,41,36-45,Female,Single,Research & Development,Healthcare Representative,2,Mid-Level,6811,6.81,81732,High (6-10K),No,0,1.807,8,6-10 yrs,7,0,Just Promoted,7,2,10,3,3,High,1,Low,3,Better,3,Excellent,Yes,1,Non-Travel,2,Near (1-5),4,Other,0,17,1,2
618,26,26-35,Male,Divorced,Sales,Sales Executive,2,Mid-Level,4306,4.31,51672,Medium (3-6K),No,0,1.7,0,0-2 yrs,0,0,Just Promoted,0,5,8,5,3,High,1,Low,3,Better,3,Excellent,No,0,Travel_Rarely,29,Far (16+),2,Medical,2,12,1,3
620,35,26-35,Female,Single,Sales,Sales Executive,2,Mid-Level,4859,4.86,58308,Medium (3-6K),No,0,1.603,5,3-5 yrs,4,0,Just Promoted,3,1,5,3,3,High,1,Low,3,Better,3,Excellent,No,0,Travel_Rarely,1,Near (1-5),3,Medical,0,16,4,3
621,34,26-35,Male,Single,Sales,Sales Executive,2,Mid-Level,5337,5.34,64044,Medium (3-6K),No,0,0.856,10,6-10 yrs,7,5,3-5 yrs,7,1,10,3,4,Very High,4,Very High,3,Better,3,Excellent,No,0,Travel_Rarely,21,Far (16+),4,Life Sciences,0,12,4,4
622,26,26-35,Male,Single,Research & Development,Laboratory Technician,1,Junior,2340,2.34,28080,Low (<3K),Yes,1,1.533,1,0-2 yrs,0,0,Just Promoted,0,1,1,3,4,Very High,3,High,1,Bad,3,Excellent,Yes,1,Travel_Rarely,24,Far (16+),3,Technical Degree,0,18,2,1
623,37,36-45,Female,Single,Research & Development,Manufacturing Director,3,Senior,7491,7.49,89892,High (6-10K),No,0,1.01,6,6-10 yrs,5,1,1-2 yrs,2,4,12,3,4,Very High,2,Medium,4,Best,3,Excellent,No,0,Travel_Rarely,1,Near (1-5),3,Technical Degree,0,17,4,3
624,46,46-55,Female,Married,Research & Development,Healthcare Representative,3,Senior,10527,10.53,126324,Very High (10K+),No,0,1.819,2,0-2 yrs,2,1,1-2 yrs,2,5,28,3,3,High,1,Low,2,Good,3,Excellent,No,0,Travel_Frequently,18,Far (16+),1,Medical,0,11,4,3
625,41,36-45,Female,Married,Sales,Manager,4,Lead,16595,16.6,199140,Very High (10K+),No,0,1.98,18,11-20 yrs,16,11,5+ yrs,8,7,22,2,1,Low,2,Medium,3,Better,3,Excellent,No,0,Travel_Rarely,2,Near (1-5),5,Life Sciences,1,16,2,3
626,37,36-45,Male,Divorced,Sales,Sales Executive,3,Senior,8834,8.83,106008,High (6-10K),No,0,1.928,9,6-10 yrs,5,7,5+ yrs,7,1,9,6,2,Medium,1,Low,3,Better,3,Excellent,No,0,Non-Travel,9,Medium (6-15),4,Medical,1,13,4,3
630,52,46-55,Male,Divorced,Research & Development,Research Scientist,2,Mid-Level,5577,5.58,66924,Medium (3-6K),No,0,1.761,10,6-10 yrs,9,6,5+ yrs,9,3,18,3,1,Low,4,Very High,3,Better,3,Excellent,Yes,1,Travel_Rarely,6,Medium (6-15),2,Technical Degree,2,12,2,3
631,32,26-35,Male,Married,Sales,Sales Executive,2,Mid-Level,4707,4.71,56484,Medium (3-6K),Yes,1,1.045,4,3-5 yrs,2,1,1-2 yrs,2,8,6,2,3,High,4,Very High,3,Better,3,Excellent,No,0,Non-Travel,11,Medium (6-15),4,Other,0,12,4,4
632,24,18-25,Male,Married,Sales,Sales Representative,1,Junior,2400,2.4,28800,Low (<3K),No,0,0.846,2,0-2 yrs,2,2,1-2 yrs,1,0,3,3,4,Very High,4,Very High,3,Better,3,Excellent,No,0,Travel_Frequently,24,Far (16+),3,Medical,2,13,3,3
634,38,36-45,Female,Married,Research & Development,Healthcare Representative,2,Mid-Level,9824,9.82,117888,High (6-10K),No,0,1.234,1,0-2 yrs,0,0,Just Promoted,0,3,18,4,3,High,3,High,3,Better,3,Excellent,No,0,Travel_Rarely,10,Medium (6-15),3,Medical,1,19,3,3
635,37,36-45,Female,Married,Research & Development,Manufacturing Director,2,Mid-Level,6447,6.45,77364,High (6-10K),No,0,1.83,6,6-10 yrs,5,4,3-5 yrs,3,6,8,2,2,Medium,2,Medium,2,Good,3,Excellent,No,0,Travel_Rarely,1,Near (1-5),4,Life Sciences,1,12,2,3
638,49,46-55,Male,Divorced,Research & Development,Research Director,5,Director,19502,19.5,234024,Very High (10K+),No,0,1.262,31,20+ yrs,9,0,Just Promoted,9,1,31,5,3,High,4,Very High,3,Better,3,Excellent,Yes,1,Travel_Rarely,18,Far (16+),4,Life Sciences,1,17,3,2
639,24,18-25,Male,Married,Research & Development,Research Scientist,1,Junior,2725,2.72,32700,Low (<3K),No,0,1.436,6,6-10 yrs,5,1,1-2 yrs,4,1,6,3,4,Very High,2,Medium,3,Better,3,Excellent,Yes,1,Travel_Rarely,23,Far (16+),3,Medical,2,11,2,4
641,26,26-35,Male,Married,Sales,Sales Executive,2,Mid-Level,6272,6.27,75264,High (6-10K),No,0,1.803,5,3-5 yrs,3,1,1-2 yrs,4,1,6,5,2,Medium,1,Low,4,Best,4,Outstanding,No,0,Travel_Rarely,28,Far (16+),2,Marketing,2,20,4,3
643,24,18-25,Male,Married,Research & Development,Laboratory Technician,1,Junior,2127,2.13,25524,Low (<3K),No,0,1.309,1,0-2 yrs,0,0,Just Promoted,0,1,1,2,2,Medium,4,Very High,3,Better,4,Outstanding,No,0,Travel_Rarely,17,Far (16+),2,Other,1,21,4,2
644,50,46-55,Male,Married,Human Resources,Manager,5,Director,18200,18.2,218400,Very High (10K+),No,0,1.927,32,20+ yrs,5,10,5+ yrs,7,1,32,2,2,Medium,1,Low,3,Better,3,Excellent,No,0,Travel_Frequently,3,Near (1-5),3,Medical,1,11,3,3
645,25,18-25,Male,Married,Sales,Sales Representative,1,Junior,2096,2.1,25152,Low (<3K),No,0,1.445,7,6-10 yrs,4,0,Just Promoted,6,1,7,1,3,High,2,Medium,3,Better,3,Excellent,No,0,Travel_Rarely,13,Medium (6-15),1,Medical,0,11,3,3
647,24,18-25,Female,Married,Research & Development,Laboratory Technician,1,Junior,2886,2.89,34632,Low (<3K),Yes,1,1.831,6,6-10 yrs,3,1,1-2 yrs,2,1,6,4,3,High,1,Low,3,Better,3,Excellent,Yes,1,Travel_Frequently,7,Medium (6-15),3,Life Sciences,1,16,4,3
648,30,26-35,Male,Married,Sales,Sales Representative,1,Junior,2033,2.03,24396,Low (<3K),Yes,1,1.791,1,0-2 yrs,0,0,Just Promoted,0,1,1,2,1,Low,2,Medium,4,Best,3,Excellent,No,0,Travel_Frequently,12,Medium (6-15),4,Life Sciences,1,18,3,2
649,34,26-35,Male,Married,Research & Development,Research Scientist,1,Junior,3622,3.62,43464,Medium (3-6K),No,0,1.36,6,6-10 yrs,5,1,1-2 yrs,3,1,6,3,4,Very High,2,Medium,3,Better,3,Excellent,Yes,1,Travel_Rarely,1,Near (1-5),2,Life Sciences,1,13,4,2
650,31,26-35,Male,Divorced,Sales,Sales Executive,2,Mid-Level,4233,4.23,50796,Medium (3-6K),Yes,1,2.251,3,3-5 yrs,1,1,1-2 yrs,2,2,9,2,1,Low,2,Medium,1,Bad,3,Excellent,No,0,Travel_Rarely,13,Medium (6-15),4,Medical,0,17,3,3
652,35,26-35,Male,Single,Research & Development,Laboratory Technician,2,Mid-Level,3681,3.68,44172,Medium (3-6K),No,0,1.436,3,3-5 yrs,2,0,Just Promoted,2,4,9,3,4,Very High,1,Low,3,Better,3,Excellent,No,0,Travel_Rarely,25,Far (16+),2,Other,0,14,4,2
653,31,26-35,Male,Divorced,Sales,Sales Executive,2,Mid-Level,5460,5.46,65520,Medium (3-6K),No,0,1.254,7,6-10 yrs,7,5,3-5 yrs,7,4,13,4,4,Very High,1,Low,4,Best,4,Outstanding,No,0,Travel_Rarely,6,Medium (6-15),4,Medical,2,22,4,4
655,27,26-35,Female,Divorced,Research & Development,Research Scientist,1,Junior,2187,2.19,26244,Low (<3K),No,0,1.771,5,3-5 yrs,3,0,Just Promoted,3,0,6,5,3,High,1,Low,2,Good,3,Excellent,No,0,Travel_Rarely,6,Medium (6-15),4,Medical,2,12,3,2
656,37,36-45,Male,Married,Sales,Sales Executive,2,Mid-Level,9602,9.6,115224,High (6-10K),No,0,1.364,3,3-5 yrs,0,1,1-2 yrs,0,4,17,3,3,High,4,Very High,2,Good,3,Excellent,Yes,1,Travel_Rarely,2,Near (1-5),3,Marketing,1,11,3,3
657,20,18-25,Female,Single,Research & Development,Research Scientist,1,Junior,2836,2.84,34032,Low (<3K),No,0,1.103,1,0-2 yrs,0,0,Just Promoted,0,1,1,0,2,Medium,4,Very High,4,Best,3,Excellent,No,0,Travel_Rarely,1,Near (1-5),3,Life Sciences,0,13,4,2
659,42,36-45,Female,Married,Research & Development,Healthcare Representative,2,Mid-Level,4089,4.09,49068,Medium (3-6K),No,0,0.97,10,6-10 yrs,2,2,1-2 yrs,2,1,10,4,4,Very High,3,High,3,Better,3,Excellent,No,0,Travel_Rarely,2,Near (1-5),4,Life Sciences,2,13,2,3
661,43,36-45,Male,Divorced,Research & Development,Research Director,4,Lead,16627,16.63,199524,Very High (10K+),No,0,1.521,1,0-2 yrs,0,0,Just Promoted,0,4,21,3,4,Very High,2,Medium,2,Good,3,Excellent,Yes,1,Travel_Rarely,6,Medium (6-15),4,Other,1,14,3,2
662,38,36-45,Female,Single,Research & Development,Research Scientist,1,Junior,2619,2.62,31428,Low (<3K),No,0,1.853,0,0-2 yrs,0,0,Just Promoted,0,3,8,3,1,Low,3,High,2,Good,3,Excellent,No,0,Travel_Rarely,1,Near (1-5),1,Life Sciences,0,17,4,3
663,43,36-45,Male,Divorced,Research & Development,Laboratory Technician,2,Mid-Level,5679,5.68,68148,Medium (3-6K),No,0,1.258,8,6-10 yrs,7,4,3-5 yrs,7,3,10,3,3,High,4,Very High,3,Better,3,Excellent,Yes,1,Travel_Frequently,9,Medium (6-15),5,Medical,1,13,2,3
664,48,46-55,Female,Married,Research & Development,Manager,4,Lead,15402,15.4,184824,Very High (10K+),No,0,1.803,3,3-5 yrs,2,0,Just Promoted,2,7,21,3,1,Low,4,Very High,1,Bad,3,Excellent,No,0,Travel_Rarely,1,Near (1-5),4,Life Sciences,1,11,1,2
665,44,36-45,Female,Single,Human Resources,Human Resources,2,Mid-Level,5985,5.98,71820,Medium (3-6K),No,0,1.453,2,0-2 yrs,2,0,Just Promoted,2,4,10,1,3,High,1,Low,4,Best,3,Excellent,No,0,Travel_Rarely,1,Near (1-5),4,Life Sciences,0,11,2,2
666,34,26-35,Female,Divorced,Sales,Sales Representative,1,Junior,2579,2.58,30948,Low (<3K),No,0,1.448,8,6-10 yrs,2,0,Just Promoted,6,1,8,3,3,High,3,High,3,Better,3,Excellent,Yes,1,Travel_Rarely,14,Medium (6-15),3,Technical Degree,2,18,4,3
667,27,26-35,Male,Divorced,Sales,Sales Representative,1,Junior,3041,3.04,36492,Medium (3-6K),Yes,1,1.707,4,3-5 yrs,3,0,Just Promoted,2,0,5,3,1,Low,3,High,3,Better,3,Excellent,No,0,Travel_Rarely,2,Near (1-5),1,Marketing,1,11,2,3
669,21,18-25,Male,Single,Sales,Sales Representative,1,Junior,3447,3.45,41364,Medium (3-6K),No,0,1.283,3,3-5 yrs,2,1,1-2 yrs,2,1,3,2,3,High,3,High,3,Better,3,Excellent,No,0,Travel_Rarely,22,Far (16+),1,Technical Degree,0,11,3,3
671,44,36-45,Male,Married,Research & Development,Manager,5,Director,19513,19.51,234156,Very High (10K+),No,0,0.81,2,0-2 yrs,2,0,Just Promoted,1,4,26,2,4,Very High,4,Very High,4,Best,3,Excellent,Yes,1,Travel_Rarely,3,Near (1-5),4,Other,1,12,1,3
675,22,18-25,Male,Married,Research & Development,Research Scientist,1,Junior,2773,2.77,33276,Low (<3K),No,0,1.634,2,0-2 yrs,2,2,1-2 yrs,2,0,3,3,3,High,1,Low,3,Better,4,Outstanding,No,0,Travel_Rarely,6,Medium (6-15),1,Medical,0,20,4,3
677,33,26-35,Male,Divorced,Sales,Sales Executive,2,Mid-Level,7104,7.1,85248,High (6-10K),No,0,1.234,5,3-5 yrs,0,1,1-2 yrs,2,0,6,3,3,High,3,High,3,Better,3,Excellent,No,0,Travel_Rarely,8,Medium (6-15),4,Marketing,0,12,4,3
679,32,26-35,Female,Married,Research & Development,Research Scientist,2,Mid-Level,6322,6.32,75864,High (6-10K),No,0,1.731,6,6-10 yrs,4,0,Just Promoted,5,1,6,2,4,Very High,1,Low,2,Good,3,Excellent,Yes,1,Travel_Rarely,9,Medium (6-15),4,Life Sciences,1,12,4,3
680,30,26-35,Female,Divorced,Research & Development,Research Scientist,1,Junior,2083,2.08,24996,Low (<3K),No,0,1.21,1,0-2 yrs,0,0,Just Promoted,0,1,1,2,3,High,3,High,3,Better,4,Outstanding,No,0,Travel_Frequently,3,Near (1-5),3,Medical,1,20,3,3
682,53,46-55,Female,Single,Sales,Sales Executive,2,Mid-Level,8381,8.38,100572,High (6-10K),No,0,1.407,14,11-20 yrs,7,8,5+ yrs,10,7,18,2,1,Low,4,Very High,4,Best,4,Outstanding,No,0,Travel_Rarely,1,Near (1-5),1,Medical,0,20,4,3
683,34,26-35,Male,Married,Research & Development,Research Scientist,1,Junior,2691,2.69,32292,Low (<3K),No,0,1.357,10,6-10 yrs,9,8,5+ yrs,8,1,10,4,4,Very High,2,Medium,2,Good,3,Excellent,No,0,Travel_Rarely,1,Near (1-5),5,Life Sciences,1,12,4,3
684,45,36-45,Female,Married,Sales,Sales Executive,2,Mid-Level,4286,4.29,51432,Medium (3-6K),Yes,1,2.19,1,0-2 yrs,1,0,Just Promoted,0,2,5,4,1,Low,1,Low,3,Better,3,Excellent,No,0,Travel_Frequently,26,Far (16+),4,Life Sciences,2,14,4,3
686,26,26-35,Female,Married,Research & Development,Laboratory Technician,1,Junior,2659,2.66,31908,Low (<3K),No,0,1.171,3,3-5 yrs,2,0,Just Promoted,2,1,3,2,4,Very High,3,High,3,Better,3,Excellent,Yes,1,Travel_Rarely,6,Medium (6-15),3,Life Sciences,1,13,3,3
689,37,36-45,Male,Married,Research & Development,Manufacturing Director,3,Senior,9434,9.43,113208,High (6-10K),No,0,1.257,10,6-10 yrs,7,7,5+ yrs,8,1,10,2,3,High,3,High,3,Better,3,Excellent,No,0,Travel_Rarely,3,Near (1-5),3,Other,1,15,3,3
690,29,26-35,Female,Married,Sales,Sales Executive,2,Mid-Level,5561,5.56,66732,Medium (3-6K),No,0,1.567,6,6-10 yrs,0,1,1-2 yrs,2,1,6,5,3,High,2,Medium,2,Good,3,Excellent,No,0,Travel_Rarely,3,Near (1-5),2,Medical,1,14,1,3
691,35,26-35,Male,Single,Research & Development,Research Scientist,2,Mid-Level,6646,6.65,79752,High (6-10K),No,0,1.244,17,11-20 yrs,11,11,5+ yrs,8,1,17,3,4,Very High,2,Medium,3,Better,3,Excellent,No,0,Travel_Rarely,6,Medium (6-15),4,Life Sciences,0,13,2,1
692,33,26-35,Male,Divorced,Research & Development,Healthcare Representative,2,Mid-Level,7725,7.72,92700,High (6-10K),No,0,1.297,13,11-20 yrs,11,4,3-5 yrs,7,3,15,2,4,Very High,3,High,1,Bad,4,Outstanding,No,0,Travel_Frequently,6,Medium (6-15),3,Life Sciences,1,23,3,3
698,54,46-55,Male,Married,Human Resources,Human Resources,3,Senior,10725,10.72,128700,Very High (10K+),No,0,1.412,9,6-10 yrs,7,7,5+ yrs,1,2,16,1,2,Medium,3,High,4,Best,3,Excellent,No,0,Travel_Rarely,19,Far (16+),4,Medical,1,15,3,3
699,36,36-45,Male,Divorced,Research & Development,Manufacturing Director,2,Mid-Level,8847,8.85,106164,High (6-10K),No,0,1.881,3,3-5 yrs,2,0,Just Promoted,2,2,13,2,2,Medium,2,Medium,3,Better,3,Excellent,Yes,1,Travel_Rarely,9,Medium (6-15),2,Medical,1,11,3,2
700,27,26-35,Male,Single,Research & Development,Research Scientist,1,Junior,2045,2.04,24540,Low (<3K),No,0,1.367,4,3-5 yrs,2,1,1-2 yrs,1,0,5,0,4,Very High,1,Low,3,Better,3,Excellent,No,0,Travel_Rarely,3,Near (1-5),4,Medical,0,13,4,2
701,20,18-25,Male,Single,Research & Development,Research Scientist,1,Junior,1009,1.01,12108,Low (<3K),Yes,1,1.241,1,0-2 yrs,0,1,1-2 yrs,1,1,1,5,3,High,4,Very High,3,Better,3,Excellent,Yes,1,Travel_Rarely,10,Medium (6-15),1,Medical,0,11,4,3
702,33,26-35,Male,Single,Research & Development,Research Scientist,1,Junior,3348,3.35,40176,Medium (3-6K),Yes,1,2.37,10,6-10 yrs,8,9,5+ yrs,7,1,10,3,1,Low,1,Low,3,Better,3,Excellent,Yes,1,Travel_Frequently,3,Near (1-5),3,Life Sciences,0,11,1,3
704,35,26-35,Male,Married,Research & Development,Laboratory Technician,1,Junior,1281,1.28,15372,Low (<3K),No,0,1.21,1,0-2 yrs,0,0,Just Promoted,0,1,1,3,3,High,3,High,3,Better,3,Excellent,No,0,Non-Travel,3,Near (1-5),3,Life Sciences,2,18,3,2
705,23,18-25,Male,Married,Research & Development,Research Scientist,1,Junior,2819,2.82,33828,Low (<3K),No,0,1.964,3,3-5 yrs,2,0,Just Promoted,2,2,5,3,1,Low,1,Low,4,Best,3,Excellent,No,0,Travel_Rarely,4,Near (1-5),3,Medical,1,16,1,4
707,25,18-25,Male,Married,Sales,Sales Executive,2,Mid-Level,4851,4.85,58212,Medium (3-6K),No,0,1.284,3,3-5 yrs,2,1,1-2 yrs,2,0,4,4,2,Medium,4,Very High,3,Better,4,Outstanding,No,0,Travel_Rarely,8,Medium (6-15),3,Life Sciences,1,22,3,4
709,38,36-45,Female,Single,Sales,Sales Executive,2,Mid-Level,4028,4.03,48336,Medium (3-6K),No,0,0.774,7,6-10 yrs,7,0,Just Promoted,5,0,8,2,4,Very High,4,Very High,3,Better,4,Outstanding,No,0,Travel_Rarely,7,Medium (6-15),4,Marketing,0,20,1,2
710,29,26-35,Male,Divorced,Research & Development,Research Scientist,1,Junior,2720,2.72,32640,Low (<3K),No,0,1.167,10,6-10 yrs,7,2,1-2 yrs,8,1,10,5,4,Very High,2,Medium,3,Better,3,Excellent,No,0,Travel_Frequently,1,Near (1-5),4,Life Sciences,1,18,4,1
712,48,46-55,Male,Married,Sales,Sales Executive,2,Mid-Level,8120,8.12,97440,High (6-10K),No,0,1.67,2,0-2 yrs,2,2,1-2 yrs,2,3,12,3,2,Medium,2,Medium,3,Better,3,Excellent,No,0,Travel_Rarely,2,Near (1-5),1,Marketing,0,12,4,4
714,27,26-35,Female,Divorced,Sales,Sales Executive,2,Mid-Level,4647,4.65,55764,Medium (3-6K),No,0,0.96,6,6-10 yrs,5,0,Just Promoted,4,1,6,3,4,Very High,4,Very High,3,Better,4,Outstanding,Yes,1,Travel_Frequently,3,Near (1-5),1,Medical,2,20,2,4
715,37,36-45,Male,Single,Research & Development,Research Scientist,1,Junior,4680,4.68,56160,Medium (3-6K),No,0,0.784,1,0-2 yrs,0,0,Just Promoted,0,3,4,2,4,Very High,4,Very High,3,Better,3,Excellent,No,0,Travel_Rarely,10,Medium (6-15),2,Life Sciences,0,17,1,4
716,50,46-55,Male,Married,Research & Development,Laboratory Technician,1,Junior,3221,3.22,38652,Medium (3-6K),No,0,1.317,20,11-20 yrs,8,3,3-5 yrs,8,1,20,3,3,High,4,Very High,3,Better,3,Excellent,Yes,1,Travel_Rarely,28,Far (16+),1,Medical,3,11,3,4
717,34,26-35,Female,Single,Research & Development,Healthcare Representative,3,Senior,8621,8.62,103452,High (6-10K),No,0,1.178,8,6-10 yrs,7,7,5+ yrs,7,1,9,3,2,Medium,4,Very High,4,Best,3,Excellent,No,0,Travel_Rarely,9,Medium (6-15),3,Medical,0,14,2,2
720,24,18-25,Female,Single,Sales,Sales Executive,2,Mid-Level,4577,4.58,54924,Medium (3-6K),Yes,1,1.624,2,0-2 yrs,2,2,1-2 yrs,0,9,4,3,3,High,1,Low,3,Better,3,Excellent,No,0,Travel_Rarely,3,Near (1-5),2,Life Sciences,0,14,1,3
721,39,36-45,Female,Single,Research & Development,Healthcare Representative,2,Mid-Level,4553,4.55,54636,Medium (3-6K),No,0,1.08,20,11-20 yrs,7,11,5+ yrs,10,1,20,4,3,High,4,Very High,3,Better,3,Excellent,No,0,Travel_Rarely,2,Near (1-5),4,Technical Degree,0,11,1,2
722,32,26-35,Male,Single,Sales,Sales Executive,2,Mid-Level,5396,5.4,64752,Medium (3-6K),No,0,0.934,10,6-10 yrs,7,0,Just Promoted,8,1,10,2,4,Very High,4,Very High,2,Good,3,Excellent,No,0,Travel_Rarely,10,Medium (6-15),3,Marketing,0,12,4,3
723,50,46-55,Male,Married,Sales,Sales Executive,2,Mid-Level,6796,6.8,81552,High (6-10K),Yes,1,1.634,4,3-5 yrs,3,1,1-2 yrs,3,3,18,4,3,High,2,Medium,3,Better,3,Excellent,Yes,1,Travel_Frequently,8,Medium (6-15),2,Technical Degree,1,14,1,3
724,38,36-45,Female,Single,Research & Development,Healthcare Representative,2,Mid-Level,7625,7.62,91500,High (6-10K),No,0,1.31,9,6-10 yrs,7,1,1-2 yrs,8,0,10,4,4,Very High,2,Medium,2,Good,3,Excellent,No,0,Travel_Rarely,1,Near (1-5),4,Life Sciences,0,13,3,4
725,27,26-35,Female,Married,Research & Development,Manufacturing Director,3,Senior,7412,7.41,88944,High (6-10K),No,0,1.703,9,6-10 yrs,7,0,Just Promoted,7,1,9,3,1,Low,3,High,3,Better,3,Excellent,No,0,Travel_Rarely,1,Near (1-5),2,Life Sciences,0,11,4,3
727,32,26-35,Female,Single,Research & Development,Research Director,3,Senior,11159,11.16,133908,Very High (10K+),No,0,1.007,7,6-10 yrs,7,7,5+ yrs,7,3,10,6,4,Very High,3,High,3,Better,3,Excellent,No,0,Travel_Rarely,3,Near (1-5),2,Life Sciences,0,15,4,3
728,47,46-55,Male,Single,Sales,Sales Executive,2,Mid-Level,4960,4.96,59520,Medium (3-6K),No,0,1.555,7,6-10 yrs,7,1,1-2 yrs,7,2,20,2,1,Low,4,Very High,3,Better,3,Excellent,No,0,Travel_Rarely,14,Medium (6-15),4,Marketing,0,12,4,3
729,40,36-45,Male,Married,Sales,Sales Executive,3,Senior,10475,10.48,125700,Very High (10K+),No,0,1.724,18,11-20 yrs,13,1,1-2 yrs,12,5,20,2,1,Low,4,Very High,3,Better,4,Outstanding,Yes,1,Travel_Frequently,5,Near (1-5),4,Life Sciences,1,21,3,2
730,53,46-55,Male,Married,Research & Development,Research Director,4,Lead,14814,14.81,177768,Very High (10K+),No,0,1.231,5,3-5 yrs,1,1,1-2 yrs,3,3,32,3,3,High,3,High,3,Better,3,Excellent,No,0,Travel_Rarely,7,Medium (6-15),3,Life Sciences,0,19,3,4
731,41,36-45,Male,Divorced,Human Resources,Manager,5,Director,19141,19.14,229692,Very High (10K+),No,0,1.414,21,20+ yrs,6,12,5+ yrs,6,3,23,2,4,Very High,2,Medium,2,Good,3,Excellent,No,0,Travel_Rarely,10,Medium (6-15),4,Human Resources,3,15,2,2
732,60,55+,Male,Single,Sales,Sales Executive,2,Mid-Level,5405,5.4,64860,Medium (3-6K),No,0,2.169,2,0-2 yrs,2,2,1-2 yrs,2,8,10,1,1,Low,1,Low,3,Better,3,Excellent,No,0,Travel_Rarely,16,Far (16+),4,Marketing,0,14,4,3
733,27,26-35,Male,Divorced,Research & Development,Manufacturing Director,3,Senior,8793,8.79,105516,High (6-10K),No,0,1.691,9,6-10 yrs,7,1,1-2 yrs,7,1,9,4,1,Low,4,Very High,2,Good,4,Outstanding,No,0,Travel_Frequently,10,Medium (6-15),2,Life Sciences,2,21,3,3
734,41,36-45,Male,Married,Human Resources,Manager,5,Director,19189,19.19,230268,Very High (10K+),No,0,1.017,22,20+ yrs,7,2,1-2 yrs,10,1,22,3,3,High,4,Very High,3,Better,3,Excellent,No,0,Travel_Rarely,1,Near (1-5),3,Human Resources,1,12,2,2
738,50,46-55,Male,Married,Sales,Sales Representative,1,Junior,3875,3.88,46500,Medium (3-6K),No,0,1.291,2,0-2 yrs,2,2,1-2 yrs,2,7,4,2,2,Medium,4,Very High,3,Better,3,Excellent,No,0,Travel_Rarely,8,Medium (6-15),4,Marketing,1,15,4,3
741,28,26-35,Female,Single,Research & Development,Research Scientist,1,Junior,2216,2.22,26592,Low (<3K),Yes,1,2.073,7,6-10 yrs,7,3,3-5 yrs,7,7,10,4,2,Medium,1,Low,3,Better,3,Excellent,Yes,1,Travel_Rarely,1,Near (1-5),2,Life Sciences,0,13,4,1
742,36,36-45,Female,Married,Research & Development,Research Director,3,Senior,11713,11.71,140556,Very High (10K+),No,0,2.128,8,6-10 yrs,7,0,Just Promoted,5,9,10,2,1,Low,1,Low,3,Better,3,Excellent,No,0,Non-Travel,8,Medium (6-15),3,Life Sciences,1,14,1,4
743,38,36-45,Female,Single,Research & Development,Manufacturing Director,3,Senior,7861,7.86,94332,High (6-10K),No,0,1.253,1,0-2 yrs,0,0,Just Promoted,0,4,10,4,3,High,3,High,4,Best,3,Excellent,Yes,1,Travel_Rarely,1,Near (1-5),3,Life Sciences,0,14,4,3
744,44,36-45,Male,Single,Research & Development,Laboratory Technician,1,Junior,3708,3.71,44496,Medium (3-6K),No,0,1.689,5,3-5 yrs,2,1,1-2 yrs,4,2,9,5,3,High,1,Low,3,Better,3,Excellent,No,0,Non-Travel,24,Far (16+),3,Medical,0,14,3,1
746,47,46-55,Female,Divorced,Sales,Sales Executive,4,Lead,13770,13.77,165240,Very High (10K+),No,0,1.434,22,20+ yrs,2,11,5+ yrs,13,9,28,2,3,High,4,Very High,2,Good,3,Excellent,Yes,1,Travel_Frequently,3,Near (1-5),3,Medical,2,12,4,3
747,30,26-35,Male,Divorced,Sales,Sales Executive,2,Mid-Level,5304,5.3,63648,Medium (3-6K),No,0,1.24,8,6-10 yrs,7,7,5+ yrs,7,7,10,2,4,Very High,3,High,2,Good,4,Outstanding,No,0,Travel_Rarely,27,Far (16+),5,Marketing,1,23,4,3
749,29,26-35,Male,Single,Sales,Sales Representative,1,Junior,2642,2.64,31704,Low (<3K),No,0,1.234,1,0-2 yrs,0,0,Just Promoted,0,1,1,6,3,High,3,High,3,Better,3,Excellent,No,0,Travel_Rarely,10,Medium (6-15),3,Life Sciences,0,11,3,3
752,42,36-45,Male,Divorced,Research & Development,Research Scientist,1,Junior,2759,2.76,33108,Low (<3K),Yes,1,1.479,2,0-2 yrs,2,2,1-2 yrs,2,6,7,2,3,High,3,High,3,Better,3,Excellent,Yes,1,Travel_Frequently,19,Far (16+),3,Medical,0,12,4,4
754,43,36-45,Male,Married,Sales,Sales Executive,2,Mid-Level,6804,6.8,81648,High (6-10K),No,0,0.815,2,0-2 yrs,2,2,1-2 yrs,2,3,7,5,4,Very High,4,Very High,3,Better,3,Excellent,No,0,Travel_Frequently,15,Medium (6-15),3,Life Sciences,1,18,3,2
757,34,26-35,Female,Single,Research & Development,Healthcare Representative,2,Mid-Level,6142,6.14,73704,High (6-10K),No,0,1.454,5,3-5 yrs,1,4,3-5 yrs,3,3,10,2,3,High,2,Medium,3,Better,3,Excellent,No,0,Travel_Rarely,8,Medium (6-15),2,Medical,0,11,4,3
758,23,18-25,Male,Married,Research & Development,Laboratory Technician,1,Junior,2500,2.5,30000,Low (<3K),No,0,1.781,4,3-5 yrs,3,0,Just Promoted,2,1,5,2,1,Low,2,Medium,4,Best,3,Excellent,No,0,Travel_Rarely,9,Medium (6-15),1,Medical,1,14,4,3
760,39,36-45,Female,Married,Human Resources,Human Resources,2,Mid-Level,6389,6.39,76668,High (6-10K),No,0,1.78,8,6-10 yrs,3,3,3-5 yrs,6,9,12,3,2,Medium,3,High,1,Bad,3,Excellent,No,0,Travel_Rarely,3,Near (1-5),3,Human Resources,1,15,3,4
762,56,55+,Male,Married,Research & Development,Healthcare Representative,4,Lead,11103,11.1,133236,Very High (10K+),No,0,1.138,10,6-10 yrs,7,1,1-2 yrs,1,7,30,1,4,Very High,3,High,2,Good,3,Excellent,No,0,Travel_Rarely,9,Medium (6-15),3,Medical,0,11,3,3
763,40,36-45,Female,Single,Research & Development,Research Scientist,1,Junior,2342,2.34,28104,Low (<3K),No,0,1.12,4,3-5 yrs,2,2,1-2 yrs,3,0,5,2,4,Very High,4,Very High,2,Good,4,Outstanding,Yes,1,Travel_Rarely,2,Near (1-5),1,Medical,0,20,4,2
764,27,26-35,Female,Single,Research & Development,Healthcare Representative,2,Mid-Level,6811,6.81,81732,High (6-10K),No,0,1.824,7,6-10 yrs,6,0,Just Promoted,7,8,9,2,1,Low,4,Very High,1,Bad,3,Excellent,No,0,Travel_Rarely,7,Medium (6-15),3,Medical,0,19,1,2
766,29,26-35,Male,Divorced,Sales,Sales Representative,1,Junior,2297,2.3,27564,Low (<3K),No,0,1.298,2,0-2 yrs,2,2,1-2 yrs,2,1,2,2,2,Medium,4,Very High,3,Better,3,Excellent,No,0,Travel_Rarely,10,Medium (6-15),3,Marketing,2,14,4,3
769,53,46-55,Male,Single,Research & Development,Laboratory Technician,2,Mid-Level,2450,2.45,29400,Low (<3K),No,0,0.784,2,0-2 yrs,2,2,1-2 yrs,2,2,19,4,4,Very High,4,Very High,3,Better,3,Excellent,No,0,Travel_Rarely,6,Medium (6-15),3,Life Sciences,0,17,4,3
771,35,26-35,Female,Divorced,Research & Development,Healthcare Representative,2,Mid-Level,5093,5.09,61116,Medium (3-6K),No,0,1.357,1,0-2 yrs,0,0,Just Promoted,0,2,16,2,1,Low,4,Very High,4,Best,3,Excellent,No,0,Non-Travel,2,Near (1-5),4,Life Sciences,1,11,1,3
772,32,26-35,Male,Married,Research & Development,Laboratory Technician,2,Mid-Level,5309,5.31,63708,Medium (3-6K),No,0,1.459,10,6-10 yrs,8,4,3-5 yrs,7,1,10,2,4,Very High,1,Low,3,Better,3,Excellent,No,0,Travel_Frequently,24,Far (16+),4,Life Sciences,2,15,4,3
773,38,36-45,Male,Married,Research & Development,Research Scientist,1,Junior,3057,3.06,36684,Medium (3-6K),No,0,1.507,1,0-2 yrs,0,0,Just Promoted,1,6,6,0,3,High,4,Very High,1,Bad,3,Excellent,Yes,1,Travel_Rarely,2,Near (1-5),5,Medical,1,13,2,3
775,34,26-35,Female,Divorced,Research & Development,Manufacturing Director,2,Mid-Level,5121,5.12,61452,Medium (3-6K),No,0,1.928,0,0-2 yrs,0,0,Just Promoted,0,3,7,3,1,Low,2,Medium,3,Better,3,Excellent,No,0,Travel_Rarely,8,Medium (6-15),5,Life Sciences,1,14,3,3
776,52,46-55,Male,Married,Sales,Manager,4,Lead,16856,16.86,202272,Very High (10K+),No,0,1.567,34,20+ yrs,6,1,1-2 yrs,16,1,34,3,1,Low,3,High,4,Best,3,Excellent,No,0,Travel_Rarely,3,Near (1-5),4,Marketing,0,11,1,2
780,33,26-35,Male,Single,Research & Development,Research Scientist,1,Junior,2686,2.69,32232,Low (<3K),Yes,1,1.15,10,6-10 yrs,9,7,5+ yrs,8,1,10,2,4,Very High,4,Very High,2,Good,3,Excellent,Yes,1,Travel_Rarely,1,Near (1-5),4,Other,0,13,3,3
781,25,18-25,Female,Single,Sales,Sales Executive,2,Mid-Level,6180,6.18,74160,High (6-10K),No,0,1.196,6,6-10 yrs,5,1,1-2 yrs,4,1,6,5,4,Very High,3,High,2,Good,4,Outstanding,No,0,Travel_Rarely,26,Far (16+),1,Medical,0,23,2,3
783,45,36-45,Male,Single,Sales,Sales Representative,2,Mid-Level,6632,6.63,79584,High (6-10K),No,0,1.427,8,6-10 yrs,7,3,3-5 yrs,1,0,9,3,3,High,2,Medium,3,Better,3,Excellent,No,0,Travel_Rarely,2,Near (1-5),2,Technical Degree,0,13,1,1
784,23,18-25,Male,Single,Research & Development,Research Scientist,1,Junior,3505,3.5,42060,Medium (3-6K),No,0,1.634,2,0-2 yrs,2,0,Just Promoted,2,1,2,3,3,High,1,Low,3,Better,3,Excellent,No,0,Travel_Rarely,10,Medium (6-15),1,Medical,0,18,4,4
785,47,46-55,Female,Single,Sales,Sales Executive,2,Mid-Level,6397,6.4,76764,High (6-10K),Yes,1,1.7,5,3-5 yrs,4,1,1-2 yrs,3,4,8,2,3,High,2,Medium,3,Better,3,Excellent,Yes,1,Travel_Frequently,27,Far (16+),2,Life Sciences,0,12,4,4
786,34,26-35,Male,Single,Sales,Sales Executive,2,Mid-Level,6274,6.27,75288,High (6-10K),No,0,0.764,6,6-10 yrs,5,1,1-2 yrs,4,1,6,5,4,Very High,4,Very High,3,Better,4,Outstanding,No,0,Travel_Rarely,2,Near (1-5),3,Other,0,22,3,3
787,55,46-55,Male,Married,Research & Development,Manager,5,Director,19859,19.86,238308,Very High (10K+),Yes,1,1.714,5,3-5 yrs,2,1,1-2 yrs,4,5,24,2,1,Low,4,Very High,3,Better,3,Excellent,Yes,1,Travel_Rarely,2,Near (1-5),3,Medical,1,13,4,3
789,36,36-45,Male,Single,Sales,Sales Executive,3,Senior,7587,7.59,91044,High (6-10K),No,0,2.128,10,6-10 yrs,7,0,Just Promoted,9,1,10,1,1,Low,1,Low,3,Better,3,Excellent,No,0,Non-Travel,8,Medium (6-15),4,Life Sciences,0,15,2,2
791,52,46-55,Male,Married,Research & Development,Research Scientist,1,Junior,4258,4.26,51096,Medium (3-6K),No,0,0.822,4,3-5 yrs,3,1,1-2 yrs,2,0,5,3,4,Very High,4,Very High,3,Better,3,Excellent,No,0,Non-Travel,19,Far (16+),4,Medical,1,18,1,3
792,26,26-35,Female,Divorced,Research & Development,Laboratory Technician,1,Junior,4364,4.36,52368,Medium (3-6K),No,0,1.367,2,0-2 yrs,2,2,1-2 yrs,0,3,5,2,4,Very High,1,Low,3,Better,3,Excellent,No,0,Travel_Frequently,1,Near (1-5),2,Life Sciences,1,14,1,1
793,29,26-35,Female,Married,Research & Development,Healthcare Representative,2,Mid-Level,4335,4.34,52020,Medium (3-6K),No,0,1.65,8,6-10 yrs,7,1,1-2 yrs,1,4,11,3,3,High,2,Medium,2,Good,3,Excellent,No,0,Travel_Rarely,27,Far (16+),3,Medical,1,12,1,3
796,26,26-35,Male,Single,Sales,Sales Executive,2,Mid-Level,5326,5.33,63912,Medium (3-6K),Yes,1,1.684,4,3-5 yrs,3,1,1-2 yrs,2,6,6,2,1,Low,4,Very High,2,Good,3,Excellent,No,0,Travel_Rarely,8,Medium (6-15),3,Technical Degree,0,17,3,2
797,34,26-35,Female,Single,Research & Development,Research Scientist,1,Junior,3280,3.28,39360,Medium (3-6K),No,0,1.16,4,3-5 yrs,2,1,1-2 yrs,3,2,10,2,4,Very High,2,Medium,3,Better,3,Excellent,No,0,Travel_Rarely,1,Near (1-5),4,Life Sciences,0,16,3,4
799,54,46-55,Female,Divorced,Research & Development,Manufacturing Director,2,Mid-Level,5485,5.48,65820,Medium (3-6K),No,0,1.772,5,3-5 yrs,3,1,1-2 yrs,4,9,9,4,1,Low,4,Very High,3,Better,3,Excellent,Yes,1,Travel_Rarely,19,Far (16+),4,Medical,2,11,2,3
800,27,26-35,Male,Married,Sales,Sales Executive,2,Mid-Level,4342,4.34,52104,Medium (3-6K),No,0,0.984,4,3-5 yrs,2,1,1-2 yrs,1,0,5,3,4,Very High,3,High,3,Better,3,Excellent,No,0,Travel_Frequently,8,Medium (6-15),1,Marketing,1,19,2,3
802,37,36-45,Female,Divorced,Research & Development,Research Scientist,1,Junior,2782,2.78,33384,Low (<3K),No,0,1.911,5,3-5 yrs,3,4,3-5 yrs,3,0,6,3,1,Low,4,Very High,2,Good,3,Excellent,Yes,1,Travel_Rarely,10,Medium (6-15),1,Life Sciences,2,13,2,3
803,38,36-45,Female,Single,Research & Development,Manufacturing Director,2,Mid-Level,5980,5.98,71760,Medium (3-6K),No,0,2.334,15,11-20 yrs,7,4,3-5 yrs,12,6,17,2,1,Low,1,Low,3,Better,3,Excellent,Yes,1,Travel_Frequently,2,Near (1-5),4,Life Sciences,0,12,4,4
804,34,26-35,Female,Single,Research & Development,Research Scientist,1,Junior,4381,4.38,52572,Medium (3-6K),No,0,1.714,6,6-10 yrs,5,1,1-2 yrs,3,1,6,3,1,Low,3,High,3,Better,3,Excellent,No,0,Travel_Rarely,2,Near (1-5),4,Medical,0,11,3,2
805,35,26-35,Female,Married,Sales,Sales Representative,1,Junior,2572,2.57,30864,Low (<3K),No,0,1.528,3,3-5 yrs,2,0,Just Promoted,2,1,3,1,4,Very High,1,Low,2,Good,3,Excellent,No,0,Travel_Rarely,8,Medium (6-15),4,Life Sciences,1,16,2,3
806,30,26-35,Male,Married,Research & Development,Laboratory Technician,1,Junior,3833,3.83,45996,Medium (3-6K),No,0,1.003,2,0-2 yrs,2,0,Just Promoted,2,3,7,2,3,High,4,Very High,3,Better,4,Outstanding,No,0,Travel_Rarely,1,Near (1-5),3,Life Sciences,2,21,3,1
807,40,36-45,Female,Married,Research & Development,Healthcare Representative,2,Mid-Level,4244,4.24,50928,Medium (3-6K),No,0,1.477,8,6-10 yrs,7,3,3-5 yrs,7,1,8,2,2,Medium,3,High,3,Better,4,Outstanding,No,0,Travel_Frequently,2,Near (1-5),2,Medical,1,24,4,4
808,34,26-35,Female,Married,Sales,Sales Executive,2,Mid-Level,6500,6.5,78000,High (6-10K),No,0,1.734,3,3-5 yrs,2,1,1-2 yrs,2,5,6,1,1,Low,3,High,3,Better,3,Excellent,No,0,Travel_Rarely,8,Medium (6-15),2,Life Sciences,1,17,2,3
809,42,36-45,Male,Divorced,Research & Development,Manager,5,Director,18430,18.43,221160,Very High (10K+),No,0,1.421,24,20+ yrs,7,14,5+ yrs,9,1,24,4,4,Very High,2,Medium,2,Good,3,Excellent,No,0,Travel_Frequently,8,Medium (6-15),3,Life Sciences,1,13,2,3
811,23,18-25,Male,Married,Research & Development,Laboratory Technician,1,Junior,1601,1.6,19212,Low (<3K),Yes,1,1.921,0,0-2 yrs,0,0,Just Promoted,0,1,1,2,1,Low,3,High,3,Better,4,Outstanding,Yes,1,Travel_Rarely,6,Medium (6-15),3,Life Sciences,2,21,3,4
812,24,18-25,Male,Divorced,Research & Development,Laboratory Technician,1,Junior,2694,2.69,32328,Low (<3K),No,0,1.481,1,0-2 yrs,0,0,Just Promoted,0,1,1,4,2,Medium,3,High,3,Better,3,Excellent,No,0,Non-Travel,9,Medium (6-15),3,Life Sciences,3,11,3,2
813,52,46-55,Female,Married,Research & Development,Laboratory Technician,2,Mid-Level,3149,3.15,37788,Medium (3-6K),No,0,1.045,5,3-5 yrs,2,1,1-2 yrs,4,8,9,3,3,High,4,Very High,3,Better,4,Outstanding,No,0,Travel_Rarely,11,Medium (6-15),4,Life Sciences,1,20,2,3
815,50,46-55,Male,Married,Research & Development,Research Director,4,Lead,17639,17.64,211668,Very High (10K+),No,0,1.207,4,3-5 yrs,3,0,Just Promoted,3,5,30,3,3,High,3,High,3,Better,3,Excellent,No,0,Travel_Rarely,2,Near (1-5),3,Medical,0,16,4,3
816,29,26-35,Female,Married,Research & Development,Laboratory Technician,1,Junior,2319,2.32,27828,Low (<3K),Yes,1,2.103,1,0-2 yrs,0,0,Just Promoted,0,1,1,1,1,Low,2,Medium,3,Better,3,Excellent,Yes,1,Travel_Rarely,1,Near (1-5),2,Life Sciences,1,11,4,2
817,33,26-35,Male,Married,Research & Development,Research Director,3,Senior,11691,11.69,140292,Very High (10K+),No,0,1.094,13,11-20 yrs,9,3,3-5 yrs,7,0,14,3,3,High,3,High,4,Best,3,Excellent,No,0,Travel_Rarely,7,Medium (6-15),3,Medical,0,11,4,3
819,33,26-35,Female,Single,Sales,Sales Executive,2,Mid-Level,5324,5.32,63888,Medium (3-6K),Yes,1,2.155,3,3-5 yrs,2,0,Just Promoted,2,5,6,3,1,Low,1,Low,3,Better,3,Excellent,No,0,Travel_Rarely,16,Far (16+),3,Marketing,0,15,3,3
820,47,46-55,Female,Married,Research & Development,Manager,4,Lead,16752,16.75,201024,Very High (10K+),No,0,1.327,26,20+ yrs,14,3,3-5 yrs,0,1,26,3,4,Very High,3,High,2,Good,3,Excellent,Yes,1,Travel_Rarely,2,Near (1-5),2,Other,1,11,3,3
823,36,36-45,Female,Married,Research & Development,Manufacturing Director,2,Mid-Level,5228,5.23,62736,Medium (3-6K),No,0,1.453,9,6-10 yrs,7,0,Just Promoted,5,0,10,2,2,Medium,3,High,3,Better,3,Excellent,No,0,Travel_Rarely,1,Near (1-5),3,Other,1,15,1,3
824,29,26-35,Male,Married,Research & Development,Research Scientist,1,Junior,2700,2.7,32400,Low (<3K),No,0,1.279,10,6-10 yrs,7,0,Just Promoted,7,1,10,3,3,High,3,High,3,Better,4,Outstanding,No,0,Travel_Rarely,23,Far (16+),2,Life Sciences,1,24,3,4
825,58,55+,Male,Single,Research & Development,Research Director,5,Director,19246,19.25,230952,Very High (10K+),Yes,1,1.544,31,20+ yrs,15,13,5+ yrs,8,7,40,2,2,Medium,4,Very High,3,Better,3,Excellent,Yes,1,Travel_Rarely,2,Near (1-5),4,Life Sciences,0,12,4,3
826,35,26-35,Female,Single,Research & Development,Research Scientist,1,Junior,2506,2.51,30072,Low (<3K),No,0,1.017,2,0-2 yrs,2,2,1-2 yrs,2,3,7,0,3,High,4,Very High,3,Better,3,Excellent,No,0,Travel_Rarely,1,Near (1-5),4,Life Sciences,0,13,3,4
827,42,36-45,Female,Married,Research & Development,Manufacturing Director,2,Mid-Level,6062,6.06,72744,High (6-10K),No,0,0.953,4,3-5 yrs,3,0,Just Promoted,2,9,8,4,4,Very High,4,Very High,3,Better,3,Excellent,Yes,1,Travel_Rarely,1,Near (1-5),2,Life Sciences,1,13,4,2
828,28,26-35,Male,Single,Research & Development,Research Scientist,1,Junior,4382,4.38,52584,Medium (3-6K),Yes,1,1.37,2,0-2 yrs,2,2,1-2 yrs,1,6,5,3,3,High,3,High,2,Good,3,Excellent,No,0,Travel_Rarely,2,Near (1-5),4,Medical,0,17,4,3
829,36,36-45,Male,Married,Human Resources,Human Resources,1,Junior,2143,2.14,25716,Low (<3K),No,0,1.495,5,3-5 yrs,2,0,Just Promoted,4,4,8,2,2,Medium,3,High,3,Better,3,Excellent,No,0,Travel_Rarely,13,Medium (6-15),3,Human Resources,1,13,2,3
830,32,26-35,Female,Married,Research & Development,Manufacturing Director,2,Mid-Level,6162,6.16,73944,High (6-10K),No,0,1.254,14,11-20 yrs,13,6,5+ yrs,8,1,14,3,3,High,3,High,3,Better,3,Excellent,No,0,Travel_Rarely,4,Near (1-5),3,Life Sciences,1,12,3,2
832,40,36-45,Male,Single,Research & Development,Laboratory Technician,2,Mid-Level,5094,5.09,61128,Medium (3-6K),No,0,1.655,1,0-2 yrs,0,0,Just Promoted,0,6,10,6,3,High,1,Low,3,Better,3,Excellent,No,0,Travel_Frequently,16,Far (16+),4,Medical,0,14,4,2
833,30,26-35,Female,Single,Research & Development,Manufacturing Director,2,Mid-Level,6877,6.88,82524,High (6-10K),No,0,1.307,0,0-2 yrs,0,0,Just Promoted,0,5,12,4,4,Very High,3,High,2,Good,4,Outstanding,Yes,1,Travel_Rarely,2,Near (1-5),3,Medical,0,24,2,2
834,45,36-45,Female,Single,Research & Development,Research Scientist,1,Junior,2274,2.27,27288,Low (<3K),No,0,1.407,1,0-2 yrs,0,0,Just Promoted,0,1,1,3,3,High,2,Medium,3,Better,3,Excellent,No,0,Travel_Rarely,2,Near (1-5),3,Life Sciences,0,14,4,2
836,42,36-45,Male,Married,Research & Development,Manufacturing Director,2,Mid-Level,4434,4.43,53208,Medium (3-6K),No,0,1.947,9,6-10 yrs,8,7,5+ yrs,8,1,10,3,2,Medium,2,Medium,2,Good,3,Excellent,No,0,Travel_Rarely,29,Far (16+),3,Life Sciences,1,13,4,3
837,38,36-45,Male,Divorced,Research & Development,Healthcare Representative,2,Mid-Level,6288,6.29,75456,High (6-10K),No,0,2.298,4,3-5 yrs,3,1,1-2 yrs,2,2,13,3,1,Low,1,Low,2,Good,3,Excellent,No,0,Travel_Frequently,12,Medium (6-15),3,Life Sciences,1,15,3,2
838,34,26-35,Female,Single,Research & Development,Research Scientist,1,Junior,2553,2.55,30636,Low (<3K),No,0,1.012,5,3-5 yrs,2,1,1-2 yrs,3,1,6,3,4,Very High,3,High,3,Better,3,Excellent,No,0,Travel_Frequently,16,Far (16+),4,Life Sciences,0,16,3,2
840,49,46-55,Female,Married,Sales,Sales Executive,3,Senior,7654,7.65,91848,High (6-10K),Yes,1,0.885,9,6-10 yrs,8,7,5+ yrs,7,1,9,3,4,Very High,3,High,4,Best,3,Excellent,No,0,Travel_Rarely,11,Medium (6-15),3,Marketing,2,18,1,3
842,55,46-55,Male,Single,Sales,Sales Executive,2,Mid-Level,5160,5.16,61920,Medium (3-6K),Yes,1,1.154,9,6-10 yrs,7,7,5+ yrs,3,4,12,3,4,Very High,3,High,2,Good,3,Excellent,No,0,Travel_Rarely,2,Near (1-5),1,Medical,0,16,3,3
843,43,36-45,Male,Married,Research & Development,Research Director,4,Lead,17159,17.16,205908,Very High (10K+),No,0,1.955,4,3-5 yrs,1,1,1-2 yrs,0,6,22,3,1,Low,2,Medium,3,Better,4,Outstanding,No,0,Travel_Rarely,14,Medium (6-15),2,Life Sciences,1,24,3,3
844,27,26-35,Male,Divorced,Research & Development,Research Director,3,Senior,12808,12.81,153696,Very High (10K+),No,0,1.167,9,6-10 yrs,8,0,Just Promoted,8,1,9,3,4,Very High,3,High,3,Better,3,Excellent,Yes,1,Travel_Rarely,5,Near (1-5),1,Technical Degree,1,16,2,2
845,35,26-35,Male,Single,Research & Development,Manufacturing Director,3,Senior,10221,10.22,122652,Very High (10K+),No,0,1.081,8,6-10 yrs,5,1,1-2 yrs,6,3,17,3,3,High,3,High,4,Best,4,Outstanding,No,0,Travel_Rarely,7,Medium (6-15),3,Other,0,21,2,3
846,28,26-35,Female,Married,Sales,Sales Executive,2,Mid-Level,4779,4.78,57348,Medium (3-6K),No,0,1.904,8,6-10 yrs,7,7,5+ yrs,5,1,8,2,2,Medium,2,Medium,3,Better,4,Outstanding,Yes,1,Travel_Rarely,2,Near (1-5),4,Marketing,0,20,1,3
847,34,26-35,Male,Married,Human Resources,Human Resources,1,Junior,3737,3.74,44844,Medium (3-6K),No,0,1.26,3,3-5 yrs,2,0,Just Promoted,2,0,4,1,4,Very High,3,High,1,Bad,3,Excellent,No,0,Travel_Rarely,3,Near (1-5),2,Human Resources,1,19,3,3
848,26,26-35,Female,Married,Research & Development,Research Scientist,1,Junior,2366,2.37,28392,Low (<3K),Yes,1,1.424,8,6-10 yrs,7,1,1-2 yrs,7,1,8,2,3,High,3,High,3,Better,3,Excellent,Yes,1,Travel_Frequently,5,Near (1-5),2,Medical,1,14,1,2
850,27,26-35,Male,Married,Research & Development,Research Scientist,1,Junior,1706,1.71,20472,Low (<3K),No,0,0.91,0,0-2 yrs,0,0,Just Promoted,0,1,0,6,4,Very High,4,Very High,2,Good,3,Excellent,No,0,Non-Travel,3,Near (1-5),3,Medical,3,11,3,3
851,51,46-55,Female,Married,Sales,Manager,4,Lead,16307,16.31,195684,Very High (10K+),No,0,1.866,20,11-20 yrs,6,4,3-5 yrs,17,2,29,2,3,High,1,Low,2,Good,3,Excellent,No,0,Travel_Rarely,26,Far (16+),4,Marketing,1,14,3,3
852,44,36-45,Male,Single,Research & Development,Healthcare Representative,2,Mid-Level,5933,5.93,71196,Medium (3-6K),No,0,1.427,5,3-5 yrs,2,2,1-2 yrs,3,9,10,2,2,Medium,4,Very High,2,Good,3,Excellent,No,0,Travel_Rarely,4,Near (1-5),3,Medical,0,12,4,3
854,25,18-25,Male,Single,Research & Development,Research Scientist,1,Junior,3424,3.42,41088,Medium (3-6K),No,0,2.257,4,3-5 yrs,3,0,Just Promoted,1,7,6,3,1,Low,1,Low,2,Good,3,Excellent,No,0,Travel_Rarely,2,Near (1-5),1,Medical,0,13,3,4
855,33,26-35,Male,Divorced,Sales,Sales Executive,2,Mid-Level,4037,4.04,48444,Medium (3-6K),No,0,2.103,9,6-10 yrs,8,0,Just Promoted,8,1,9,5,1,Low,1,Low,3,Better,4,Outstanding,No,0,Travel_Rarely,1,Near (1-5),3,Medical,1,22,1,4
856,35,26-35,Female,Single,Research & Development,Research Scientist,1,Junior,2559,2.56,30708,Low (<3K),No,0,1.95,6,6-10 yrs,5,1,1-2 yrs,1,1,6,3,1,Low,3,High,2,Good,3,Excellent,No,0,Travel_Rarely,27,Far (16+),1,Medical,0,11,4,2
857,36,36-45,Male,Married,Sales,Sales Executive,2,Mid-Level,6201,6.2,74412,High (6-10K),No,0,1.53,18,11-20 yrs,14,4,3-5 yrs,11,1,18,1,4,Very High,2,Medium,2,Good,3,Excellent,Yes,1,Travel_Rarely,1,Near (1-5),2,Life Sciences,1,14,4,3
859,32,26-35,Male,Divorced,Sales,Sales Executive,2,Mid-Level,4403,4.4,52836,Medium (3-6K),No,0,1.345,5,3-5 yrs,2,0,Just Promoted,3,2,8,3,4,Very High,2,Medium,2,Good,3,Excellent,No,0,Travel_Rarely,13,Medium (6-15),4,Life Sciences,1,11,3,3
861,30,26-35,Male,Divorced,Research & Development,Research Scientist,1,Junior,3761,3.76,45132,Medium (3-6K),No,0,1.317,5,3-5 yrs,4,0,Just Promoted,3,9,10,3,4,Very High,2,Medium,2,Good,3,Excellent,No,0,Travel_Frequently,5,Near (1-5),4,Life Sciences,1,12,2,2
862,53,46-55,Female,Married,Sales,Sales Executive,3,Senior,10934,10.93,131208,Very High (10K+),No,0,1.574,5,3-5 yrs,2,0,Just Promoted,4,7,35,3,4,Very High,1,Low,3,Better,3,Excellent,Yes,1,Travel_Rarely,7,Medium (6-15),2,Marketing,1,18,4,2
864,45,36-45,Male,Divorced,Sales,Sales Executive,3,Senior,10761,10.76,129132,Very High (10K+),No,0,1.731,5,3-5 yrs,4,0,Just Promoted,2,4,18,2,1,Low,4,Very High,3,Better,3,Excellent,Yes,1,Travel_Rarely,9,Medium (6-15),3,Marketing,1,12,3,3
865,32,26-35,Female,Married,Research & Development,Research Scientist,2,Mid-Level,5175,5.18,62100,Medium (3-6K),No,0,1.384,5,3-5 yrs,3,1,1-2 yrs,3,5,9,3,3,High,3,High,2,Good,3,Excellent,No,0,Travel_Rarely,8,Medium (6-15),2,Medical,1,12,3,4
867,52,46-55,Female,Married,Research & Development,Manufacturing Director,4,Lead,13826,13.83,165912,Very High (10K+),No,0,1.036,9,6-10 yrs,8,0,Just Promoted,0,3,31,3,4,Very High,3,High,3,Better,4,Outstanding,No,0,Travel_Frequently,25,Far (16+),4,Medical,0,22,3,2
868,37,36-45,Male,Divorced,Sales,Sales Executive,2,Mid-Level,6334,6.33,76008,High (6-10K),No,0,1.055,1,0-2 yrs,0,0,Just Promoted,0,4,9,2,3,High,4,Very High,3,Better,3,Excellent,No,0,Travel_Rarely,16,Far (16+),4,Marketing,2,19,4,2
869,28,26-35,Male,Divorced,Human Resources,Human Resources,1,Junior,4936,4.94,59232,Medium (3-6K),No,0,1.178,5,3-5 yrs,1,0,Just Promoted,4,1,6,6,4,Very High,2,Medium,3,Better,3,Excellent,No,0,Travel_Rarely,8,Medium (6-15),2,Medical,1,13,4,2
872,22,18-25,Male,Married,Research & Development,Manufacturing Director,2,Mid-Level,4775,4.78,57300,Medium (3-6K),No,0,1.067,2,0-2 yrs,2,2,1-2 yrs,2,6,4,2,4,Very High,4,Very High,1,Bad,4,Outstanding,No,0,Travel_Rarely,1,Near (1-5),2,Life Sciences,2,22,1,2
874,44,36-45,Male,Married,Research & Development,Laboratory Technician,1,Junior,2818,2.82,33816,Low (<3K),No,0,1.728,3,3-5 yrs,2,0,Just Promoted,2,2,10,2,4,Very High,1,Low,2,Good,4,Outstanding,Yes,1,Travel_Rarely,8,Medium (6-15),4,Life Sciences,1,24,3,4
875,42,36-45,Male,Single,Research & Development,Research Scientist,1,Junior,2515,2.52,30180,Low (<3K),No,0,1.37,2,0-2 yrs,1,2,1-2 yrs,2,5,8,2,4,Very High,2,Medium,3,Better,3,Excellent,Yes,1,Travel_Frequently,2,Near (1-5),1,Medical,0,14,4,3
878,36,36-45,Male,Married,Human Resources,Human Resources,1,Junior,2342,2.34,28104,Low (<3K),No,0,2.128,5,3-5 yrs,4,0,Just Promoted,3,0,6,3,1,Low,1,Low,3,Better,4,Outstanding,No,0,Travel_Rarely,8,Medium (6-15),3,Life Sciences,0,21,3,2
879,25,18-25,Male,Married,Sales,Sales Executive,2,Mid-Level,4194,4.19,50328,Medium (3-6K),No,0,1.91,5,3-5 yrs,3,0,Just Promoted,3,1,5,3,1,Low,3,High,3,Better,3,Excellent,Yes,1,Travel_Rarely,3,Near (1-5),1,Other,0,18,4,3
880,35,26-35,Female,Married,Research & Development,Manufacturing Director,3,Senior,10685,10.68,128220,Very High (10K+),No,0,1.264,17,11-20 yrs,14,5,3-5 yrs,15,1,17,2,3,High,4,Very High,3,Better,4,Outstanding,Yes,1,Travel_Rarely,9,Medium (6-15),3,Life Sciences,1,20,2,2
881,35,26-35,Female,Divorced,Research & Development,Research Scientist,1,Junior,2022,2.02,24264,Low (<3K),Yes,1,1.733,10,6-10 yrs,2,7,5+ yrs,8,1,10,3,2,Medium,4,Very High,2,Good,3,Excellent,Yes,1,Travel_Frequently,25,Far (16+),4,Life Sciences,1,19,1,3
882,32,26-35,Male,Divorced,Research & Development,Laboratory Technician,1,Junior,2314,2.31,27768,Low (<3K),No,0,0.753,3,3-5 yrs,0,0,Just Promoted,2,0,4,2,4,Very High,4,Very High,3,Better,3,Excellent,No,0,Non-Travel,1,Near (1-5),3,Life Sciences,1,12,2,3
885,25,18-25,Male,Married,Sales,Sales Executive,2,Mid-Level,4256,4.26,51072,Medium (3-6K),No,0,1.564,5,3-5 yrs,2,0,Just Promoted,3,1,5,1,1,Low,3,High,4,Best,3,Excellent,No,0,Travel_Rarely,4,Near (1-5),1,Marketing,0,12,1,2
887,49,46-55,Female,Married,Research & Development,Research Scientist,1,Junior,3580,3.58,42960,Medium (3-6K),No,0,1.703,4,3-5 yrs,2,0,Just Promoted,2,2,7,2,1,Low,3,High,3,Better,3,Excellent,No,0,Travel_Rarely,1,Near (1-5),3,Technical Degree,1,16,2,3
888,24,18-25,Male,Married,Research & Development,Laboratory Technician,1,Junior,3162,3.16,37944,Medium (3-6K),No,0,1.534,5,3-5 yrs,2,3,3-5 yrs,4,0,6,2,4,Very High,1,Low,2,Good,3,Excellent,No,0,Non-Travel,4,Near (1-5),1,Life Sciences,0,17,4,2
889,32,26-35,Male,Married,Sales,Sales Executive,2,Mid-Level,6524,6.52,78288,High (6-10K),No,0,1.701,10,6-10 yrs,8,5,3-5 yrs,3,1,10,3,2,Medium,2,Medium,3,Better,3,Excellent,No,0,Travel_Frequently,5,Near (1-5),2,Life Sciences,1,14,4,3
893,38,36-45,Male,Married,Sales,Sales Representative,1,Junior,2899,2.9,34788,Low (<3K),No,0,1.688,2,0-2 yrs,2,1,1-2 yrs,2,0,3,3,2,Medium,2,Medium,3,Better,3,Excellent,No,0,Travel_Rarely,9,Medium (6-15),3,Marketing,1,19,4,2
894,42,36-45,Female,Married,Research & Development,Laboratory Technician,2,Mid-Level,5231,5.23,62772,Medium (3-6K),No,0,1.317,5,3-5 yrs,3,1,1-2 yrs,3,2,17,1,4,Very High,3,High,2,Good,3,Excellent,Yes,1,Travel_Rarely,3,Near (1-5),3,Life Sciences,1,13,2,4
895,31,26-35,Male,Married,Research & Development,Research Scientist,1,Junior,2356,2.36,28272,Low (<3K),No,0,0.988,6,6-10 yrs,4,0,Just Promoted,2,3,8,2,4,Very High,4,Very High,3,Better,3,Excellent,Yes,1,Travel_Rarely,11,Medium (6-15),4,Life Sciences,1,19,2,3
896,29,26-35,Female,Divorced,Sales,Sales Representative,1,Junior,2800,2.8,33600,Low (<3K),Yes,1,1.603,3,3-5 yrs,2,0,Just Promoted,2,6,5,3,3,High,2,Medium,3,Better,3,Excellent,Yes,1,Travel_Rarely,1,Near (1-5),3,Medical,3,19,3,2
897,53,46-55,Male,Married,Sales,Sales Executive,4,Lead,11836,11.84,142032,Very High (10K+),No,0,1.391,2,0-2 yrs,0,2,1-2 yrs,2,5,28,3,4,Very High,1,Low,3,Better,3,Excellent,No,0,Travel_Rarely,8,Medium (6-15),3,Marketing,1,14,3,3
899,35,26-35,Male,Married,Research & Development,Manufacturing Director,3,Senior,10903,10.9,130836,Very High (10K+),No,0,1.363,13,11-20 yrs,10,4,3-5 yrs,8,3,16,2,2,Medium,4,Very High,3,Better,3,Excellent,No,0,Travel_Rarely,25,Far (16+),3,Technical Degree,0,16,1,2
900,37,36-45,Female,Married,Sales,Sales Representative,1,Junior,2973,2.97,35676,Low (<3K),No,0,1.022,5,3-5 yrs,4,0,Just Promoted,0,5,10,3,4,Very High,3,High,3,Better,3,Excellent,No,0,Travel_Frequently,21,Far (16+),2,Medical,1,15,2,3
901,53,46-55,Female,Single,Research & Development,Research Director,4,Lead,14275,14.28,171300,Very High (10K+),No,0,0.849,12,11-20 yrs,9,3,3-5 yrs,8,6,33,0,4,Very High,4,Very High,3,Better,3,Excellent,No,0,Travel_Rarely,23,Far (16+),4,Life Sciences,0,18,3,3
902,43,36-45,Female,Married,Research & Development,Healthcare Representative,2,Mid-Level,5562,5.56,66744,Medium (3-6K),No,0,0.917,5,3-5 yrs,2,2,1-2 yrs,2,4,12,2,4,Very High,4,Very High,2,Good,3,Excellent,No,0,Travel_Frequently,1,Near (1-5),3,Life Sciences,1,13,2,3
903,47,46-55,Female,Married,Sales,Sales Executive,2,Mid-Level,4537,4.54,54444,Medium (3-6K),No,0,1.204,7,6-10 yrs,6,7,5+ yrs,7,0,8,2,4,Very High,3,High,3,Better,4,Outstanding,Yes,1,Travel_Rarely,2,Near (1-5),2,Marketing,1,22,1,3
904,37,36-45,Male,Single,Sales,Sales Executive,3,Senior,7642,7.64,91704,High (6-10K),No,0,2.116,10,6-10 yrs,0,0,Just Promoted,9,1,10,2,2,Medium,1,Low,3,Better,3,Excellent,Yes,1,Non-Travel,19,Far (16+),2,Medical,0,13,4,3
905,50,46-55,Male,Divorced,Research & Development,Manager,4,Lead,17924,17.92,215088,Very High (10K+),No,0,2.2,31,20+ yrs,6,14,5+ yrs,7,1,31,3,1,Low,1,Low,3,Better,3,Excellent,No,0,Non-Travel,2,Near (1-5),4,Life Sciences,1,11,4,3
909,39,36-45,Female,Married,Human Resources,Human Resources,2,Mid-Level,5204,5.2,62448,Medium (3-6K),No,0,0.757,5,3-5 yrs,4,0,Just Promoted,4,8,13,2,4,Very High,4,Very High,3,Better,3,Excellent,No,0,Travel_Rarely,2,Near (1-5),3,Life Sciences,2,11,3,2
910,33,26-35,Male,Divorced,Human Resources,Human Resources,1,Junior,2277,2.28,27324,Low (<3K),No,0,1.31,4,3-5 yrs,3,0,Just Promoted,3,3,7,4,2,Medium,4,Very High,4,Best,3,Excellent,Yes,1,Travel_Rarely,3,Near (1-5),2,Human Resources,1,11,3,3
911,32,26-35,Male,Single,Research & Development,Laboratory Technician,1,Junior,2795,2.8,33540,Low (<3K),Yes,1,1.936,1,0-2 yrs,0,0,Just Promoted,1,1,1,2,4,Very High,1,Low,1,Bad,4,Outstanding,Yes,1,Travel_Rarely,25,Far (16+),4,Life Sciences,0,24,3,3
912,29,26-35,Female,Divorced,Research & Development,Laboratory Technician,1,Junior,2532,2.53,30384,Low (<3K),No,0,1.374,4,3-5 yrs,3,0,Just Promoted,3,6,8,5,4,Very High,1,Low,3,Better,3,Excellent,No,0,Travel_Rarely,7,Medium (6-15),1,Medical,3,14,3,2
913,44,36-45,Male,Married,Research & Development,Research Scientist,1,Junior,2559,2.56,30708,Low (<3K),No,0,2.178,8,6-10 yrs,7,7,5+ yrs,1,1,8,0,1,Low,2,Medium,3,Better,3,Excellent,Yes,1,Travel_Rarely,9,Medium (6-15),2,Life Sciences,0,13,4,3
916,28,26-35,Male,Single,Sales,Sales Executive,2,Mid-Level,4908,4.91,58896,Medium (3-6K),No,0,1.367,4,3-5 yrs,2,0,Just Promoted,2,1,4,3,4,Very High,1,Low,3,Better,3,Excellent,No,0,Travel_Rarely,5,Near (1-5),4,Medical,0,14,2,3
918,58,55+,Male,Divorced,Research & Development,Laboratory Technician,1,Junior,2380,2.38,28560,Low (<3K),Yes,1,1.107,1,0-2 yrs,0,0,Just Promoted,0,9,3,3,4,Very High,4,Very High,2,Good,3,Excellent,Yes,1,Travel_Frequently,2,Near (1-5),1,Life Sciences,1,14,4,2
920,43,36-45,Female,Divorced,Research & Development,Manufacturing Director,2,Mid-Level,4765,4.76,57180,Medium (3-6K),No,0,1.728,1,0-2 yrs,0,0,Just Promoted,0,4,4,2,2,Medium,1,Low,4,Best,4,Outstanding,No,0,Travel_Rarely,8,Medium (6-15),3,Life Sciences,1,21,3,3
922,20,18-25,Female,Single,Sales,Sales Representative,1,Junior,2044,2.04,24528,Low (<3K),Yes,1,1.357,2,0-2 yrs,2,0,Just Promoted,2,1,2,3,3,High,3,High,2,Good,3,Excellent,No,0,Travel_Rarely,2,Near (1-5),3,Medical,0,13,4,2
923,21,18-25,Female,Single,Research & Development,Research Scientist,1,Junior,2693,2.69,32316,Low (<3K),Yes,1,0.962,1,0-2 yrs,0,0,Just Promoted,0,1,1,3,4,Very High,4,Very High,2,Good,3,Excellent,No,0,Travel_Rarely,18,Far (16+),1,Other,0,19,1,3
924,36,36-45,Male,Married,Research & Development,Healthcare Representative,2,Mid-Level,6586,6.59,79032,High (6-10K),No,0,1.375,16,11-20 yrs,8,4,3-5 yrs,11,0,17,2,4,Very High,3,High,2,Good,3,Excellent,Yes,1,Travel_Rarely,14,Medium (6-15),1,Life Sciences,1,17,1,3
925,47,46-55,Female,Single,Sales,Sales Representative,1,Junior,3294,3.29,39528,Medium (3-6K),No,0,1.114,3,3-5 yrs,2,1,1-2 yrs,2,1,3,3,4,Very High,4,Very High,2,Good,3,Excellent,Yes,1,Travel_Rarely,2,Near (1-5),4,Life Sciences,0,18,1,2
926,22,18-25,Female,Married,Research & Development,Manufacturing Director,2,Mid-Level,4171,4.17,50052,Medium (3-6K),Yes,1,1.46,3,3-5 yrs,2,0,Just Promoted,2,0,4,3,3,High,2,Medium,4,Best,3,Excellent,Yes,1,Travel_Rarely,3,Near (1-5),1,Life Sciences,1,19,1,3
927,41,36-45,Female,Divorced,Research & Development,Laboratory Technician,1,Junior,2778,2.78,33336,Low (<3K),Yes,1,1.514,7,6-10 yrs,7,1,1-2 yrs,0,4,10,1,4,Very High,2,Medium,2,Good,3,Excellent,Yes,1,Travel_Rarely,2,Near (1-5),4,Life Sciences,1,13,3,1
930,28,26-35,Female,Divorced,Research & Development,Research Scientist,1,Junior,2377,2.38,28524,Low (<3K),No,0,1.244,2,0-2 yrs,2,2,1-2 yrs,2,5,6,2,3,High,3,High,3,Better,3,Excellent,No,0,Travel_Rarely,9,Medium (6-15),3,Medical,1,18,2,3
932,39,36-45,Male,Married,Research & Development,Laboratory Technician,1,Junior,2404,2.4,28848,Low (<3K),Yes,1,2.034,2,0-2 yrs,2,2,1-2 yrs,2,7,8,2,1,Low,4,Very High,1,Bad,4,Outstanding,Yes,1,Travel_Rarely,6,Medium (6-15),3,Medical,0,21,4,3
933,27,26-35,Female,Single,Research & Development,Research Scientist,1,Junior,2318,2.32,27816,Low (<3K),No,0,1.414,1,0-2 yrs,1,0,Just Promoted,0,1,1,2,3,High,2,Medium,3,Better,3,Excellent,No,0,Travel_Rarely,4,Near (1-5),3,Life Sciences,0,19,3,3
934,34,26-35,Male,Divorced,Research & Development,Laboratory Technician,1,Junior,2008,2.01,24096,Low (<3K),No,0,1.691,1,0-2 yrs,0,1,1-2 yrs,0,1,1,3,2,Medium,2,Medium,3,Better,3,Excellent,No,0,Travel_Rarely,10,Medium (6-15),3,Life Sciences,2,14,2,3
936,42,36-45,Female,Single,Sales,Sales Executive,2,Mid-Level,6244,6.24,74928,High (6-10K),No,0,1.248,5,3-5 yrs,4,0,Just Promoted,3,7,10,6,3,High,3,High,3,Better,3,Excellent,No,0,Travel_Rarely,14,Medium (6-15),2,Medical,0,17,1,2
939,33,26-35,Male,Single,Research & Development,Research Scientist,1,Junior,2799,2.8,33588,Low (<3K),No,0,1.903,3,3-5 yrs,2,0,Just Promoted,2,3,6,1,1,Low,3,High,3,Better,3,Excellent,Yes,1,Travel_Rarely,1,Near (1-5),4,Other,0,11,2,2
940,58,55+,Female,Divorced,Research & Development,Healthcare Representative,3,Senior,10552,10.55,126624,Very High (10K+),No,0,1.667,6,6-10 yrs,0,0,Just Promoted,4,2,24,3,2,Medium,3,High,3,Better,3,Excellent,Yes,1,Travel_Rarely,5,Near (1-5),3,Technical Degree,1,13,4,2
941,31,26-35,Male,Married,Sales,Sales Representative,1,Junior,2329,2.33,27948,Low (<3K),No,0,1.307,7,6-10 yrs,7,5,3-5 yrs,2,3,13,2,3,High,2,Medium,4,Best,3,Excellent,No,0,Travel_Rarely,7,Medium (6-15),4,Life Sciences,0,15,2,2
942,35,26-35,Female,Married,Research & Development,Healthcare Representative,2,Mid-Level,4014,4.01,48168,Medium (3-6K),No,0,1.322,10,6-10 yrs,6,0,Just Promoted,7,1,10,2,4,Very High,4,Very High,1,Bad,4,Outstanding,Yes,1,Travel_Rarely,21,Far (16+),1,Life Sciences,1,25,4,3
944,49,46-55,Female,Married,Research & Development,Laboratory Technician,3,Senior,7403,7.4,88836,High (6-10K),No,0,2.034,26,20+ yrs,9,1,1-2 yrs,7,4,29,3,2,Medium,1,Low,2,Good,3,Excellent,No,0,Travel_Rarely,8,Medium (6-15),2,Other,1,11,3,3
945,48,46-55,Male,Married,Research & Development,Research Scientist,1,Junior,2259,2.26,27108,Low (<3K),No,0,1.219,0,0-2 yrs,0,0,Just Promoted,0,4,13,2,3,High,4,Very High,2,Good,3,Excellent,No,0,Travel_Rarely,20,Far (16+),4,Medical,2,17,1,3
947,31,26-35,Female,Married,Sales,Sales Executive,2,Mid-Level,6932,6.93,83184,High (6-10K),No,0,1.219,9,6-10 yrs,8,0,Just Promoted,0,1,9,2,3,High,4,Very High,2,Good,3,Excellent,No,0,Non-Travel,20,Far (16+),2,Marketing,1,13,4,3
949,36,36-45,Male,Single,Research & Development,Research Scientist,1,Junior,4678,4.68,56136,Medium (3-6K),No,0,1.174,6,6-10 yrs,2,0,Just Promoted,1,2,8,6,4,Very High,2,Medium,3,Better,3,Excellent,No,0,Travel_Rarely,7,Medium (6-15),4,Other,0,18,3,3
950,38,36-45,Female,Married,Research & Development,Research Director,3,Senior,13582,13.58,162984,Very High (10K+),No,0,1.537,15,11-20 yrs,12,5,3-5 yrs,11,1,15,3,1,Low,4,Very High,3,Better,3,Excellent,No,0,Travel_Rarely,1,Near (1-5),3,Technical Degree,1,13,2,3
951,32,26-35,Female,Married,Research & Development,Laboratory Technician,1,Junior,2332,2.33,27984,Low (<3K),No,0,1.453,3,3-5 yrs,0,0,Just Promoted,2,6,5,3,2,Medium,3,High,3,Better,4,Outstanding,No,0,Non-Travel,1,Near (1-5),3,Life Sciences,0,20,3,2
952,25,18-25,Male,Married,Sales,Sales Representative,1,Junior,2413,2.41,28956,Low (<3K),Yes,1,1.716,1,0-2 yrs,0,0,Just Promoted,0,1,1,2,2,Medium,3,High,3,Better,3,Excellent,Yes,1,Travel_Rarely,19,Far (16+),2,Marketing,3,18,3,2
954,40,36-45,Male,Divorced,Sales,Sales Executive,3,Senior,9705,9.7,116460,High (6-10K),No,0,2.034,1,0-2 yrs,0,0,Just Promoted,0,2,11,2,2,Medium,1,Low,2,Good,3,Excellent,No,0,Travel_Rarely,10,Medium (6-15),4,Marketing,1,12,2,2
956,26,26-35,Male,Single,Sales,Sales Executive,2,Mid-Level,4294,4.29,51528,Medium (3-6K),No,0,1.703,7,6-10 yrs,7,0,Just Promoted,7,1,7,2,1,Low,3,High,3,Better,3,Excellent,No,0,Travel_Frequently,1,Near (1-5),3,Medical,0,12,2,2
957,41,36-45,Male,Single,Research & Development,Laboratory Technician,1,Junior,4721,4.72,56652,Medium (3-6K),No,0,1.734,18,11-20 yrs,13,2,1-2 yrs,17,2,20,3,1,Low,4,Very High,3,Better,3,Excellent,Yes,1,Travel_Rarely,6,Medium (6-15),3,Medical,0,13,3,3
958,36,36-45,Male,Single,Research & Development,Laboratory Technician,1,Junior,2519,2.52,30228,Low (<3K),No,0,1.227,11,11-20 yrs,8,3,3-5 yrs,9,4,16,6,3,High,3,High,3,Better,4,Outstanding,No,0,Travel_Rarely,2,Near (1-5),4,Medical,0,21,3,3
959,19,18-25,Male,Single,Sales,Sales Representative,1,Junior,2121,2.12,25452,Low (<3K),Yes,1,1.372,1,0-2 yrs,0,0,Just Promoted,0,1,1,3,2,Medium,4,Very High,4,Best,3,Excellent,Yes,1,Travel_Rarely,21,Far (16+),3,Other,0,13,2,2
960,20,18-25,Male,Single,Research & Development,Laboratory Technician,1,Junior,2973,2.97,35676,Low (<3K),Yes,1,2.114,1,0-2 yrs,0,0,Just Promoted,0,1,1,2,1,Low,1,Low,3,Better,3,Excellent,No,0,Travel_Rarely,4,Near (1-5),3,Technical Degree,0,19,2,3
961,31,26-35,Female,Married,Research & Development,Healthcare Representative,2,Mid-Level,5855,5.86,70260,Medium (3-6K),No,0,1.345,9,6-10 yrs,7,8,5+ yrs,5,0,10,2,4,Very High,4,Very High,1,Bad,3,Excellent,Yes,1,Travel_Rarely,12,Medium (6-15),3,Medical,2,11,3,3
964,40,36-45,Male,Divorced,Research & Development,Research Scientist,1,Junior,3617,3.62,43404,Medium (3-6K),No,0,1.481,1,0-2 yrs,1,0,Just Promoted,0,8,3,2,2,Medium,4,Very High,3,Better,3,Excellent,Yes,1,Travel_Frequently,9,Medium (6-15),4,Medical,1,14,4,3
966,32,26-35,Female,Married,Research & Development,Manufacturing Director,2,Mid-Level,6725,6.72,80700,High (6-10K),No,0,1.6,8,6-10 yrs,7,6,5+ yrs,3,1,8,2,1,Low,3,High,4,Best,3,Excellent,No,0,Travel_Rarely,3,Near (1-5),4,Medical,1,12,3,3
967,36,36-45,Male,Married,Sales,Sales Executive,3,Senior,10325,10.32,123900,Very High (10K+),Yes,1,1.18,16,11-20 yrs,7,3,3-5 yrs,7,1,16,6,4,Very High,3,High,3,Better,3,Excellent,Yes,1,Travel_Rarely,3,Near (1-5),1,Life Sciences,1,11,1,2
969,33,26-35,Female,Single,Research & Development,Healthcare Representative,2,Mid-Level,6949,6.95,83388,High (6-10K),No,0,1.16,5,3-5 yrs,0,1,1-2 yrs,4,0,6,3,4,Very High,2,Medium,3,Better,3,Excellent,No,0,Travel_Rarely,1,Near (1-5),3,Life Sciences,0,14,1,2
970,37,36-45,Male,Married,Sales,Sales Executive,3,Senior,10609,10.61,127308,Very High (10K+),Yes,1,1.977,14,11-20 yrs,1,11,5+ yrs,7,5,17,2,3,High,1,Low,1,Bad,3,Excellent,No,0,Travel_Rarely,1,Near (1-5),4,Life Sciences,0,11,3,2
972,45,36-45,Male,Married,Research & Development,Laboratory Technician,2,Mid-Level,4447,4.45,53364,Medium (3-6K),No,0,1.614,9,6-10 yrs,7,0,Just Promoted,8,1,9,5,2,Medium,3,High,2,Good,3,Excellent,No,0,Non-Travel,4,Near (1-5),2,Life Sciences,0,12,2,3
974,29,26-35,Female,Married,Sales,Sales Representative,1,Junior,2157,2.16,25884,Low (<3K),No,0,1.019,3,3-5 yrs,1,0,Just Promoted,2,1,3,5,4,Very High,3,High,3,Better,3,Excellent,No,0,Travel_Frequently,20,Far (16+),3,Technical Degree,1,15,2,3
975,35,26-35,Female,Married,Sales,Sales Executive,2,Mid-Level,4601,4.6,55212,Medium (3-6K),No,0,1.269,5,3-5 yrs,2,1,1-2 yrs,0,1,5,3,3,High,3,High,3,Better,3,Excellent,No,0,Travel_Rarely,18,Far (16+),3,Medical,0,16,2,3
976,52,46-55,Male,Married,Research & Development,Manager,4,Lead,17099,17.1,205188,Very High (10K+),No,0,0.95,9,6-10 yrs,8,7,5+ yrs,8,2,26,2,4,Very High,4,Very High,2,Good,3,Excellent,No,0,Travel_Rarely,1,Near (1-5),2,Life Sciences,1,15,2,3
977,58,55+,Male,Single,Research & Development,Research Scientist,1,Junior,2479,2.48,29748,Low (<3K),Yes,1,1.007,1,0-2 yrs,0,0,Just Promoted,0,4,7,4,3,High,4,Very High,3,Better,4,Outstanding,No,0,Travel_Rarely,2,Near (1-5),3,Technical Degree,0,24,1,3
981,53,46-55,Male,Divorced,Sales,Manager,4,Lead,14852,14.85,178224,Very High (10K+),No,0,1.157,17,11-20 yrs,13,15,5+ yrs,2,6,22,3,3,High,3,High,4,Best,3,Excellent,No,0,Travel_Rarely,2,Near (1-5),2,Medical,1,13,3,3
982,30,26-35,Male,Divorced,Sales,Sales Executive,3,Senior,7264,7.26,87168,High (6-10K),No,0,1.124,8,6-10 yrs,4,7,5+ yrs,7,5,10,2,3,High,3,High,4,Best,3,Excellent,No,0,Travel_Rarely,8,Medium (6-15),2,Other,1,11,1,3
983,38,36-45,Female,Single,Sales,Sales Executive,2,Mid-Level,5666,5.67,67992,Medium (3-6K),No,0,1.191,5,3-5 yrs,3,1,1-2 yrs,3,1,6,1,4,Very High,3,High,3,Better,3,Excellent,Yes,1,Non-Travel,10,Medium (6-15),3,Technical Degree,0,13,2,3
984,35,26-35,Male,Divorced,Sales,Sales Executive,3,Senior,7823,7.82,93876,High (6-10K),No,0,0.76,10,6-10 yrs,9,0,Just Promoted,8,6,12,2,4,Very High,4,Very High,3,Better,3,Excellent,No,0,Travel_Rarely,3,Near (1-5),4,Life Sciences,1,13,2,3
985,39,36-45,Male,Single,Sales,Sales Executive,3,Senior,7880,7.88,94560,High (6-10K),No,0,1.607,8,6-10 yrs,7,0,Just Promoted,7,0,9,3,3,High,1,Low,3,Better,3,Excellent,No,0,Travel_Rarely,2,Near (1-5),5,Life Sciences,0,18,4,4
986,40,36-45,Female,Single,Sales,Sales Executive,4,Lead,13194,13.19,158328,Very High (10K+),Yes,1,2.083,1,0-2 yrs,0,0,Just Promoted,0,4,22,2,2,Medium,2,Medium,2,Good,3,Excellent,Yes,1,Non-Travel,24,Far (16+),3,Life Sciences,0,16,4,4
987,47,46-55,Male,Divorced,Research & Development,Manufacturing Director,2,Mid-Level,5067,5.07,60804,Medium (3-6K),No,0,1.319,19,11-20 yrs,10,2,1-2 yrs,7,1,20,3,3,High,3,High,4,Best,3,Excellent,Yes,1,Travel_Frequently,16,Far (16+),4,Medical,0,19,3,4
990,36,36-45,Male,Divorced,Sales,Sales Executive,2,Mid-Level,5079,5.08,60948,Medium (3-6K),No,0,1.378,7,6-10 yrs,7,0,Just Promoted,7,4,12,3,4,Very High,1,Low,3,Better,3,Excellent,No,0,Non-Travel,8,Medium (6-15),4,Technical Degree,2,13,4,3
991,31,26-35,Male,Single,Research & Development,Research Scientist,1,Junior,2321,2.32,27852,Low (<3K),Yes,1,1.938,3,3-5 yrs,2,1,1-2 yrs,2,0,4,0,1,Low,3,High,3,Better,4,Outstanding,Yes,1,Non-Travel,9,Medium (6-15),2,Medical,0,22,1,2
992,33,26-35,Male,Single,Sales,Manager,4,Lead,17444,17.44,209328,Very High (10K+),No,0,1.099,10,6-10 yrs,8,6,5+ yrs,0,1,10,2,3,High,4,Very High,3,Better,3,Excellent,No,0,Non-Travel,17,Far (16+),3,Life Sciences,0,11,4,3
994,29,26-35,Female,Single,Research & Development,Research Scientist,1,Junior,2404,2.4,28848,Low (<3K),Yes,1,1.734,0,0-2 yrs,0,0,Just Promoted,0,6,3,5,1,Low,4,Very High,3,Better,4,Outstanding,Yes,1,Travel_Rarely,10,Medium (6-15),3,Life Sciences,0,20,3,2
995,33,26-35,Female,Single,Research & Development,Research Scientist,1,Junior,3452,3.45,41424,Medium (3-6K),No,0,1.195,3,3-5 yrs,2,0,Just Promoted,2,3,5,4,4,Very High,2,Medium,3,Better,3,Excellent,No,0,Travel_Rarely,13,Medium (6-15),1,Life Sciences,0,18,1,3
996,45,36-45,Female,Divorced,Research & Development,Laboratory Technician,1,Junior,2270,2.27,27240,Low (<3K),No,0,0.753,5,3-5 yrs,3,0,Just Promoted,2,3,8,2,4,Very High,4,Very High,3,Better,3,Excellent,No,0,Travel_Rarely,1,Near (1-5),4,Medical,2,14,4,3
997,50,46-55,Male,Divorced,Research & Development,Research Director,4,Lead,17399,17.4,208788,Very High (10K+),No,0,0.91,5,3-5 yrs,4,1,1-2 yrs,3,9,32,1,4,Very High,4,Very High,2,Good,4,Outstanding,No,0,Travel_Rarely,1,Near (1-5),2,Medical,1,22,3,3
998,33,26-35,Female,Married,Research & Development,Healthcare Representative,2,Mid-Level,5488,5.49,65856,Medium (3-6K),No,0,1.66,6,6-10 yrs,5,1,1-2 yrs,2,1,6,2,2,Medium,3,High,3,Better,3,Excellent,Yes,1,Travel_Frequently,1,Near (1-5),4,Other,1,13,1,4
999,41,36-45,Male,Divorced,Research & Development,Research Director,5,Director,19419,19.42,233028,Very High (10K+),No,0,1.481,18,11-20 yrs,16,0,Just Promoted,11,2,21,2,3,High,1,Low,4,Best,3,Excellent,No,0,Travel_Frequently,9,Medium (6-15),3,Medical,1,17,2,3
1001,27,26-35,Female,Married,Research & Development,Laboratory Technician,1,Junior,2811,2.81,33732,Low (<3K),No,0,1.519,2,0-2 yrs,2,2,1-2 yrs,2,9,4,2,2,Medium,3,High,3,Better,3,Excellent,No,0,Travel_Rarely,16,Far (16+),4,Technical Degree,1,14,2,3
1002,45,36-45,Male,Married,Research & Development,Laboratory Technician,2,Mid-Level,3633,3.63,43596,Medium (3-6K),No,0,1.779,9,6-10 yrs,8,0,Just Promoted,8,1,9,2,1,Low,4,Very High,3,Better,3,Excellent,Yes,1,Non-Travel,23,Far (16+),2,Life Sciences,1,15,3,3
1003,47,46-55,Female,Single,Sales,Sales Executive,2,Mid-Level,4163,4.16,49956,Medium (3-6K),No,0,0.964,9,6-10 yrs,0,0,Just Promoted,7,1,9,0,4,Very High,4,Very High,3,Better,3,Excellent,Yes,1,Travel_Rarely,4,Near (1-5),2,Life Sciences,0,17,3,3
1004,30,26-35,Female,Married,Research & Development,Research Scientist,1,Junior,2132,2.13,25584,Low (<3K),Yes,1,1.876,5,3-5 yrs,2,0,Just Promoted,1,4,7,2,3,High,1,Low,3,Better,3,Excellent,Yes,1,Travel_Rarely,22,Far (16+),3,Life Sciences,0,11,2,3
1005,50,46-55,Male,Married,Research & Development,Manufacturing Director,4,Lead,13973,13.97,167676,Very High (10K+),No,0,1.289,12,11-20 yrs,11,1,1-2 yrs,5,3,22,2,3,High,4,Very High,3,Better,3,Excellent,Yes,1,Travel_Rarely,24,Far (16+),3,Life Sciences,1,18,4,3
1006,38,36-45,Male,Married,Research & Development,Research Scientist,1,Junior,2684,2.68,32208,Low (<3K),No,0,1.384,2,0-2 yrs,1,0,Just Promoted,2,0,3,0,3,High,3,High,2,Good,3,Excellent,No,0,Travel_Frequently,10,Medium (6-15),1,Medical,1,17,2,3
1007,46,46-55,Male,Divorced,Research & Development,Manufacturing Director,3,Senior,10845,10.84,130140,Very High (10K+),No,0,1.024,8,6-10 yrs,7,0,Just Promoted,7,6,13,3,3,High,4,Very High,3,Better,3,Excellent,No,0,Travel_Rarely,7,Medium (6-15),2,Medical,1,13,2,3
1009,24,18-25,Female,Divorced,Research & Development,Manufacturing Director,2,Mid-Level,4377,4.38,52524,Medium (3-6K),No,0,1.079,4,3-5 yrs,2,3,3-5 yrs,2,1,5,6,3,High,4,Very High,3,Better,3,Excellent,No,0,Travel_Rarely,17,Far (16+),1,Medical,2,15,2,2
1010,35,26-35,Male,Divorced,Research & Development,Laboratory Technician,1,Junior,3743,3.74,44916,Medium (3-6K),Yes,1,1.998,4,3-5 yrs,2,0,Just Promoted,2,1,5,2,2,Medium,3,High,1,Bad,4,Outstanding,Yes,1,Travel_Rarely,14,Medium (6-15),4,Other,1,24,4,2
1011,31,26-35,Female,Married,Research & Development,Manufacturing Director,2,Mid-Level,4148,4.15,49776,Medium (3-6K),No,0,1.703,4,3-5 yrs,3,0,Just Promoted,3,1,4,1,1,Low,3,High,3,Better,3,Excellent,No,0,Travel_Frequently,1,Near (1-5),1,Life Sciences,1,12,3,3
1012,18,18-25,Male,Single,Research & Development,Research Scientist,1,Junior,1051,1.05,12612,Low (<3K),No,0,1.167,0,0-2 yrs,0,0,Just Promoted,0,1,0,2,4,Very High,2,Medium,3,Better,3,Excellent,No,0,Non-Travel,5,Near (1-5),2,Life Sciences,0,15,4,3
1013,54,46-55,Female,Married,Research & Development,Manufacturing Director,3,Senior,10739,10.74,128868,Very High (10K+),No,0,1.259,10,6-10 yrs,7,0,Just Promoted,8,8,22,2,3,High,3,High,3,Better,3,Excellent,No,0,Travel_Rarely,17,Far (16+),3,Technical Degree,1,11,3,3
1014,35,26-35,Female,Divorced,Research & Development,Healthcare Representative,3,Senior,10388,10.39,124656,Very High (10K+),No,0,1.703,16,11-20 yrs,10,10,5+ yrs,1,1,16,3,3,High,3,High,2,Good,3,Excellent,Yes,1,Travel_Rarely,25,Far (16+),4,Medical,1,11,3,3
1015,30,26-35,Female,Married,Research & Development,Research Director,3,Senior,11416,11.42,136992,Very High (10K+),No,0,2.284,8,6-10 yrs,7,1,1-2 yrs,7,0,9,4,1,Low,2,Medium,2,Good,3,Excellent,Yes,1,Travel_Rarely,8,Medium (6-15),2,Life Sciences,3,12,3,4
1016,20,18-25,Female,Single,Research & Development,Research Scientist,1,Junior,2600,2.6,31200,Low (<3K),Yes,1,1.738,1,0-2 yrs,0,0,Just Promoted,0,1,1,2,1,Low,4,Very High,3,Better,3,Excellent,Yes,1,Travel_Rarely,11,Medium (6-15),3,Medical,0,15,1,2
1017,30,26-35,Female,Single,Research & Development,Laboratory Technician,1,Junior,2422,2.42,29064,Low (<3K),Yes,1,1.674,3,3-5 yrs,2,1,1-2 yrs,2,0,4,3,2,Medium,2,Medium,3,Better,3,Excellent,No,0,Travel_Frequently,5,Near (1-5),3,Medical,0,17,1,3
1018,26,26-35,Male,Married,Research & Development,Manufacturing Director,2,Mid-Level,5472,5.47,65664,Medium (3-6K),No,0,0.764,8,6-10 yrs,7,1,1-2 yrs,3,1,8,2,4,Very High,4,Very High,3,Better,3,Excellent,No,0,Travel_Rarely,2,Near (1-5),2,Medical,0,12,2,4
1019,22,18-25,Male,Married,Research & Development,Laboratory Technician,1,Junior,2451,2.45,29412,Low (<3K),No,0,2.084,4,3-5 yrs,3,1,1-2 yrs,1,1,4,3,1,Low,2,Medium,2,Good,3,Excellent,No,0,Travel_Rarely,8,Medium (6-15),1,Life Sciences,1,15,1,1
1022,48,46-55,Male,Single,Research & Development,Healthcare Representative,2,Mid-Level,4240,4.24,50880,Medium (3-6K),No,0,1.634,2,0-2 yrs,2,2,1-2 yrs,2,2,19,0,3,High,1,Low,3,Better,3,Excellent,No,0,Travel_Rarely,6,Medium (6-15),3,Life Sciences,0,13,4,2
1024,48,46-55,Male,Single,Research & Development,Healthcare Representative,3,Senior,10999,11.0,131988,Very High (10K+),No,0,1.24,15,11-20 yrs,11,4,3-5 yrs,8,7,27,3,3,High,3,High,3,Better,3,Excellent,No,0,Travel_Rarely,4,Near (1-5),4,Life Sciences,0,14,2,2
1025,41,36-45,Female,Single,Research & Development,Manufacturing Director,2,Mid-Level,5003,5.0,60036,Medium (3-6K),No,0,1.037,2,0-2 yrs,2,2,1-2 yrs,1,6,8,6,3,High,4,Very High,3,Better,3,Excellent,No,0,Travel_Rarely,7,Medium (6-15),2,Medical,0,14,2,3
1026,39,36-45,Female,Married,Research & Development,Manufacturing Director,4,Lead,12742,12.74,152904,Very High (10K+),No,0,0.827,21,20+ yrs,6,11,5+ yrs,8,1,21,3,4,Very High,4,Very High,3,Better,3,Excellent,No,0,Travel_Rarely,1,Near (1-5),1,Life Sciences,1,16,3,2
1027,27,26-35,Female,Married,Research & Development,Manufacturing Director,2,Mid-Level,4227,4.23,50724,Medium (3-6K),No,0,1.37,3,3-5 yrs,2,2,1-2 yrs,2,0,4,2,4,Very High,1,Low,3,Better,3,Excellent,No,0,Travel_Rarely,2,Near (1-5),4,Life Sciences,1,18,2,3
1028,35,26-35,Male,Divorced,Research & Development,Laboratory Technician,1,Junior,3917,3.92,47004,Medium (3-6K),No,0,1.341,3,3-5 yrs,2,1,1-2 yrs,2,1,3,4,4,Very High,2,Medium,2,Good,4,Outstanding,No,0,Travel_Rarely,10,Medium (6-15),3,Other,1,20,1,3
1029,42,36-45,Male,Married,Sales,Manager,5,Director,18303,18.3,219636,Very High (10K+),No,0,0.867,1,0-2 yrs,0,0,Just Promoted,0,6,21,3,3,High,4,Very High,4,Best,3,Excellent,No,0,Travel_Rarely,5,Near (1-5),2,Marketing,0,13,2,3
1030,50,46-55,Male,Married,Research & Development,Laboratory Technician,1,Junior,2380,2.38,28560,Low (<3K),No,0,1.381,1,0-2 yrs,0,0,Just Promoted,0,4,8,5,4,Very High,1,Low,3,Better,3,Excellent,No,0,Travel_Rarely,9,Medium (6-15),3,Life Sciences,0,18,2,3
1032,59,55+,Female,Single,Research & Development,Manufacturing Director,4,Lead,13726,13.73,164712,Very High (10K+),No,0,1.184,5,3-5 yrs,3,4,3-5 yrs,3,3,30,4,4,Very High,3,High,3,Better,3,Excellent,Yes,1,Travel_Rarely,2,Near (1-5),3,Life Sciences,0,13,1,2
1033,37,36-45,Female,Married,Research & Development,Healthcare Representative,2,Mid-Level,4777,4.78,57324,Medium (3-6K),Yes,1,2.188,1,0-2 yrs,0,0,Just Promoted,0,5,15,2,2,Medium,1,Low,1,Bad,3,Excellent,No,0,Travel_Rarely,11,Medium (6-15),2,Medical,0,15,1,1
1034,55,46-55,Male,Married,Research & Development,Healthcare Representative,2,Mid-Level,6385,6.38,76620,High (6-10K),No,0,1.752,8,6-10 yrs,7,6,5+ yrs,7,3,17,3,2,Medium,3,High,3,Better,3,Excellent,Yes,1,Travel_Frequently,18,Far (16+),4,Medical,2,14,4,3
1035,41,36-45,Female,Divorced,Research & Development,Research Director,5,Director,19973,19.97,239676,Very High (10K+),No,0,1.457,21,20+ yrs,16,5,3-5 yrs,10,1,21,3,3,High,2,Medium,3,Better,4,Outstanding,No,0,Non-Travel,7,Medium (6-15),1,Life Sciences,2,22,2,1
1036,38,36-45,Male,Single,Sales,Sales Executive,2,Mid-Level,6861,6.86,82332,High (6-10K),No,0,1.36,1,0-2 yrs,0,0,Just Promoted,0,8,19,1,4,Very High,2,Medium,3,Better,3,Excellent,Yes,1,Travel_Rarely,3,Near (1-5),4,Life Sciences,0,12,3,3
1037,26,26-35,Male,Single,Sales,Sales Executive,2,Mid-Level,4969,4.97,59628,Medium (3-6K),Yes,1,2.013,2,0-2 yrs,2,2,1-2 yrs,2,8,7,6,1,Low,2,Medium,3,Better,3,Excellent,No,0,Non-Travel,29,Far (16+),2,Medical,0,18,4,1
1038,52,46-55,Female,Married,Sales,Manager,5,Director,19845,19.84,238140,Very High (10K+),Yes,1,1.397,32,20+ yrs,14,6,5+ yrs,9,1,33,3,4,Very High,1,Low,3,Better,3,Excellent,No,0,Travel_Rarely,2,Near (1-5),1,Marketing,1,15,4,1
1039,44,36-45,Female,Married,Sales,Sales Executive,4,Lead,13320,13.32,159840,Very High (10K+),No,0,1.12,12,11-20 yrs,11,11,5+ yrs,11,3,23,2,4,Very High,4,Very High,3,Better,3,Excellent,Yes,1,Travel_Rarely,28,Far (16+),3,Medical,1,18,3,4
1040,50,46-55,Female,Married,Sales,Sales Executive,2,Mid-Level,6347,6.35,76164,High (6-10K),No,0,1.003,18,11-20 yrs,7,0,Just Promoted,13,0,19,3,3,High,4,Very High,3,Better,3,Excellent,No,0,Non-Travel,1,Near (1-5),3,Life Sciences,1,12,1,3
1042,36,36-45,Female,Single,Research & Development,Laboratory Technician,1,Junior,2743,2.74,32916,Low (<3K),Yes,1,1.855,17,11-20 yrs,13,15,5+ yrs,14,1,18,1,1,Low,3,High,3,Better,3,Excellent,No,0,Travel_Rarely,16,Far (16+),4,Life Sciences,0,16,3,4
1043,39,36-45,Female,Single,Research & Development,Manufacturing Director,3,Senior,10880,10.88,130560,Very High (10K+),No,0,1.789,21,20+ yrs,6,2,1-2 yrs,8,1,21,2,1,Low,4,Very High,3,Better,3,Excellent,Yes,1,Travel_Frequently,22,Far (16+),3,Medical,0,13,3,3
1044,33,26-35,Female,Single,Sales,Sales Representative,1,Junior,2342,2.34,28104,Low (<3K),No,0,1.341,2,0-2 yrs,2,2,1-2 yrs,2,0,3,2,4,Very High,2,Medium,2,Good,3,Excellent,No,0,Non-Travel,8,Medium (6-15),1,Life Sciences,0,19,4,2
1045,45,36-45,Female,Married,Sales,Manager,4,Lead,17650,17.65,211800,Very High (10K+),No,0,0.645,9,6-10 yrs,3,1,1-2 yrs,1,3,26,4,4,Very High,4,Very High,4,Best,3,Excellent,No,0,Travel_Rarely,11,Medium (6-15),2,Life Sciences,1,13,2,3
1046,32,26-35,Female,Single,Research & Development,Laboratory Technician,1,Junior,4025,4.03,48300,Medium (3-6K),No,0,1.147,8,6-10 yrs,7,7,5+ yrs,7,9,10,2,3,High,4,Very High,3,Better,3,Excellent,No,0,Non-Travel,29,Far (16+),4,Medical,0,12,2,3
1047,34,26-35,Male,Divorced,Sales,Sales Executive,2,Mid-Level,9725,9.72,116700,High (6-10K),No,0,1.303,15,11-20 yrs,1,0,Just Promoted,9,0,16,2,4,Very High,2,Medium,2,Good,3,Excellent,No,0,Travel_Rarely,1,Near (1-5),4,Marketing,1,11,4,4
1048,59,55+,Male,Married,Sales,Manager,3,Senior,11904,11.9,142848,Very High (10K+),No,0,1.653,6,6-10 yrs,4,0,Just Promoted,4,3,14,1,4,Very High,2,Medium,1,Bad,3,Excellent,Yes,1,Travel_Rarely,1,Near (1-5),2,Technical Degree,1,14,3,3
1049,45,36-45,Male,Single,Human Resources,Human Resources,1,Junior,2177,2.18,26124,Low (<3K),No,0,1.733,6,6-10 yrs,3,0,Just Promoted,4,1,6,3,2,Medium,2,Medium,3,Better,3,Excellent,No,0,Travel_Rarely,24,Far (16+),4,Medical,0,16,1,3
1050,53,46-55,Female,Married,Sales,Sales Executive,3,Senior,7525,7.52,90300,High (6-10K),No,0,1.497,15,11-20 yrs,7,6,5+ yrs,12,2,30,2,2,Medium,3,High,3,Better,3,Excellent,No,0,Travel_Frequently,2,Near (1-5),3,Marketing,1,12,1,2
1052,36,36-45,Male,Divorced,Research & Development,Laboratory Technician,2,Mid-Level,4834,4.83,58008,Medium (3-6K),Yes,1,1.802,1,0-2 yrs,0,0,Just Promoted,0,7,9,3,3,High,1,Low,2,Good,3,Excellent,No,0,Travel_Rarely,15,Medium (6-15),3,Other,1,14,2,3
1053,26,26-35,Male,Married,Research & Development,Research Scientist,1,Junior,2042,2.04,24504,Low (<3K),Yes,1,2.314,3,3-5 yrs,2,1,1-2 yrs,2,6,6,2,1,Low,1,Low,3,Better,3,Excellent,Yes,1,Travel_Frequently,2,Near (1-5),3,Life Sciences,1,14,2,3
1055,34,26-35,Female,Married,Sales,Sales Representative,1,Junior,2220,2.22,26640,Low (<3K),No,0,1.434,1,0-2 yrs,1,0,Just Promoted,0,1,1,2,3,High,3,High,3,Better,3,Excellent,Yes,1,Travel_Rarely,10,Medium (6-15),4,Life Sciences,1,19,4,3
1056,28,26-35,Male,Married,Sales,Sales Representative,1,Junior,1052,1.05,12624,Low (<3K),No,0,1.284,1,0-2 yrs,0,0,Just Promoted,0,1,1,5,2,Medium,4,Very High,3,Better,4,Outstanding,No,0,Travel_Rarely,10,Medium (6-15),1,Medical,0,22,2,3
1060,38,36-45,Male,Married,Research & Development,Research Scientist,1,Junior,2821,2.82,33852,Low (<3K),No,0,1.224,2,0-2 yrs,2,2,1-2 yrs,2,3,8,2,3,High,3,High,3,Better,3,Excellent,No,0,Travel_Frequently,3,Near (1-5),4,Other,1,16,1,3
1061,50,46-55,Male,Married,Research & Development,Research Director,5,Director,19237,19.24,230844,Very High (10K+),No,0,1.804,8,6-10 yrs,1,7,5+ yrs,7,2,29,2,3,High,2,Medium,2,Good,3,Excellent,Yes,1,Travel_Rarely,2,Near (1-5),4,Medical,1,11,4,3
1062,37,36-45,Female,Single,Research & Development,Healthcare Representative,2,Mid-Level,4107,4.11,49284,Medium (3-6K),No,0,1.41,4,3-5 yrs,3,0,Just Promoted,1,3,8,3,2,Medium,4,Very High,2,Good,3,Excellent,No,0,Travel_Rarely,3,Near (1-5),3,Other,0,15,1,3
1066,40,36-45,Male,Married,Sales,Sales Executive,2,Mid-Level,8396,8.4,100752,High (6-10K),No,0,1.986,7,6-10 yrs,7,7,5+ yrs,5,1,8,3,1,Low,3,High,2,Good,3,Excellent,No,0,Travel_Rarely,26,Far (16+),3,Marketing,1,14,2,3
1068,26,26-35,Female,Divorced,Research & Development,Research Scientist,1,Junior,2007,2.01,24084,Low (<3K),No,0,1.61,5,3-5 yrs,3,1,1-2 yrs,3,1,5,5,3,High,1,Low,3,Better,3,Excellent,No,0,Travel_Frequently,1,Near (1-5),1,Medical,2,13,3,2
1069,46,46-55,Male,Divorced,Research & Development,Research Director,5,Director,19627,19.63,235524,Very High (10K+),No,0,0.767,2,0-2 yrs,2,2,1-2 yrs,2,9,23,0,4,Very High,4,Very High,3,Better,3,Excellent,No,0,Travel_Rarely,1,Near (1-5),4,Medical,2,17,4,3
1070,54,46-55,Female,Married,Sales,Sales Executive,3,Senior,10686,10.69,128232,Very High (10K+),No,0,1.254,9,6-10 yrs,4,7,5+ yrs,0,6,13,4,3,High,3,High,3,Better,3,Excellent,No,0,Travel_Rarely,2,Near (1-5),4,Life Sciences,1,11,2,2
1071,56,55+,Female,Married,Research & Development,Research Scientist,1,Junior,2942,2.94,35304,Low (<3K),No,0,1.631,5,3-5 yrs,4,0,Just Promoted,3,2,18,4,3,High,1,Low,3,Better,3,Excellent,No,0,Travel_Frequently,9,Medium (6-15),3,Medical,1,19,2,3
1073,36,36-45,Female,Single,Research & Development,Manufacturing Director,3,Senior,8858,8.86,106296,High (6-10K),No,0,0.988,14,11-20 yrs,8,7,5+ yrs,8,0,15,2,4,Very High,4,Very High,2,Good,3,Excellent,No,0,Travel_Rarely,12,Medium (6-15),5,Medical,0,11,2,2
1074,55,46-55,Male,Single,Research & Development,Manager,4,Lead,16756,16.76,201072,Very High (10K+),No,0,1.597,9,6-10 yrs,7,6,5+ yrs,2,7,31,3,1,Low,3,High,4,Best,3,Excellent,No,0,Non-Travel,2,Near (1-5),1,Medical,0,15,2,2
1076,43,36-45,Male,Divorced,Sales,Sales Executive,3,Senior,10798,10.8,129576,Very High (10K+),No,0,1.036,1,0-2 yrs,0,0,Just Promoted,0,5,18,5,4,Very High,3,High,3,Better,3,Excellent,No,0,Travel_Rarely,25,Far (16+),3,Medical,1,13,3,2
1077,20,18-25,Female,Single,Sales,Sales Representative,1,Junior,2323,2.32,27876,Low (<3K),Yes,1,0.981,2,0-2 yrs,2,0,Just Promoted,2,1,2,3,4,Very High,4,Very High,3,Better,3,Excellent,Yes,1,Travel_Frequently,9,Medium (6-15),3,Marketing,0,14,2,3
1079,21,18-25,Female,Single,Research & Development,Laboratory Technician,1,Junior,1416,1.42,16992,Low (<3K),Yes,1,1.891,1,0-2 yrs,0,1,1-2 yrs,0,1,1,6,1,Low,3,High,2,Good,3,Excellent,No,0,Travel_Rarely,10,Medium (6-15),3,Life Sciences,0,13,1,2
1080,46,46-55,Female,Divorced,Research & Development,Research Scientist,2,Mid-Level,4615,4.62,55380,Medium (3-6K),No,0,1.734,16,11-20 yrs,13,1,1-2 yrs,7,8,19,2,1,Low,4,Very High,3,Better,4,Outstanding,Yes,1,Travel_Rarely,8,Medium (6-15),4,Life Sciences,3,23,1,2
1081,51,46-55,Male,Married,Research & Development,Research Scientist,1,Junior,2461,2.46,29532,Low (<3K),Yes,1,1.677,10,6-10 yrs,0,2,1-2 yrs,7,9,18,2,3,High,1,Low,4,Best,3,Excellent,Yes,1,Travel_Rarely,4,Near (1-5),4,Life Sciences,3,12,3,3
1082,28,26-35,Male,Single,Research & Development,Healthcare Representative,3,Senior,8722,8.72,104664,High (6-10K),Yes,1,2.139,10,6-10 yrs,7,1,1-2 yrs,9,1,10,2,1,Low,2,Medium,2,Good,3,Excellent,No,0,Non-Travel,24,Far (16+),2,Technical Degree,0,12,1,2
1083,26,26-35,Male,Married,Research & Development,Laboratory Technician,1,Junior,3955,3.96,47460,Medium (3-6K),No,0,2.11,5,3-5 yrs,3,1,1-2 yrs,3,1,6,2,1,Low,1,Low,3,Better,3,Excellent,No,0,Travel_Rarely,1,Near (1-5),2,Medical,2,16,1,2
1084,30,26-35,Male,Married,Research & Development,Manufacturing Director,2,Mid-Level,9957,9.96,119484,High (6-10K),No,0,1.919,6,6-10 yrs,2,0,Just Promoted,2,0,7,1,1,Low,3,High,2,Good,3,Excellent,No,0,Travel_Rarely,20,Far (16+),3,Other,1,15,3,3
1085,41,36-45,Female,Married,Research & Development,Research Scientist,1,Junior,3376,3.38,40512,Medium (3-6K),No,0,1.424,10,6-10 yrs,6,0,Just Promoted,8,1,10,3,3,High,2,Medium,3,Better,3,Excellent,No,0,Travel_Rarely,7,Medium (6-15),2,Technical Degree,0,13,3,4
1088,38,36-45,Female,Married,Research & Development,Healthcare Representative,3,Senior,8823,8.82,105876,High (6-10K),No,0,1.415,19,11-20 yrs,9,1,1-2 yrs,9,0,20,4,3,High,3,High,2,Good,3,Excellent,No,0,Travel_Rarely,17,Far (16+),1,Life Sciences,1,18,1,2
1092,40,36-45,Male,Married,Research & Development,Healthcare Representative,3,Senior,10322,10.32,123864,Very High (10K+),No,0,1.492,11,11-20 yrs,10,11,5+ yrs,1,4,14,6,4,Very High,1,Low,3,Better,4,Outstanding,No,0,Travel_Rarely,20,Far (16+),4,Technical Degree,1,20,4,3
1094,27,26-35,Male,Married,Research & Development,Laboratory Technician,1,Junior,4621,4.62,55452,Medium (3-6K),No,0,1.634,3,3-5 yrs,2,1,1-2 yrs,2,1,3,4,3,High,1,Low,3,Better,3,Excellent,No,0,Non-Travel,8,Medium (6-15),5,Life Sciences,3,19,4,1
1096,55,46-55,Male,Married,Research & Development,Manufacturing Director,3,Senior,10976,10.98,131712,Very High (10K+),No,0,1.264,3,3-5 yrs,2,1,1-2 yrs,2,3,23,4,2,Medium,4,Very High,3,Better,3,Excellent,No,0,Travel_Frequently,2,Near (1-5),1,Life Sciences,1,18,2,3
1097,28,26-35,Female,Single,Research & Development,Research Scientist,2,Mid-Level,3660,3.66,43920,Medium (3-6K),No,0,1.091,8,6-10 yrs,7,1,1-2 yrs,7,3,10,4,3,High,3,High,4,Best,3,Excellent,No,0,Travel_Rarely,10,Medium (6-15),3,Other,0,13,4,3
1098,44,36-45,Male,Married,Human Resources,Human Resources,3,Senior,10482,10.48,125784,Very High (10K+),Yes,1,1.923,20,11-20 yrs,6,3,3-5 yrs,6,9,24,1,1,Low,2,Medium,3,Better,3,Excellent,No,0,Travel_Rarely,1,Near (1-5),2,Medical,1,14,4,2
1099,33,26-35,Male,Divorced,Research & Development,Healthcare Representative,3,Senior,7119,7.12,85428,High (6-10K),No,0,0.774,3,3-5 yrs,2,1,1-2 yrs,2,4,9,2,4,Very High,4,Very High,3,Better,3,Excellent,No,0,Travel_Rarely,5,Near (1-5),3,Life Sciences,1,15,3,2
1100,35,26-35,Male,Single,Sales,Sales Executive,3,Senior,9582,9.58,114984,High (6-10K),Yes,1,1.74,8,6-10 yrs,7,4,3-5 yrs,7,0,9,2,1,Low,4,Very High,3,Better,4,Outstanding,Yes,1,Travel_Rarely,4,Near (1-5),3,Technical Degree,0,22,1,3
1101,33,26-35,Female,Single,Research & Development,Research Scientist,2,Mid-Level,4508,4.51,54096,Medium (3-6K),Yes,1,1.72,13,11-20 yrs,7,3,3-5 yrs,8,1,14,4,3,High,1,Low,3,Better,4,Outstanding,No,0,Travel_Frequently,29,Far (16+),4,Medical,0,22,2,2
1102,28,26-35,Male,Divorced,Research & Development,Laboratory Technician,1,Junior,2207,2.21,26484,Low (<3K),No,0,1.815,4,3-5 yrs,2,2,1-2 yrs,2,1,4,5,3,High,1,Low,2,Good,3,Excellent,No,0,Travel_Rarely,15,Medium (6-15),2,Life Sciences,1,16,4,3
1103,34,26-35,Male,Single,Research & Development,Healthcare Representative,2,Mid-Level,7756,7.76,93072,High (6-10K),No,0,1.51,6,6-10 yrs,2,0,Just Promoted,4,0,7,1,4,Very High,1,Low,2,Good,3,Excellent,No,0,Travel_Frequently,3,Near (1-5),1,Life Sciences,0,17,3,3
1105,37,36-45,Female,Divorced,Sales,Sales Executive,2,Mid-Level,6694,6.69,80328,High (6-10K),No,0,0.984,1,0-2 yrs,0,0,Just Promoted,0,2,8,5,4,Very High,4,Very High,3,Better,3,Excellent,Yes,1,Travel_Rarely,10,Medium (6-15),4,Life Sciences,3,14,3,2
1106,25,18-25,Male,Married,Research & Development,Laboratory Technician,1,Junior,3691,3.69,44292,Medium (3-6K),Yes,1,0.847,7,6-10 yrs,7,5,3-5 yrs,6,1,7,3,4,Very High,4,Very High,4,Best,3,Excellent,Yes,1,Travel_Rarely,4,Near (1-5),1,Technical Degree,1,15,2,3
1107,26,26-35,Male,Divorced,Research & Development,Laboratory Technician,1,Junior,2377,2.38,28524,Low (<3K),Yes,1,1.822,1,0-2 yrs,1,0,Just Promoted,0,1,1,0,3,High,1,Low,2,Good,4,Outstanding,No,0,Travel_Rarely,21,Far (16+),3,Medical,1,20,3,3
1108,33,26-35,Male,Single,Research & Development,Research Scientist,1,Junior,2313,2.31,27756,Low (<3K),Yes,1,2.15,2,0-2 yrs,2,2,1-2 yrs,2,4,5,0,2,Medium,1,Low,3,Better,4,Outstanding,Yes,1,Travel_Rarely,25,Far (16+),3,Medical,0,20,2,2
1109,42,36-45,Male,Married,Research & Development,Manager,4,Lead,17665,17.66,211980,Very High (10K+),No,0,1.594,22,20+ yrs,6,13,5+ yrs,7,0,23,3,1,Low,4,Very High,3,Better,3,Excellent,No,0,Travel_Rarely,2,Near (1-5),2,Medical,1,17,4,3
1111,28,26-35,Male,Divorced,Research & Development,Laboratory Technician,1,Junior,2596,2.6,31152,Low (<3K),Yes,1,1.853,1,0-2 yrs,0,0,Just Promoted,0,1,1,2,2,Medium,1,Low,3,Better,3,Excellent,No,0,Travel_Frequently,1,Near (1-5),3,Medical,2,15,1,2
1113,50,46-55,Male,Single,Sales,Sales Executive,2,Mid-Level,4728,4.73,56736,Medium (3-6K),Yes,1,1.203,0,0-2 yrs,0,0,Just Promoted,0,3,5,4,3,High,4,Very High,3,Better,3,Excellent,Yes,1,Travel_Frequently,1,Near (1-5),4,Other,0,14,4,3
1114,33,26-35,Female,Married,Sales,Sales Executive,2,Mid-Level,4302,4.3,51624,Medium (3-6K),No,0,1.274,3,3-5 yrs,2,0,Just Promoted,2,0,4,3,2,Medium,4,Very High,3,Better,3,Excellent,No,0,Travel_Frequently,7,Medium (6-15),3,Life Sciences,1,17,3,3
1115,34,26-35,Male,Married,Research & Development,Research Scientist,1,Junior,2979,2.98,35748,Low (<3K),No,0,0.96,0,0-2 yrs,0,0,Just Promoted,0,3,6,2,4,Very High,3,High,3,Better,3,Excellent,No,0,Non-Travel,3,Near (1-5),4,Life Sciences,3,17,4,2
1116,48,46-55,Male,Single,Research & Development,Manager,4,Lead,16885,16.89,202620,Very High (10K+),No,0,1.517,5,3-5 yrs,4,2,1-2 yrs,1,2,27,3,4,Very High,1,Low,2,Good,4,Outstanding,No,0,Non-Travel,1,Near (1-5),4,Medical,0,22,3,4
1117,45,36-45,Female,Married,Sales,Sales Executive,2,Mid-Level,5593,5.59,67116,Medium (3-6K),No,0,1.458,15,11-20 yrs,10,4,3-5 yrs,12,1,15,2,3,High,2,Medium,3,Better,3,Excellent,No,0,Non-Travel,9,Medium (6-15),4,Life Sciences,1,13,4,2
1118,52,46-55,Male,Single,Research & Development,Healthcare Representative,3,Senior,10445,10.44,125340,Very High (10K+),No,0,1.701,8,6-10 yrs,6,4,3-5 yrs,0,7,18,4,2,Medium,2,Medium,3,Better,3,Excellent,No,0,Travel_Rarely,7,Medium (6-15),4,Life Sciences,0,19,4,3
1119,38,36-45,Male,Divorced,Sales,Sales Executive,3,Senior,8740,8.74,104880,High (6-10K),No,0,1.448,8,6-10 yrs,7,2,1-2 yrs,7,0,9,2,3,High,3,High,3,Better,3,Excellent,Yes,1,Travel_Rarely,10,Medium (6-15),4,Marketing,2,14,2,2
1120,29,26-35,Female,Divorced,Research & Development,Research Scientist,1,Junior,2514,2.51,30168,Low (<3K),No,0,1.053,7,6-10 yrs,5,1,1-2 yrs,7,4,11,1,4,Very High,3,High,3,Better,4,Outstanding,No,0,Travel_Rarely,28,Far (16+),4,Life Sciences,1,22,1,3
1121,28,26-35,Female,Divorced,Research & Development,Manufacturing Director,3,Senior,7655,7.66,91860,High (6-10K),No,0,1.417,9,6-10 yrs,7,1,1-2 yrs,7,0,10,3,2,Medium,4,Very High,2,Good,3,Excellent,No,0,Travel_Rarely,3,Near (1-5),3,Medical,3,17,2,3
1124,46,46-55,Male,Married,Sales,Manager,4,Lead,17465,17.46,209580,Very High (10K+),No,0,1.637,12,11-20 yrs,9,4,3-5 yrs,9,3,23,3,3,High,1,Low,3,Better,3,Excellent,No,0,Travel_Rarely,3,Near (1-5),1,Marketing,1,12,4,3
1125,38,36-45,Male,Single,Sales,Sales Executive,3,Senior,7351,7.35,88212,High (6-10K),No,0,1.257,1,0-2 yrs,0,0,Just Promoted,0,7,10,2,2,Medium,4,Very High,3,Better,3,Excellent,No,0,Travel_Rarely,2,Near (1-5),2,Marketing,0,16,3,3
1126,43,36-45,Female,Married,Research & Development,Manufacturing Director,3,Senior,10820,10.82,129840,Very High (10K+),No,0,1.793,8,6-10 yrs,7,0,Just Promoted,1,8,18,1,1,Low,3,High,3,Better,3,Excellent,No,0,Travel_Frequently,27,Far (16+),3,Life Sciences,1,11,3,3
1127,39,36-45,Male,Divorced,Research & Development,Healthcare Representative,4,Lead,12169,12.17,146028,Very High (10K+),Yes,1,1.43,18,11-20 yrs,7,11,5+ yrs,5,7,21,4,4,Very High,1,Low,3,Better,3,Excellent,No,0,Travel_Frequently,2,Near (1-5),3,Life Sciences,3,11,4,3
1128,40,36-45,Male,Single,Research & Development,Research Director,5,Director,19626,19.63,235512,Very High (10K+),No,0,1.125,20,11-20 yrs,7,4,3-5 yrs,9,1,21,2,3,High,3,High,4,Best,3,Excellent,No,0,Travel_Rarely,14,Medium (6-15),3,Medical,0,14,1,2
1131,21,18-25,Female,Single,Research & Development,Research Scientist,1,Junior,2070,2.07,24840,Low (<3K),No,0,1.317,2,0-2 yrs,2,2,1-2 yrs,2,1,2,6,2,Medium,4,Very High,4,Best,3,Excellent,Yes,1,Travel_Rarely,1,Near (1-5),1,Technical Degree,0,11,3,2
1132,39,36-45,Male,Single,Research & Development,Laboratory Technician,2,Mid-Level,6782,6.78,81384,High (6-10K),No,0,1.631,5,3-5 yrs,4,0,Just Promoted,3,9,9,2,2,Medium,3,High,2,Good,3,Excellent,No,0,Non-Travel,9,Medium (6-15),3,Life Sciences,0,15,3,3
1133,36,36-45,Male,Single,Research & Development,Manufacturing Director,2,Mid-Level,7779,7.78,93348,High (6-10K),No,0,1.412,11,11-20 yrs,9,0,Just Promoted,9,2,18,0,4,Very High,1,Low,3,Better,4,Outstanding,No,0,Non-Travel,18,Far (16+),4,Life Sciences,0,20,1,3
1135,31,26-35,Male,Married,Sales,Sales Representative,1,Junior,2791,2.79,33492,Low (<3K),No,0,1.032,2,0-2 yrs,2,2,1-2 yrs,2,0,3,4,4,Very High,3,High,3,Better,3,Excellent,No,0,Travel_Frequently,20,Far (16+),3,Life Sciences,1,12,1,4
1136,28,26-35,Male,Married,Research & Development,Research Scientist,1,Junior,3201,3.2,38412,Medium (3-6K),No,0,2.157,5,3-5 yrs,3,0,Just Promoted,4,0,6,2,2,Medium,1,Low,1,Bad,3,Excellent,No,0,Travel_Rarely,2,Near (1-5),1,Life Sciences,0,17,1,2
1137,35,26-35,Male,Divorced,Sales,Sales Executive,2,Mid-Level,4968,4.97,59616,Medium (3-6K),No,0,0.788,5,3-5 yrs,2,0,Just Promoted,2,1,5,3,4,Very High,4,Very High,3,Better,3,Excellent,No,0,Travel_Frequently,11,Medium (6-15),2,Marketing,1,11,4,3
1138,49,46-55,Male,Married,Sales,Sales Executive,4,Lead,13120,13.12,157440,Very High (10K+),No,0,1.291,9,6-10 yrs,8,2,1-2 yrs,3,6,22,3,2,Medium,4,Very High,3,Better,3,Excellent,No,0,Travel_Rarely,8,Medium (6-15),4,Technical Degree,1,17,2,2
1140,34,26-35,Male,Single,Research & Development,Manufacturing Director,2,Mid-Level,4033,4.03,48396,Medium (3-6K),No,0,1.157,3,3-5 yrs,2,0,Just Promoted,2,2,5,3,3,High,4,Very High,2,Good,3,Excellent,No,0,Travel_Frequently,2,Near (1-5),2,Life Sciences,0,11,4,3
1143,29,26-35,Female,Divorced,Research & Development,Research Scientist,1,Junior,3291,3.29,39492,Medium (3-6K),No,0,1.441,7,6-10 yrs,5,1,1-2 yrs,1,0,8,2,2,Medium,4,Very High,2,Good,3,Excellent,No,0,Travel_Frequently,10,Medium (6-15),3,Life Sciences,2,14,4,3
1148,42,36-45,Male,Single,Research & Development,Laboratory Technician,2,Mid-Level,4272,4.27,51264,Medium (3-6K),No,0,1.25,1,0-2 yrs,0,0,Just Promoted,0,4,16,3,4,Very High,2,Medium,3,Better,3,Excellent,No,0,Travel_Rarely,29,Far (16+),3,Medical,0,19,1,1
1150,29,26-35,Male,Married,Research & Development,Manufacturing Director,2,Mid-Level,5056,5.06,60672,Medium (3-6K),No,0,1.534,10,6-10 yrs,7,1,1-2 yrs,2,1,10,2,4,Very High,2,Medium,2,Good,3,Excellent,Yes,1,Travel_Rarely,8,Medium (6-15),1,Medical,1,15,3,2
1152,38,36-45,Male,Married,Human Resources,Human Resources,1,Junior,2844,2.84,34128,Low (<3K),No,0,1.087,7,6-10 yrs,6,5,3-5 yrs,0,1,7,2,3,High,3,High,4,Best,3,Excellent,No,0,Travel_Rarely,1,Near (1-5),3,Human Resources,1,13,4,4
1154,28,26-35,Male,Divorced,Research & Development,Research Scientist,1,Junior,2703,2.7,32436,Low (<3K),No,0,1.421,3,3-5 yrs,1,0,Just Promoted,2,1,3,2,3,High,3,High,3,Better,3,Excellent,Yes,1,Travel_Frequently,6,Medium (6-15),3,Life Sciences,1,14,4,2
1156,18,18-25,Male,Single,Research & Development,Laboratory Technician,1,Junior,1904,1.9,22848,Low (<3K),Yes,1,1.228,0,0-2 yrs,0,0,Just Promoted,0,1,0,0,3,High,3,High,3,Better,3,Excellent,No,0,Non-Travel,8,Medium (6-15),1,Medical,0,12,4,3
1157,33,26-35,Female,Single,Sales,Sales Executive,2,Mid-Level,8224,8.22,98688,High (6-10K),Yes,1,2.331,5,3-5 yrs,2,0,Just Promoted,3,0,6,3,1,Low,1,Low,3,Better,3,Excellent,Yes,1,Travel_Rarely,9,Medium (6-15),4,Marketing,0,17,1,3
1158,41,36-45,Male,Married,Research & Development,Laboratory Technician,1,Junior,4766,4.77,57192,Medium (3-6K),No,0,1.391,1,0-2 yrs,0,0,Just Promoted,0,3,6,4,4,Very High,2,Medium,3,Better,3,Excellent,Yes,1,Travel_Rarely,12,Medium (6-15),4,Life Sciences,1,11,1,3
1160,31,26-35,Male,Married,Research & Development,Laboratory Technician,1,Junior,2610,2.61,31320,Low (<3K),Yes,1,1.415,2,0-2 yrs,2,2,1-2 yrs,2,1,2,5,3,High,3,High,2,Good,3,Excellent,No,0,Travel_Frequently,15,Medium (6-15),3,Medical,1,12,3,3
1161,37,36-45,Female,Divorced,Research & Development,Healthcare Representative,2,Mid-Level,5731,5.73,68772,Medium (3-6K),No,0,1.043,6,6-10 yrs,2,1,1-2 yrs,3,7,9,2,4,Very High,3,High,3,Better,3,Excellent,No,0,Travel_Rarely,25,Far (16+),2,Medical,2,13,3,2
1162,27,26-35,Male,Married,Research & Development,Research Scientist,1,Junior,2539,2.54,30468,Low (<3K),No,0,1.034,4,3-5 yrs,2,2,1-2 yrs,2,1,4,0,3,High,4,Very High,3,Better,3,Excellent,No,0,Travel_Rarely,6,Medium (6-15),3,Life Sciences,1,13,3,2
1163,34,26-35,Female,Married,Sales,Sales Executive,2,Mid-Level,5714,5.71,68568,Medium (3-6K),No,0,1.588,6,6-10 yrs,5,1,1-2 yrs,3,1,6,3,3,High,2,Medium,2,Good,4,Outstanding,No,0,Travel_Rarely,9,Medium (6-15),1,Life Sciences,0,20,1,3
1164,35,26-35,Male,Single,Human Resources,Human Resources,1,Junior,4323,4.32,51876,Medium (3-6K),No,0,1.534,5,3-5 yrs,4,1,1-2 yrs,4,1,6,2,3,High,3,High,1,Bad,3,Excellent,No,0,Travel_Rarely,8,Medium (6-15),4,Technical Degree,0,17,2,3
1165,29,26-35,Female,Married,Sales,Sales Executive,3,Senior,7336,7.34,88032,High (6-10K),Yes,1,1.899,11,11-20 yrs,8,3,3-5 yrs,10,1,11,3,1,Low,4,Very High,1,Bad,3,Excellent,No,0,Travel_Rarely,23,Far (16+),1,Life Sciences,1,13,1,2
1166,40,36-45,Female,Single,Research & Development,Research Director,3,Senior,13499,13.5,161988,Very High (10K+),No,0,1.594,18,11-20 yrs,7,2,1-2 yrs,13,9,20,3,3,High,2,Medium,2,Good,3,Excellent,No,0,Travel_Frequently,9,Medium (6-15),4,Medical,0,17,3,3
1167,42,36-45,Male,Single,Sales,Sales Executive,4,Lead,13758,13.76,165096,Very High (10K+),Yes,1,2.178,21,20+ yrs,9,13,5+ yrs,14,0,22,2,1,Low,3,High,2,Good,3,Excellent,Yes,1,Travel_Frequently,12,Medium (6-15),3,Life Sciences,0,12,2,3
1171,42,36-45,Male,Single,Sales,Sales Executive,2,Mid-Level,5155,5.16,61860,Medium (3-6K),No,0,1.77,6,6-10 yrs,4,1,1-2 yrs,5,7,9,3,1,Low,2,Medium,4,Best,3,Excellent,No,0,Travel_Rarely,4,Near (1-5),4,Marketing,0,13,4,3
1172,35,26-35,Male,Married,Research & Development,Laboratory Technician,1,Junior,2258,2.26,27096,Low (<3K),No,0,1.01,8,6-10 yrs,0,1,1-2 yrs,7,6,10,2,3,High,4,Very High,3,Better,3,Excellent,No,0,Travel_Rarely,1,Near (1-5),4,Medical,1,12,2,2
1173,24,18-25,Male,Single,Research & Development,Laboratory Technician,1,Junior,3597,3.6,43164,Medium (3-6K),No,0,1.339,4,3-5 yrs,3,1,1-2 yrs,2,8,6,2,2,Medium,4,Very High,3,Better,4,Outstanding,No,0,Travel_Rarely,24,Far (16+),3,Medical,0,22,4,3
1175,28,26-35,Female,Married,Research & Development,Laboratory Technician,1,Junior,2515,2.52,30180,Low (<3K),Yes,1,1.341,1,0-2 yrs,1,0,Just Promoted,0,1,1,4,4,Very High,3,High,2,Good,3,Excellent,Yes,1,Travel_Rarely,12,Medium (6-15),1,Life Sciences,0,11,4,3
1177,26,26-35,Male,Married,Research & Development,Laboratory Technician,1,Junior,4420,4.42,53040,Medium (3-6K),No,0,1.36,8,6-10 yrs,7,0,Just Promoted,7,1,8,2,4,Very High,1,Low,3,Better,4,Outstanding,No,0,Travel_Rarely,3,Near (1-5),4,Medical,1,22,2,4
1179,30,26-35,Male,Married,Sales,Sales Executive,2,Mid-Level,6578,6.58,78936,High (6-10K),No,0,1.241,10,6-10 yrs,3,1,1-2 yrs,4,1,10,3,3,High,3,High,3,Better,3,Excellent,No,0,Travel_Rarely,10,Medium (6-15),3,Marketing,1,18,1,2
1180,40,36-45,Female,Married,Research & Development,Research Scientist,2,Mid-Level,4422,4.42,53064,Medium (3-6K),No,0,1.54,1,0-2 yrs,1,0,Just Promoted,0,3,16,3,4,Very High,3,High,1,Bad,3,Excellent,Yes,1,Travel_Frequently,26,Far (16+),2,Medical,1,13,4,2
1182,35,26-35,Male,Divorced,Research & Development,Manufacturing Director,3,Senior,10274,10.27,123288,Very High (10K+),No,0,1.347,7,6-10 yrs,7,6,5+ yrs,4,2,15,2,2,Medium,3,High,4,Best,3,Excellent,No,0,Travel_Rarely,2,Near (1-5),3,Life Sciences,1,18,2,2
1184,34,26-35,Male,Single,Research & Development,Healthcare Representative,2,Mid-Level,5343,5.34,64116,Medium (3-6K),No,0,1.53,13,11-20 yrs,9,4,3-5 yrs,9,0,14,3,1,Low,4,Very High,3,Better,4,Outstanding,No,0,Travel_Frequently,1,Near (1-5),3,Medical,0,20,3,2
1185,35,26-35,Male,Married,Research & Development,Laboratory Technician,1,Junior,2376,2.38,28512,Low (<3K),No,0,0.627,2,0-2 yrs,2,2,1-2 yrs,2,1,2,2,4,Very High,4,Very High,4,Best,3,Excellent,No,0,Travel_Frequently,4,Near (1-5),4,Other,1,13,2,2
1188,43,36-45,Female,Single,Sales,Sales Executive,2,Mid-Level,5346,5.35,64152,Medium (3-6K),Yes,1,1.788,4,3-5 yrs,3,1,1-2 yrs,3,8,7,2,3,High,1,Low,2,Good,3,Excellent,No,0,Travel_Rarely,9,Medium (6-15),3,Marketing,0,13,2,1
1190,32,26-35,Female,Divorced,Sales,Sales Representative,1,Junior,2827,2.83,33924,Low (<3K),No,0,1.707,1,0-2 yrs,0,0,Just Promoted,0,1,1,3,1,Low,3,High,3,Better,3,Excellent,No,0,Non-Travel,2,Near (1-5),1,Life Sciences,3,12,3,3
1191,56,55+,Female,Divorced,Research & Development,Manager,5,Director,19943,19.94,239316,Very High (10K+),No,0,1.54,5,3-5 yrs,2,4,3-5 yrs,2,4,28,2,1,Low,4,Very High,3,Better,3,Excellent,No,0,Travel_Rarely,4,Near (1-5),4,Technical Degree,1,13,4,3
1192,29,26-35,Female,Married,Research & Development,Laboratory Technician,1,Junior,3131,3.13,37572,Medium (3-6K),No,0,1.171,10,6-10 yrs,8,0,Just Promoted,8,1,10,5,4,Very High,2,Medium,3,Better,3,Excellent,No,0,Travel_Rarely,6,Medium (6-15),1,Medical,1,13,1,3
1193,19,18-25,Male,Single,Research & Development,Research Scientist,1,Junior,2552,2.55,30624,Low (<3K),No,0,1.731,1,0-2 yrs,1,0,Just Promoted,0,1,1,4,1,Low,3,High,3,Better,4,Outstanding,No,0,Travel_Rarely,9,Medium (6-15),2,Life Sciences,0,25,3,3
1195,45,36-45,Female,Married,Research & Development,Research Scientist,1,Junior,4477,4.48,53724,Medium (3-6K),No,0,1.974,3,3-5 yrs,2,0,Just Promoted,2,4,7,2,3,High,1,Low,2,Good,3,Excellent,Yes,1,Travel_Rarely,7,Medium (6-15),3,Medical,1,19,3,3
1196,37,36-45,Female,Married,Research & Development,Manufacturing Director,2,Mid-Level,6474,6.47,77688,High (6-10K),No,0,0.923,14,11-20 yrs,8,3,3-5 yrs,11,1,14,2,4,Very High,4,Very High,2,Good,3,Excellent,No,0,Travel_Rarely,1,Near (1-5),3,Life Sciences,1,13,2,2
1198,20,18-25,Male,Single,Research & Development,Laboratory Technician,1,Junior,3033,3.03,36396,Medium (3-6K),No,0,1.767,2,0-2 yrs,2,1,1-2 yrs,2,1,2,2,3,High,1,Low,2,Good,3,Excellent,No,0,Travel_Rarely,3,Near (1-5),3,Life Sciences,0,12,1,2
1200,44,36-45,Male,Single,Research & Development,Research Scientist,1,Junior,2936,2.94,35232,Low (<3K),Yes,1,1.434,6,6-10 yrs,4,0,Just Promoted,2,1,6,4,3,High,3,High,3,Better,3,Excellent,Yes,1,Travel_Rarely,10,Medium (6-15),4,Life Sciences,0,11,3,3
1201,53,46-55,Female,Divorced,Research & Development,Manager,5,Director,18606,18.61,223272,Very High (10K+),No,0,1.051,7,6-10 yrs,7,4,3-5 yrs,7,3,26,6,3,High,4,Very High,3,Better,3,Excellent,No,0,Travel_Rarely,7,Medium (6-15),2,Medical,1,18,2,3
1202,29,26-35,Female,Married,Research & Development,Research Scientist,1,Junior,2168,2.17,26016,Low (<3K),No,0,1.558,5,3-5 yrs,4,1,1-2 yrs,3,0,6,2,4,Very High,2,Medium,2,Good,3,Excellent,Yes,1,Travel_Rarely,15,Medium (6-15),1,Life Sciences,1,18,1,1
1203,22,18-25,Male,Married,Research & Development,Research Scientist,1,Junior,2853,2.85,34236,Low (<3K),Yes,1,1.16,0,0-2 yrs,0,0,Just Promoted,0,0,1,5,4,Very High,3,High,3,Better,3,Excellent,Yes,1,Travel_Frequently,3,Near (1-5),4,Life Sciences,1,11,2,2
1204,46,46-55,Female,Married,Sales,Manager,4,Lead,17048,17.05,204576,Very High (10K+),No,0,1.807,26,20+ yrs,15,15,5+ yrs,9,8,28,2,1,Low,3,High,3,Better,4,Outstanding,No,0,Travel_Rarely,2,Near (1-5),3,Marketing,0,23,1,3
1206,44,36-45,Male,Single,Research & Development,Research Scientist,1,Junior,2290,2.29,27480,Low (<3K),No,0,1.059,0,0-2 yrs,0,0,Just Promoted,0,2,6,3,3,High,4,Very High,3,Better,3,Excellent,No,0,Non-Travel,17,Far (16+),3,Life Sciences,0,13,4,1
1207,33,26-35,Male,Married,Human Resources,Human Resources,1,Junior,3600,3.6,43200,Medium (3-6K),No,0,1.414,5,3-5 yrs,4,1,1-2 yrs,4,1,5,2,3,High,2,Medium,3,Better,3,Excellent,No,0,Travel_Rarely,2,Near (1-5),3,Human Resources,1,13,4,3
1210,41,36-45,Male,Divorced,Research & Development,Research Scientist,1,Junior,2107,2.11,25284,Low (<3K),Yes,1,2.417,1,0-2 yrs,0,0,Just Promoted,0,6,5,2,1,Low,1,Low,1,Bad,3,Excellent,No,0,Non-Travel,5,Near (1-5),2,Life Sciences,1,17,1,2
1211,30,26-35,Male,Divorced,Sales,Sales Executive,2,Mid-Level,4115,4.12,49380,Medium (3-6K),No,0,1.8,4,3-5 yrs,3,0,Just Promoted,3,8,8,3,1,Low,3,High,3,Better,3,Excellent,No,0,Travel_Rarely,29,Far (16+),4,Life Sciences,3,19,3,3
1212,40,36-45,Male,Married,Sales,Sales Executive,2,Mid-Level,4327,4.33,51924,Medium (3-6K),No,0,1.657,0,0-2 yrs,0,0,Just Promoted,0,5,5,2,2,Medium,2,Medium,3,Better,3,Excellent,No,0,Travel_Frequently,2,Near (1-5),4,Medical,3,12,4,3
1215,50,46-55,Female,Married,Research & Development,Manager,4,Lead,17856,17.86,214272,Very High (10K+),No,0,1.52,2,0-2 yrs,2,2,1-2 yrs,2,2,32,3,1,Low,4,Very High,3,Better,4,Outstanding,No,0,Travel_Frequently,2,Near (1-5),3,Medical,1,22,3,3
1216,28,26-35,Male,Married,Research & Development,Laboratory Technician,1,Junior,3196,3.2,38352,Medium (3-6K),No,0,1.586,6,6-10 yrs,5,3,3-5 yrs,3,1,6,2,1,Low,4,Very High,3,Better,3,Excellent,No,0,Travel_Rarely,19,Far (16+),4,Medical,3,12,3,2
1217,46,46-55,Male,Married,Research & Development,Research Director,5,Director,19081,19.08,228972,Very High (10K+),No,0,1.302,4,3-5 yrs,2,0,Just Promoted,3,5,25,2,2,Medium,4,Very High,3,Better,3,Excellent,No,0,Travel_Rarely,15,Medium (6-15),2,Life Sciences,1,11,1,3
1218,35,26-35,Male,Married,Sales,Sales Executive,2,Mid-Level,8966,8.97,107592,High (6-10K),No,0,1.965,7,6-10 yrs,7,1,1-2 yrs,7,3,15,2,1,Low,3,High,3,Better,3,Excellent,Yes,1,Travel_Rarely,17,Far (16+),4,Life Sciences,3,15,4,3
1219,24,18-25,Female,Married,Research & Development,Laboratory Technician,1,Junior,2210,2.21,26520,Low (<3K),Yes,1,1.609,1,0-2 yrs,0,0,Just Promoted,0,1,1,3,2,Medium,4,Very High,1,Bad,3,Excellent,No,0,Travel_Rarely,17,Far (16+),2,Life Sciences,1,13,1,3
1220,33,26-35,Female,Married,Sales,Sales Executive,2,Mid-Level,4539,4.54,54468,Medium (3-6K),No,0,1.636,10,6-10 yrs,7,0,Just Promoted,1,1,10,3,3,High,2,Medium,2,Good,3,Excellent,No,0,Travel_Frequently,25,Far (16+),3,Medical,1,12,1,3
1221,36,36-45,Male,Divorced,Research & Development,Laboratory Technician,1,Junior,2741,2.74,32892,Low (<3K),No,0,1.227,7,6-10 yrs,7,1,1-2 yrs,7,1,7,4,3,High,3,High,3,Better,3,Excellent,No,0,Travel_Rarely,6,Medium (6-15),4,Life Sciences,1,14,3,1
1224,30,26-35,Male,Divorced,Research & Development,Laboratory Technician,2,Mid-Level,3491,3.49,41892,Medium (3-6K),No,0,1.427,10,6-10 yrs,7,8,5+ yrs,9,1,10,4,3,High,3,High,2,Good,3,Excellent,No,0,Travel_Rarely,7,Medium (6-15),4,Life Sciences,3,13,1,3
1225,44,36-45,Male,Single,Research & Development,Research Scientist,2,Mid-Level,4541,4.54,54492,Medium (3-6K),No,0,0.937,20,11-20 yrs,11,13,5+ yrs,17,1,20,3,4,Very High,4,Very High,3,Better,4,Outstanding,No,0,Travel_Rarely,29,Far (16+),4,Other,0,25,2,3
1226,20,18-25,Male,Single,Sales,Sales Representative,1,Junior,2678,2.68,32136,Low (<3K),No,0,1.036,2,0-2 yrs,1,2,1-2 yrs,2,1,2,2,4,Very High,3,High,3,Better,3,Excellent,No,0,Travel_Rarely,21,Far (16+),3,Marketing,0,17,4,4
1228,46,46-55,Male,Divorced,Research & Development,Manufacturing Director,2,Mid-Level,7379,7.38,88548,High (6-10K),No,0,0.914,6,6-10 yrs,3,1,1-2 yrs,4,2,12,3,4,Very High,4,Very High,2,Good,3,Excellent,No,0,Travel_Rarely,2,Near (1-5),4,Technical Degree,1,11,3,3
1231,42,36-45,Male,Married,Human Resources,Human Resources,2,Mid-Level,6272,6.27,75264,High (6-10K),No,0,1.357,4,3-5 yrs,3,0,Just Promoted,3,7,10,3,1,Low,4,Very High,4,Best,3,Excellent,No,0,Non-Travel,2,Near (1-5),5,Medical,1,16,1,4
1233,60,55+,Male,Divorced,Sales,Sales Executive,2,Mid-Level,5220,5.22,62640,Medium (3-6K),No,0,1.381,11,11-20 yrs,7,1,1-2 yrs,9,0,12,3,4,Very High,2,Medium,3,Better,3,Excellent,Yes,1,Travel_Rarely,7,Medium (6-15),4,Marketing,1,18,2,4
1234,32,26-35,Female,Married,Research & Development,Laboratory Technician,1,Junior,2743,2.74,32916,Low (<3K),No,0,1.508,2,0-2 yrs,2,2,1-2 yrs,2,1,2,2,2,Medium,3,High,3,Better,4,Outstanding,No,0,Travel_Frequently,13,Medium (6-15),3,Other,1,20,3,2
1235,32,26-35,Female,Single,Research & Development,Research Scientist,2,Mid-Level,4998,5.0,59976,Medium (3-6K),No,0,1.207,8,6-10 yrs,7,0,Just Promoted,7,4,10,2,3,High,4,Very High,3,Better,3,Excellent,Yes,1,Travel_Frequently,2,Near (1-5),2,Life Sciences,0,14,4,3
1237,36,36-45,Female,Divorced,Research & Development,Manufacturing Director,3,Senior,10252,10.25,123024,Very High (10K+),No,0,1.95,7,6-10 yrs,7,7,5+ yrs,7,2,17,2,1,Low,3,High,3,Better,4,Outstanding,Yes,1,Travel_Rarely,1,Near (1-5),3,Technical Degree,1,21,3,1
1238,33,26-35,Male,Married,Research & Development,Research Scientist,1,Junior,2781,2.78,33372,Low (<3K),No,0,1.408,14,11-20 yrs,10,4,3-5 yrs,10,0,15,5,4,Very High,1,Low,3,Better,3,Excellent,No,0,Travel_Rarely,9,Medium (6-15),3,Medical,1,13,2,3
1239,40,36-45,Female,Divorced,Sales,Sales Executive,2,Mid-Level,6852,6.85,82224,High (6-10K),No,0,1.541,5,3-5 yrs,1,1,1-2 yrs,3,7,7,2,2,Medium,2,Medium,4,Best,3,Excellent,No,0,Travel_Rarely,10,Medium (6-15),3,Technical Degree,1,12,2,2
1240,25,18-25,Male,Single,Sales,Sales Executive,2,Mid-Level,4950,4.95,59400,Medium (3-6K),No,0,0.991,4,3-5 yrs,3,1,1-2 yrs,1,0,5,4,4,Very High,3,High,3,Better,3,Excellent,No,0,Travel_Rarely,10,Medium (6-15),4,Life Sciences,0,14,2,3
1241,30,26-35,Male,Married,Research & Development,Research Scientist,1,Junior,3579,3.58,42948,Medium (3-6K),No,0,1.487,11,11-20 yrs,9,5,3-5 yrs,7,0,12,2,2,Medium,4,Very High,3,Better,4,Outstanding,Yes,1,Travel_Rarely,1,Near (1-5),3,Medical,1,21,1,3
1242,42,36-45,Female,Married,Research & Development,Research Director,3,Senior,13191,13.19,158292,Very High (10K+),No,0,2.39,1,0-2 yrs,0,0,Just Promoted,0,3,20,6,1,Low,1,Low,3,Better,3,Excellent,Yes,1,Travel_Frequently,26,Far (16+),5,Medical,0,17,3,3
1243,35,26-35,Female,Married,Sales,Sales Executive,3,Senior,10377,10.38,124524,Very High (10K+),No,0,1.354,13,11-20 yrs,2,4,3-5 yrs,12,4,16,6,4,Very High,3,High,2,Good,3,Excellent,Yes,1,Non-Travel,8,Medium (6-15),2,Marketing,1,11,2,2
1244,27,26-35,Male,Married,Research & Development,Research Scientist,1,Junior,2235,2.24,26820,Low (<3K),No,0,2.538,9,6-10 yrs,7,6,5+ yrs,8,1,9,3,1,Low,1,Low,2,Good,3,Excellent,Yes,1,Travel_Rarely,14,Medium (6-15),3,Life Sciences,2,14,4,3
1245,54,46-55,Female,Divorced,Research & Development,Manufacturing Director,3,Senior,10502,10.5,126024,Very High (10K+),No,0,1.31,5,3-5 yrs,4,1,1-2 yrs,4,7,33,2,3,High,4,Very High,1,Bad,3,Excellent,No,0,Travel_Frequently,1,Near (1-5),4,Life Sciences,1,17,1,3
1246,44,36-45,Female,Married,Research & Development,Research Scientist,1,Junior,2011,2.01,24132,Low (<3K),No,0,1.404,10,6-10 yrs,5,7,5+ yrs,7,1,10,5,4,Very High,1,Low,3,Better,3,Excellent,No,0,Travel_Rarely,2,Near (1-5),1,Life Sciences,1,13,4,4
1248,19,18-25,Female,Single,Research & Development,Research Scientist,1,Junior,1859,1.86,22308,Low (<3K),Yes,1,1.934,1,0-2 yrs,1,0,Just Promoted,0,1,1,2,2,Medium,1,Low,4,Best,4,Outstanding,Yes,1,Non-Travel,10,Medium (6-15),3,Medical,0,25,2,2
1249,29,26-35,Female,Divorced,Research & Development,Research Scientist,1,Junior,3760,3.76,45120,Medium (3-6K),No,0,1.36,3,3-5 yrs,2,1,1-2 yrs,2,1,3,5,4,Very High,1,Low,3,Better,3,Excellent,No,0,Travel_Rarely,1,Near (1-5),3,Life Sciences,3,15,1,3
1250,54,46-55,Male,Married,Research & Development,Research Director,4,Lead,17779,17.78,213348,Very High (10K+),No,0,0.76,10,6-10 yrs,9,0,Just Promoted,9,3,36,2,4,Very High,4,Very High,3,Better,3,Excellent,No,0,Travel_Rarely,3,Near (1-5),3,Life Sciences,0,14,1,3
1251,31,26-35,Male,Married,Research & Development,Healthcare Representative,2,Mid-Level,6833,6.83,81996,High (6-10K),No,0,2.088,6,6-10 yrs,5,0,Just Promoted,1,1,6,2,1,Low,3,High,2,Good,3,Excellent,Yes,1,Travel_Rarely,11,Medium (6-15),2,Medical,0,12,4,3
1252,31,26-35,Female,Single,Research & Development,Healthcare Representative,2,Mid-Level,6812,6.81,81744,High (6-10K),No,0,1.789,10,6-10 yrs,9,1,1-2 yrs,8,1,10,2,1,Low,3,High,3,Better,3,Excellent,No,0,Travel_Rarely,24,Far (16+),3,Medical,0,19,2,2
1254,59,55+,Female,Single,Sales,Sales Executive,2,Mid-Level,5171,5.17,62052,Medium (3-6K),No,0,0.96,6,6-10 yrs,1,0,Just Promoted,5,5,13,2,4,Very High,3,High,3,Better,3,Excellent,No,0,Travel_Rarely,3,Near (1-5),3,Life Sciences,0,17,4,2
1255,43,36-45,Male,Married,Research & Development,Research Director,5,Director,19740,19.74,236880,Very High (10K+),No,0,0.96,8,6-10 yrs,7,0,Just Promoted,7,3,25,2,4,Very High,3,High,3,Better,3,Excellent,No,0,Travel_Rarely,3,Near (1-5),3,Life Sciences,1,14,2,1
1256,49,46-55,Male,Married,Research & Development,Manager,5,Director,18711,18.71,224532,Very High (10K+),No,0,1.464,1,0-2 yrs,0,0,Just Promoted,0,2,23,2,3,High,1,Low,4,Best,3,Excellent,No,0,Travel_Rarely,4,Near (1-5),2,Medical,1,13,3,2
1257,36,36-45,Male,Married,Research & Development,Research Scientist,1,Junior,3692,3.69,44304,Medium (3-6K),No,0,1.61,11,11-20 yrs,10,0,Just Promoted,7,1,12,2,2,Medium,3,High,2,Good,3,Excellent,No,0,Travel_Frequently,3,Near (1-5),3,Technical Degree,0,12,3,3
1258,48,46-55,Male,Single,Research & Development,Laboratory Technician,1,Junior,2559,2.56,30708,Low (<3K),No,0,1.407,1,0-2 yrs,0,0,Just Promoted,0,5,7,4,2,Medium,4,Very High,2,Good,3,Excellent,No,0,Travel_Rarely,2,Near (1-5),2,Technical Degree,0,11,3,4
1259,27,26-35,Male,Divorced,Research & Development,Research Scientist,1,Junior,2517,2.52,30204,Low (<3K),No,0,1.614,5,3-5 yrs,3,0,Just Promoted,3,1,5,2,3,High,1,Low,3,Better,3,Excellent,No,0,Travel_Rarely,4,Near (1-5),2,Life Sciences,3,11,2,3
1260,29,26-35,Male,Divorced,Research & Development,Healthcare Representative,2,Mid-Level,6623,6.62,79476,High (6-10K),No,0,1.181,6,6-10 yrs,0,1,1-2 yrs,0,1,6,2,4,Very High,3,High,3,Better,3,Excellent,Yes,1,Travel_Rarely,7,Medium (6-15),3,Life Sciences,2,11,2,3
1263,48,46-55,Male,Single,Research & Development,Research Director,5,Director,18265,18.26,219180,Very High (10K+),No,0,0.603,1,0-2 yrs,0,0,Just Promoted,0,6,25,3,4,Very High,4,Very High,4,Best,3,Excellent,No,0,Travel_Rarely,1,Near (1-5),3,Life Sciences,0,12,3,2
1264,29,26-35,Female,Divorced,Research & Development,Research Director,4,Lead,16124,16.12,193488,Very High (10K+),No,0,0.91,7,6-10 yrs,7,1,1-2 yrs,7,3,9,2,4,Very High,4,Very High,2,Good,3,Excellent,No,0,Travel_Rarely,1,Near (1-5),3,Life Sciences,2,14,2,2
1265,34,26-35,Female,Married,Research & Development,Research Scientist,1,Junior,2585,2.58,31020,Low (<3K),No,0,1.419,1,0-2 yrs,0,0,Just Promoted,0,0,2,5,3,High,3,High,2,Good,3,Excellent,No,0,Travel_Rarely,20,Far (16+),3,Technical Degree,0,17,4,4
1267,44,36-45,Male,Married,Sales,Manager,5,Director,18213,18.21,218556,Very High (10K+),No,0,1.687,22,20+ yrs,9,3,3-5 yrs,10,7,26,5,2,Medium,2,Medium,3,Better,3,Excellent,No,0,Travel_Rarely,5,Near (1-5),3,Marketing,1,11,3,3
1268,33,26-35,Male,Divorced,Sales,Sales Executive,3,Senior,8380,8.38,100560,High (6-10K),No,0,1.234,9,6-10 yrs,8,0,Just Promoted,8,0,10,3,3,High,4,Very High,3,Better,3,Excellent,Yes,1,Travel_Rarely,10,Medium (6-15),5,Marketing,2,14,4,4
1269,19,18-25,Female,Single,Research & Development,Research Scientist,1,Junior,2994,2.99,35928,Low (<3K),No,0,1.436,1,0-2 yrs,0,0,Just Promoted,1,1,1,2,4,Very High,2,Medium,3,Better,3,Excellent,Yes,1,Travel_Rarely,25,Far (16+),3,Life Sciences,0,12,4,4
1270,23,18-25,Male,Married,Research & Development,Research Scientist,1,Junior,1223,1.22,14676,Low (<3K),No,0,1.003,1,0-2 yrs,0,0,Just Promoted,1,1,1,2,3,High,4,Very High,3,Better,4,Outstanding,No,0,Travel_Rarely,1,Near (1-5),2,Life Sciences,1,22,4,3
1273,25,18-25,Male,Single,Sales,Sales Representative,1,Junior,1118,1.12,13416,Low (<3K),Yes,1,1.239,1,0-2 yrs,0,1,1-2 yrs,0,1,1,4,4,Very High,3,High,3,Better,3,Excellent,Yes,1,Travel_Frequently,24,Far (16+),1,Life Sciences,0,14,4,1
1275,26,26-35,Male,Single,Research & Development,Research Scientist,1,Junior,2875,2.88,34500,Low (<3K),No,0,1.327,8,6-10 yrs,5,2,1-2 yrs,2,1,8,2,4,Very High,3,High,2,Good,4,Outstanding,Yes,1,Travel_Rarely,4,Near (1-5),2,Life Sciences,0,20,2,3
1277,45,36-45,Female,Single,Sales,Manager,5,Director,18824,18.82,225888,Very High (10K+),Yes,1,2.064,24,20+ yrs,10,1,1-2 yrs,11,2,26,2,2,Medium,1,Low,3,Better,3,Excellent,Yes,1,Travel_Rarely,2,Near (1-5),3,Marketing,0,16,1,1
1278,55,46-55,Male,Divorced,Research & Development,Healthcare Representative,4,Lead,13577,13.58,162924,Very High (10K+),No,0,1.578,33,20+ yrs,9,15,5+ yrs,0,1,34,3,2,Medium,4,Very High,3,Better,3,Excellent,Yes,1,Non-Travel,8,Medium (6-15),1,Medical,1,15,4,2
1279,21,18-25,Female,Single,Research & Development,Laboratory Technician,1,Junior,2625,2.62,31500,Low (<3K),Yes,1,1.948,2,0-2 yrs,2,2,1-2 yrs,2,1,2,2,3,High,1,Low,1,Bad,4,Outstanding,No,0,Travel_Frequently,10,Medium (6-15),2,Life Sciences,0,20,3,2
1280,46,46-55,Female,Married,Sales,Manager,5,Director,18789,18.79,225468,Very High (10K+),No,0,1.264,11,11-20 yrs,4,0,Just Promoted,8,2,26,2,2,Medium,4,Very High,3,Better,3,Excellent,No,0,Travel_Rarely,4,Near (1-5),2,Marketing,1,14,3,2
1281,34,26-35,Female,Single,Sales,Sales Executive,2,Mid-Level,4538,4.54,54456,Medium (3-6K),No,0,1.907,3,3-5 yrs,2,0,Just Promoted,2,0,4,3,1,Low,3,High,3,Better,3,Excellent,Yes,1,Travel_Rarely,2,Near (1-5),3,Marketing,0,12,4,3
1282,51,46-55,Male,Divorced,Sales,Manager,5,Director,19847,19.85,238164,Very High (10K+),No,0,1.704,29,20+ yrs,10,11,5+ yrs,10,4,31,5,2,Medium,4,Very High,2,Good,4,Outstanding,Yes,1,Travel_Frequently,9,Medium (6-15),3,Life Sciences,1,24,1,3
1283,59,55+,Male,Single,Research & Development,Manufacturing Director,3,Senior,10512,10.51,126144,Very High (10K+),No,0,0.995,9,6-10 yrs,7,5,3-5 yrs,4,6,25,6,4,Very High,4,Very High,2,Good,3,Excellent,No,0,Travel_Rarely,18,Far (16+),4,Medical,0,12,4,3
1285,34,26-35,Female,Divorced,Research & Development,Laboratory Technician,2,Mid-Level,4444,4.44,53328,Medium (3-6K),No,0,1.399,11,11-20 yrs,8,5,3-5 yrs,10,4,15,2,2,Medium,3,High,4,Best,3,Excellent,No,0,Travel_Frequently,19,Far (16+),3,Medical,2,13,3,3
1286,28,26-35,Male,Single,Research & Development,Laboratory Technician,1,Junior,2154,2.15,25848,Low (<3K),No,0,1.353,4,3-5 yrs,2,0,Just Promoted,2,0,5,2,3,High,4,Very High,2,Good,3,Excellent,Yes,1,Travel_Frequently,1,Near (1-5),4,Medical,0,11,3,3
1288,44,36-45,Male,Divorced,Research & Development,Manager,5,Director,19190,19.19,230280,Very High (10K+),No,0,1.957,25,20+ yrs,9,14,5+ yrs,13,1,26,4,1,Low,3,High,2,Good,3,Excellent,No,0,Travel_Rarely,4,Near (1-5),2,Life Sciences,2,14,4,4
1289,34,26-35,Male,Married,Human Resources,Human Resources,2,Mid-Level,4490,4.49,53880,Medium (3-6K),No,0,1.345,10,6-10 yrs,9,1,1-2 yrs,8,4,14,5,2,Medium,3,High,4,Best,3,Excellent,No,0,Travel_Frequently,11,Medium (6-15),3,Life Sciences,2,11,4,2
1291,35,26-35,Male,Married,Research & Development,Research Scientist,1,Junior,3506,3.51,42072,Medium (3-6K),No,0,1.434,3,3-5 yrs,2,2,1-2 yrs,2,0,4,3,3,High,3,High,3,Better,3,Excellent,Yes,1,Travel_Rarely,6,Medium (6-15),1,Life Sciences,0,14,4,3
1292,42,36-45,Female,Married,Research & Development,Research Scientist,2,Mid-Level,2372,2.37,28464,Low (<3K),No,0,1.874,1,0-2 yrs,0,0,Just Promoted,0,6,18,2,2,Medium,2,Medium,3,Better,3,Excellent,Yes,1,Travel_Rarely,7,Medium (6-15),4,Medical,0,16,4,4
1293,43,36-45,Female,Single,Sales,Sales Executive,3,Senior,10231,10.23,122772,Very High (10K+),No,0,0.714,21,20+ yrs,7,15,5+ yrs,17,3,23,3,4,Very High,4,Very High,4,Best,3,Excellent,No,0,Travel_Rarely,4,Near (1-5),4,Marketing,0,14,4,2
1294,36,36-45,Female,Single,Research & Development,Manufacturing Director,2,Mid-Level,5410,5.41,64920,Medium (3-6K),No,0,1.69,16,11-20 yrs,14,5,3-5 yrs,12,9,18,2,2,Medium,3,High,3,Better,3,Excellent,Yes,1,Travel_Rarely,2,Near (1-5),4,Life Sciences,0,11,4,3
1295,44,36-45,Female,Married,Research & Development,Healthcare Representative,3,Senior,7978,7.98,95736,High (6-10K),Yes,1,1.402,10,6-10 yrs,7,0,Just Promoted,5,1,10,2,4,Very High,1,Low,3,Better,3,Excellent,No,0,Travel_Rarely,15,Medium (6-15),3,Medical,1,11,4,3
1296,28,26-35,Male,Married,Research & Development,Laboratory Technician,1,Junior,3867,3.87,46404,Medium (3-6K),No,0,0.97,2,0-2 yrs,2,2,1-2 yrs,2,1,2,2,4,Very High,4,Very High,3,Better,3,Excellent,Yes,1,Travel_Frequently,2,Near (1-5),3,Life Sciences,1,12,2,2
1297,51,46-55,Female,Single,Research & Development,Laboratory Technician,1,Junior,2838,2.84,34056,Low (<3K),No,0,1.617,7,6-10 yrs,0,7,5+ yrs,7,0,8,6,3,High,2,Medium,2,Good,3,Excellent,No,0,Travel_Frequently,6,Medium (6-15),2,Medical,0,14,2,2
1298,30,26-35,Female,Single,Research & Development,Manufacturing Director,2,Mid-Level,4695,4.7,56340,Medium (3-6K),No,0,1.438,8,6-10 yrs,4,1,1-2 yrs,7,7,10,3,3,High,3,High,3,Better,3,Excellent,Yes,1,Non-Travel,9,Medium (6-15),2,Medical,0,18,3,3
1299,29,26-35,Female,Divorced,Research & Development,Laboratory Technician,1,Junior,3339,3.34,40068,Medium (3-6K),Yes,1,1.671,7,6-10 yrs,7,7,5+ yrs,7,3,10,2,3,High,2,Medium,3,Better,3,Excellent,Yes,1,Travel_Rarely,7,Medium (6-15),3,Technical Degree,2,13,1,3
1301,28,26-35,Male,Single,Research & Development,Research Scientist,1,Junior,2080,2.08,24960,Low (<3K),No,0,1.66,3,3-5 yrs,2,1,1-2 yrs,2,2,5,2,1,Low,4,Very High,2,Good,3,Excellent,No,0,Travel_Rarely,1,Near (1-5),3,Technical Degree,0,11,2,3
1303,25,18-25,Female,Single,Research & Development,Research Scientist,1,Junior,2096,2.1,25152,Low (<3K),No,0,1.417,2,0-2 yrs,2,2,1-2 yrs,1,1,2,3,2,Medium,4,Very High,2,Good,3,Excellent,No,0,Travel_Rarely,1,Near (1-5),3,Medical,0,18,4,3
1304,32,26-35,Male,Married,Sales,Sales Executive,2,Mid-Level,6209,6.21,74508,High (6-10K),No,0,0.828,10,6-10 yrs,7,0,Just Promoted,8,1,10,4,4,Very High,3,High,4,Best,3,Excellent,No,0,Travel_Rarely,8,Medium (6-15),3,Medical,2,15,3,4
1306,45,36-45,Female,Single,Research & Development,Manager,5,Director,18061,18.06,216732,Very High (10K+),No,0,1.736,0,0-2 yrs,0,0,Just Promoted,0,3,22,4,2,Medium,2,Medium,3,Better,4,Outstanding,No,0,Travel_Frequently,25,Far (16+),3,Medical,0,22,3,3
1307,39,36-45,Female,Divorced,Research & Development,Manager,4,Lead,17123,17.12,205476,Very High (10K+),No,0,1.795,19,11-20 yrs,9,15,5+ yrs,2,6,21,4,2,Medium,3,High,3,Better,3,Excellent,Yes,1,Travel_Rarely,13,Medium (6-15),4,Medical,2,13,4,2
1308,58,55+,Male,Divorced,Research & Development,Research Scientist,1,Junior,2372,2.37,28464,Low (<3K),No,0,1.693,2,0-2 yrs,2,2,1-2 yrs,2,1,2,3,3,High,1,Low,3,Better,3,Excellent,No,0,Travel_Rarely,23,Far (16+),4,Life Sciences,2,12,4,3
1309,32,26-35,Male,Married,Research & Development,Laboratory Technician,2,Mid-Level,4883,4.88,58596,Medium (3-6K),Yes,1,1.031,10,6-10 yrs,4,1,1-2 yrs,1,1,10,3,3,High,4,Very High,3,Better,3,Excellent,No,0,Travel_Rarely,7,Medium (6-15),2,Life Sciences,1,18,1,3
1310,39,36-45,Male,Single,Research & Development,Research Scientist,1,Junior,3904,3.9,46848,Medium (3-6K),Yes,1,1.779,5,3-5 yrs,2,0,Just Promoted,3,0,6,2,1,Low,3,High,3,Better,3,Excellent,No,0,Travel_Rarely,23,Far (16+),3,Medical,0,13,1,3
1311,30,26-35,Female,Married,Research & Development,Laboratory Technician,2,Mid-Level,4627,4.63,55524,Medium (3-6K),No,0,1.411,9,6-10 yrs,2,6,5+ yrs,7,0,10,6,4,Very High,1,Low,3,Better,3,Excellent,No,0,Travel_Rarely,6,Medium (6-15),3,Technical Degree,1,12,1,2
1312,36,36-45,Female,Married,Research & Development,Healthcare Representative,3,Senior,7094,7.09,85128,High (6-10K),No,0,1.041,7,6-10 yrs,7,1,1-2 yrs,7,3,10,0,3,High,4,Very High,3,Better,3,Excellent,No,0,Travel_Rarely,10,Medium (6-15),4,Technical Degree,0,12,1,3
1314,46,46-55,Female,Single,Human Resources,Human Resources,1,Junior,3423,3.42,41076,Medium (3-6K),No,0,1.387,7,6-10 yrs,6,5,3-5 yrs,7,6,10,3,1,Low,4,Very High,4,Best,3,Excellent,No,0,Travel_Rarely,1,Near (1-5),2,Life Sciences,0,12,3,3
1315,28,26-35,Female,Married,Research & Development,Laboratory Technician,2,Mid-Level,6674,6.67,80088,High (6-10K),No,0,1.0,9,6-10 yrs,8,7,5+ yrs,5,0,10,6,4,Very High,3,High,3,Better,3,Excellent,No,0,Non-Travel,1,Near (1-5),3,Life Sciences,3,11,1,1
1317,50,46-55,Female,Married,Research & Development,Research Director,4,Lead,16880,16.88,202560,Very High (10K+),No,0,1.803,3,3-5 yrs,2,1,1-2 yrs,2,4,25,2,1,Low,4,Very High,3,Better,3,Excellent,Yes,1,Travel_Rarely,28,Far (16+),3,Life Sciences,0,11,2,3
1318,40,36-45,Male,Single,Sales,Sales Executive,3,Senior,9094,9.09,109128,High (6-10K),Yes,1,1.543,5,3-5 yrs,4,1,1-2 yrs,0,2,9,2,2,Medium,4,Very High,3,Better,3,Excellent,Yes,1,Travel_Rarely,25,Far (16+),4,Marketing,0,12,3,2
1319,52,46-55,Male,Single,Sales,Sales Executive,3,Senior,8446,8.45,101352,High (6-10K),Yes,1,2.064,8,6-10 yrs,7,7,5+ yrs,7,9,10,2,2,Medium,2,Medium,2,Good,3,Excellent,Yes,1,Travel_Rarely,5,Near (1-5),3,Life Sciences,0,19,3,3
1321,30,26-35,Female,Married,Research & Development,Manager,3,Senior,11916,11.92,142992,Very High (10K+),No,0,2.159,9,6-10 yrs,1,0,Just Promoted,8,1,9,2,1,Low,2,Medium,3,Better,4,Outstanding,Yes,1,Travel_Rarely,17,Far (16+),4,Medical,2,23,4,3
1322,39,36-45,Male,Single,Research & Development,Manufacturing Director,2,Mid-Level,4534,4.53,54408,Medium (3-6K),No,0,1.669,8,6-10 yrs,7,1,1-2 yrs,7,0,9,6,3,High,1,Low,3,Better,3,Excellent,No,0,Travel_Rarely,18,Far (16+),2,Life Sciences,0,11,1,3
1324,31,26-35,Female,Divorced,Sales,Sales Executive,3,Senior,9852,9.85,118224,High (6-10K),No,0,1.417,10,6-10 yrs,8,9,5+ yrs,6,1,10,5,3,High,4,Very High,2,Good,3,Excellent,Yes,1,Non-Travel,2,Near (1-5),4,Life Sciences,1,19,1,3
1329,41,36-45,Male,Single,Sales,Sales Executive,2,Mid-Level,6151,6.15,73812,High (6-10K),No,0,1.558,19,11-20 yrs,2,11,5+ yrs,9,1,19,4,2,Medium,3,High,3,Better,3,Excellent,No,0,Non-Travel,10,Medium (6-15),2,Medical,0,13,1,1
1331,31,26-35,Female,Single,Sales,Sales Representative,1,Junior,2302,2.3,27624,Low (<3K),Yes,1,1.317,3,3-5 yrs,2,2,1-2 yrs,2,1,3,2,2,Medium,4,Very High,4,Best,3,Excellent,Yes,1,Travel_Frequently,1,Near (1-5),3,Life Sciences,0,11,1,3
1333,44,36-45,Male,Married,Research & Development,Laboratory Technician,1,Junior,2362,2.36,28344,Low (<3K),Yes,1,1.967,3,3-5 yrs,2,1,1-2 yrs,2,4,10,4,1,Low,1,Low,4,Best,3,Excellent,No,0,Travel_Rarely,3,Near (1-5),3,Life Sciences,0,12,3,3
1334,42,36-45,Male,Married,Research & Development,Manager,4,Lead,17861,17.86,214332,Very High (10K+),No,0,1.57,20,11-20 yrs,8,2,1-2 yrs,10,0,21,3,3,High,3,High,2,Good,3,Excellent,Yes,1,Non-Travel,2,Near (1-5),1,Life Sciences,0,13,4,3
1336,55,46-55,Female,Married,Research & Development,Manager,5,Director,19187,19.19,230244,Very High (10K+),No,0,1.067,19,11-20 yrs,9,9,5+ yrs,11,4,23,5,3,High,4,Very High,3,Better,3,Excellent,No,0,Travel_Rarely,2,Near (1-5),2,Medical,1,14,4,1
1338,56,55+,Male,Single,Human Resources,Manager,5,Director,19717,19.72,236604,Very High (10K+),No,0,1.324,7,6-10 yrs,3,7,5+ yrs,7,6,36,4,2,Medium,4,Very High,3,Better,3,Excellent,No,0,Travel_Rarely,8,Medium (6-15),4,Life Sciences,0,14,1,3
1340,40,36-45,Male,Divorced,Research & Development,Research Scientist,1,Junior,3544,3.54,42528,Medium (3-6K),No,0,1.255,4,3-5 yrs,2,0,Just Promoted,0,9,6,0,3,High,3,High,3,Better,3,Excellent,No,0,Non-Travel,16,Far (16+),2,Life Sciences,1,16,2,3
1344,34,26-35,Male,Divorced,Research & Development,Healthcare Representative,3,Senior,8500,8.5,102000,High (6-10K),No,0,0.938,9,6-10 yrs,7,1,1-2 yrs,6,0,10,0,4,Very High,4,Very High,2,Good,3,Excellent,No,0,Travel_Rarely,9,Medium (6-15),3,Life Sciences,1,11,4,3
1346,40,36-45,Male,Single,Research & Development,Research Scientist,2,Mid-Level,4661,4.66,55932,Medium (3-6K),No,0,1.01,9,6-10 yrs,8,8,5+ yrs,8,1,9,4,4,Very High,3,High,3,Better,3,Excellent,No,0,Travel_Rarely,2,Near (1-5),3,Life Sciences,0,13,3,3
1349,41,36-45,Female,Divorced,Sales,Sales Executive,2,Mid-Level,4103,4.1,49236,Medium (3-6K),No,0,1.71,9,6-10 yrs,3,1,1-2 yrs,7,0,10,2,1,Low,3,High,3,Better,3,Excellent,No,0,Travel_Frequently,1,Near (1-5),3,Marketing,1,17,4,3
1350,35,26-35,Male,Single,Research & Development,Research Scientist,2,Mid-Level,4249,4.25,50988,Medium (3-6K),No,0,1.42,9,6-10 yrs,6,1,1-2 yrs,1,1,9,3,3,High,3,High,3,Better,3,Excellent,Yes,1,Travel_Frequently,4,Near (1-5),4,Life Sciences,0,11,2,3
1352,51,46-55,Male,Divorced,Human Resources,Manager,4,Lead,14026,14.03,168312,Very High (10K+),No,0,1.667,33,20+ yrs,9,0,Just Promoted,10,1,33,2,2,Medium,3,High,3,Better,3,Excellent,Yes,1,Travel_Rarely,5,Near (1-5),3,Life Sciences,1,11,2,3
1355,38,36-45,Female,Divorced,Sales,Sales Executive,2,Mid-Level,6893,6.89,82716,High (6-10K),No,0,1.914,7,6-10 yrs,7,1,1-2 yrs,7,3,11,3,1,Low,2,Medium,3,Better,3,Excellent,No,0,Travel_Rarely,2,Near (1-5),2,Life Sciences,1,15,4,3
1356,34,26-35,Female,Single,Sales,Sales Executive,2,Mid-Level,6125,6.12,73500,High (6-10K),No,0,1.662,10,6-10 yrs,8,9,5+ yrs,6,1,10,6,1,Low,3,High,4,Best,3,Excellent,No,0,Travel_Rarely,15,Medium (6-15),2,Medical,0,12,4,3
1358,25,18-25,Male,Married,Research & Development,Laboratory Technician,1,Junior,3669,3.67,44028,Medium (3-6K),No,0,0.972,3,3-5 yrs,2,1,1-2 yrs,2,3,7,6,4,Very High,4,Very High,2,Good,3,Excellent,No,0,Travel_Rarely,19,Far (16+),1,Medical,3,11,3,3
1360,58,55+,Female,Married,Research & Development,Manufacturing Director,3,Senior,10008,10.01,120096,Very High (10K+),Yes,1,2.107,10,6-10 yrs,9,5,3-5 yrs,9,7,31,0,1,Low,3,High,2,Good,3,Excellent,Yes,1,Travel_Rarely,7,Medium (6-15),4,Medical,0,14,4,2
1361,40,36-45,Male,Married,Research & Development,Laboratory Technician,1,Junior,2387,2.39,28644,Low (<3K),No,0,1.653,4,3-5 yrs,2,0,Just Promoted,3,3,7,3,2,Medium,2,Medium,3,Better,4,Outstanding,No,0,Travel_Rarely,1,Near (1-5),4,Life Sciences,1,22,3,3
1362,36,36-45,Female,Married,Sales,Sales Executive,2,Mid-Level,4639,4.64,55668,Medium (3-6K),No,0,2.314,15,11-20 yrs,7,6,5+ yrs,13,2,17,2,1,Low,1,Low,2,Good,3,Excellent,No,0,Travel_Frequently,7,Medium (6-15),3,Marketing,1,16,4,4
1363,48,46-55,Male,Single,Research & Development,Manufacturing Director,3,Senior,7898,7.9,94776,High (6-10K),No,0,0.764,10,6-10 yrs,9,0,Just Promoted,8,1,11,2,4,Very High,4,Very High,3,Better,3,Excellent,No,0,Travel_Rarely,4,Near (1-5),3,Life Sciences,0,11,3,3
1364,27,26-35,Female,Married,Sales,Sales Representative,1,Junior,2534,2.53,30408,Low (<3K),No,0,0.988,1,0-2 yrs,0,0,Just Promoted,0,8,5,4,4,Very High,3,High,3,Better,3,Excellent,No,0,Travel_Rarely,11,Medium (6-15),3,Medical,1,14,2,4
1367,51,46-55,Female,Single,Research & Development,Manufacturing Director,4,Lead,13142,13.14,157704,Very High (10K+),No,0,1.438,5,3-5 yrs,2,0,Just Promoted,3,3,29,1,2,Medium,4,Very High,2,Good,3,Excellent,No,0,Travel_Rarely,11,Medium (6-15),2,Technical Degree,0,16,2,2
1368,18,18-25,Female,Single,Research & Development,Laboratory Technician,1,Junior,1611,1.61,19332,Low (<3K),No,0,0.603,0,0-2 yrs,0,0,Just Promoted,0,1,0,5,4,Very High,4,Very High,4,Best,3,Excellent,No,0,Non-Travel,1,Near (1-5),3,Life Sciences,0,15,3,3
1369,35,26-35,Female,Married,Research & Development,Laboratory Technician,2,Mid-Level,5363,5.36,64356,Medium (3-6K),No,0,0.753,9,6-10 yrs,7,0,Just Promoted,0,0,10,0,4,Very High,4,Very High,3,Better,3,Excellent,No,0,Travel_Rarely,1,Near (1-5),3,Medical,1,12,2,2
1371,27,26-35,Male,Single,Sales,Sales Executive,2,Mid-Level,5071,5.07,60852,Medium (3-6K),No,0,0.757,6,6-10 yrs,2,0,Just Promoted,0,3,8,3,4,Very High,4,Very High,3,Better,4,Outstanding,No,0,Travel_Frequently,2,Near (1-5),1,Life Sciences,0,20,2,1
1372,55,46-55,Male,Single,Sales,Sales Executive,4,Lead,13695,13.7,164340,Very High (10K+),Yes,1,2.015,19,11-20 yrs,7,3,3-5 yrs,8,6,24,2,3,High,1,Low,2,Good,3,Excellent,Yes,1,Travel_Rarely,13,Medium (6-15),4,Marketing,0,17,3,4
1373,56,55+,Male,Married,Research & Development,Manufacturing Director,4,Lead,13402,13.4,160824,Very High (10K+),No,0,1.629,19,11-20 yrs,16,15,5+ yrs,9,4,33,0,2,Medium,4,Very High,3,Better,3,Excellent,Yes,1,Travel_Rarely,23,Far (16+),3,Life Sciences,1,12,1,3
1374,34,26-35,Female,Divorced,Research & Development,Research Scientist,1,Junior,2029,2.03,24348,Low (<3K),No,0,1.69,5,3-5 yrs,4,0,Just Promoted,0,1,5,2,3,High,1,Low,3,Better,4,Outstanding,No,0,Non-Travel,26,Far (16+),1,Technical Degree,3,20,3,2
1375,40,36-45,Female,Divorced,Research & Development,Healthcare Representative,2,Mid-Level,6377,6.38,76524,High (6-10K),No,0,1.48,12,11-20 yrs,11,11,5+ yrs,8,5,15,0,3,High,2,Medium,3,Better,4,Outstanding,No,0,Travel_Rarely,2,Near (1-5),1,Medical,3,20,2,4
1377,34,26-35,Male,Married,Research & Development,Laboratory Technician,2,Mid-Level,5429,5.43,65148,Medium (3-6K),No,0,1.547,8,6-10 yrs,7,7,5+ yrs,7,4,10,1,3,High,2,Medium,3,Better,3,Excellent,No,0,Travel_Rarely,29,Far (16+),3,Medical,2,13,1,3
1379,31,26-35,Female,Single,Sales,Sales Representative,1,Junior,2785,2.78,33420,Low (<3K),Yes,1,0.807,1,0-2 yrs,0,0,Just Promoted,0,7,3,3,4,Very High,3,High,4,Best,3,Excellent,No,0,Travel_Frequently,2,Near (1-5),3,Life Sciences,0,14,3,2
1380,35,26-35,Female,Married,Sales,Sales Executive,2,Mid-Level,4614,4.61,55368,Medium (3-6K),Yes,1,1.432,4,3-5 yrs,2,3,3-5 yrs,2,0,5,0,3,High,4,Very High,2,Good,3,Excellent,Yes,1,Travel_Frequently,18,Far (16+),4,Marketing,1,18,3,3
1382,38,36-45,Male,Divorced,Research & Development,Research Scientist,1,Junior,2610,2.61,31320,Low (<3K),No,0,1.024,4,3-5 yrs,2,0,Just Promoted,3,1,4,2,3,High,4,Very High,3,Better,3,Excellent,No,0,Travel_Frequently,7,Medium (6-15),3,Life Sciences,3,11,4,4
1383,34,26-35,Female,Single,Research & Development,Healthcare Representative,2,Mid-Level,6687,6.69,80244,High (6-10K),No,0,0.834,14,11-20 yrs,11,4,3-5 yrs,11,1,14,2,4,Very High,3,High,4,Best,3,Excellent,No,0,Travel_Rarely,2,Near (1-5),4,Technical Degree,0,11,4,3
1387,28,26-35,Male,Married,Sales,Sales Executive,2,Mid-Level,4724,4.72,56688,Medium (3-6K),No,0,1.79,5,3-5 yrs,3,0,Just Promoted,4,1,5,0,1,Low,3,High,3,Better,3,Excellent,No,0,Travel_Rarely,26,Far (16+),3,Life Sciences,1,11,3,2
1389,31,26-35,Male,Married,Research & Development,Manufacturing Director,2,Mid-Level,6179,6.18,74148,High (6-10K),Yes,1,1.466,10,6-10 yrs,2,6,5+ yrs,7,1,10,3,3,High,4,Very High,2,Good,3,Excellent,Yes,1,Travel_Rarely,22,Far (16+),4,Medical,2,15,4,3
1390,39,36-45,Male,Married,Sales,Sales Executive,2,Mid-Level,6120,6.12,73440,High (6-10K),No,0,1.479,5,3-5 yrs,4,1,1-2 yrs,4,3,8,2,4,Very High,1,Low,4,Best,3,Excellent,Yes,1,Travel_Rarely,21,Far (16+),4,Life Sciences,2,12,4,2
1391,51,46-55,Male,Married,Sales,Sales Executive,3,Senior,10596,10.6,127152,Very High (10K+),No,0,1.677,4,3-5 yrs,2,3,3-5 yrs,2,2,14,5,2,Medium,2,Medium,3,Better,3,Excellent,No,0,Travel_Frequently,2,Near (1-5),3,Marketing,0,11,2,3
1392,41,36-45,Female,Divorced,Research & Development,Research Scientist,2,Mid-Level,5467,5.47,65604,Medium (3-6K),No,0,1.196,6,6-10 yrs,2,3,3-5 yrs,3,3,12,4,4,Very High,4,Very High,2,Good,3,Excellent,Yes,1,Travel_Frequently,22,Far (16+),3,Life Sciences,2,14,1,3
1394,37,36-45,Male,Married,Research & Development,Research Scientist,1,Junior,2996,3.0,35952,Low (<3K),No,0,1.42,6,6-10 yrs,4,1,1-2 yrs,3,7,8,2,3,High,3,High,3,Better,3,Excellent,Yes,1,Travel_Rarely,4,Near (1-5),1,Life Sciences,0,15,4,3
1395,33,26-35,Male,Married,Sales,Sales Executive,2,Mid-Level,9998,10.0,119976,High (6-10K),No,0,1.024,5,3-5 yrs,4,1,1-2 yrs,2,6,8,2,4,Very High,2,Medium,4,Best,3,Excellent,No,0,Travel_Frequently,5,Near (1-5),1,Life Sciences,0,13,1,3
1396,32,26-35,Male,Married,Sales,Sales Executive,2,Mid-Level,4078,4.08,48936,Medium (3-6K),No,0,1.814,3,3-5 yrs,2,1,1-2 yrs,2,0,4,3,2,Medium,3,High,2,Good,3,Excellent,Yes,1,Travel_Rarely,2,Near (1-5),1,Marketing,3,13,1,3
1397,39,36-45,Male,Married,Research & Development,Healthcare Representative,3,Senior,10920,10.92,131040,Very High (10K+),No,0,1.286,6,6-10 yrs,4,0,Just Promoted,5,3,13,2,3,High,3,High,3,Better,4,Outstanding,No,0,Non-Travel,25,Far (16+),2,Life Sciences,1,21,2,3
1399,25,18-25,Male,Married,Sales,Sales Executive,2,Mid-Level,6232,6.23,74784,High (6-10K),No,0,1.819,3,3-5 yrs,2,1,1-2 yrs,2,2,6,3,3,High,1,Low,2,Good,3,Excellent,No,0,Travel_Rarely,18,Far (16+),1,Life Sciences,0,11,2,4
1401,52,46-55,Female,Married,Research & Development,Manufacturing Director,4,Lead,13247,13.25,158964,Very High (10K+),No,0,1.447,5,3-5 yrs,3,0,Just Promoted,2,2,24,3,3,High,4,Very High,2,Good,3,Excellent,Yes,1,Travel_Frequently,28,Far (16+),2,Medical,1,11,2,4
1402,43,36-45,Female,Single,Research & Development,Research Scientist,2,Mid-Level,4081,4.08,48972,Medium (3-6K),No,0,2.127,20,11-20 yrs,7,1,1-2 yrs,8,1,20,3,3,High,1,Low,1,Bad,3,Excellent,Yes,1,Travel_Rarely,6,Medium (6-15),3,Medical,0,14,1,2
1403,27,26-35,Female,Married,Sales,Sales Executive,2,Mid-Level,5769,5.77,69228,Medium (3-6K),No,0,1.011,6,6-10 yrs,2,4,3-5 yrs,4,1,6,3,4,Very High,4,Very High,3,Better,3,Excellent,Yes,1,Travel_Rarely,10,Medium (6-15),3,Marketing,0,11,4,2
1405,27,26-35,Female,Single,Research & Development,Research Scientist,1,Junior,2394,2.39,28728,Low (<3K),Yes,1,1.305,8,6-10 yrs,2,7,5+ yrs,7,1,8,2,3,High,4,Very High,3,Better,3,Excellent,Yes,1,Travel_Rarely,17,Far (16+),4,Life Sciences,0,13,4,3
1407,26,26-35,Male,Single,Research & Development,Research Scientist,1,Junior,3904,3.9,46848,Medium (3-6K),No,0,1.364,4,3-5 yrs,3,1,1-2 yrs,1,0,5,2,4,Very High,1,Low,3,Better,3,Excellent,No,0,Travel_Rarely,2,Near (1-5),1,Medical,0,12,4,2
1408,42,36-45,Female,Married,Human Resources,Manager,4,Lead,16799,16.8,201588,Very High (10K+),No,0,1.734,20,11-20 yrs,7,0,Just Promoted,9,0,21,5,1,Low,3,High,3,Better,3,Excellent,No,0,Travel_Rarely,10,Medium (6-15),3,Human Resources,1,14,3,3
1409,52,46-55,Female,Married,Research & Development,Laboratory Technician,1,Junior,2950,2.95,35400,Low (<3K),No,0,2.028,5,3-5 yrs,4,0,Just Promoted,4,9,12,2,1,Low,3,High,1,Bad,3,Excellent,No,0,Travel_Rarely,8,Medium (6-15),4,Other,0,13,3,3
1411,37,36-45,Female,Single,Research & Development,Laboratory Technician,1,Junior,3629,3.63,43548,Medium (3-6K),No,0,1.638,3,3-5 yrs,2,0,Just Promoted,2,4,8,6,3,High,1,Low,3,Better,3,Excellent,No,0,Travel_Rarely,11,Medium (6-15),3,Medical,0,18,1,3
1412,35,26-35,Male,Single,Research & Development,Manufacturing Director,3,Senior,9362,9.36,112344,High (6-10K),No,0,1.025,2,0-2 yrs,2,2,1-2 yrs,2,2,10,2,4,Very High,3,High,3,Better,3,Excellent,No,0,Travel_Frequently,18,Far (16+),2,Life Sciences,0,11,3,3
1415,25,18-25,Male,Married,Research & Development,Laboratory Technician,1,Junior,3229,3.23,38748,Medium (3-6K),No,0,1.503,3,3-5 yrs,2,0,Just Promoted,2,4,7,2,4,Very High,1,Low,2,Good,3,Excellent,No,0,Travel_Rarely,1,Near (1-5),3,Technical Degree,1,11,2,3
1417,26,26-35,Male,Single,Research & Development,Laboratory Technician,1,Junior,3578,3.58,42936,Medium (3-6K),No,0,1.724,7,6-10 yrs,7,0,Just Promoted,7,0,8,2,1,Low,3,High,3,Better,3,Excellent,No,0,Travel_Rarely,7,Medium (6-15),3,Other,0,12,4,4
1419,29,26-35,Male,Single,Human Resources,Human Resources,3,Senior,7988,7.99,95856,High (6-10K),No,0,2.109,10,6-10 yrs,9,0,Just Promoted,9,1,10,3,1,Low,2,Medium,2,Good,3,Excellent,No,0,Travel_Rarely,17,Far (16+),3,Other,0,13,1,2
1420,49,46-55,Male,Single,Research & Development,Laboratory Technician,2,Mid-Level,4284,4.28,51408,Medium (3-6K),Yes,1,2.203,4,3-5 yrs,3,1,1-2 yrs,3,3,20,2,1,Low,1,Low,3,Better,4,Outstanding,No,0,Travel_Frequently,28,Far (16+),2,Life Sciences,0,20,1,2
1421,29,26-35,Female,Single,Research & Development,Healthcare Representative,3,Senior,7553,7.55,90636,High (6-10K),Yes,1,1.245,8,6-10 yrs,7,7,5+ yrs,7,0,9,1,4,Very High,3,High,3,Better,3,Excellent,Yes,1,Travel_Frequently,14,Medium (6-15),1,Other,0,12,1,3
1422,54,46-55,Female,Single,Research & Development,Research Director,4,Lead,17328,17.33,207936,Very High (10K+),No,0,0.983,20,11-20 yrs,7,12,5+ yrs,7,6,29,3,4,Very High,4,Very High,2,Good,3,Excellent,No,0,Travel_Rarely,1,Near (1-5),3,Medical,0,19,4,3
1423,58,55+,Female,Married,Research & Development,Research Director,5,Director,19701,19.7,236412,Very High (10K+),No,0,1.71,9,6-10 yrs,8,1,1-2 yrs,5,3,32,3,1,Low,4,Very High,3,Better,4,Outstanding,Yes,1,Travel_Rarely,1,Near (1-5),3,Medical,1,21,3,3
1424,55,46-55,Male,Divorced,Research & Development,Research Director,4,Lead,14732,14.73,176784,Very High (10K+),No,0,1.003,7,6-10 yrs,7,0,Just Promoted,0,2,31,4,4,Very High,2,Medium,4,Best,3,Excellent,No,0,Travel_Rarely,1,Near (1-5),4,Medical,2,13,4,4
1425,36,36-45,Female,Single,Sales,Sales Executive,2,Mid-Level,9278,9.28,111336,High (6-10K),No,0,2.06,5,3-5 yrs,4,0,Just Promoted,1,3,15,3,2,Medium,1,Low,3,Better,3,Excellent,Yes,1,Travel_Rarely,3,Near (1-5),4,Marketing,0,16,4,3
1427,31,26-35,Female,Single,Sales,Sales Representative,1,Junior,1359,1.36,16308,Low (<3K),Yes,1,1.403,1,0-2 yrs,0,0,Just Promoted,0,1,1,3,3,High,2,Medium,3,Better,3,Excellent,No,0,Travel_Frequently,1,Near (1-5),4,Life Sciences,0,12,2,1
1428,30,26-35,Female,Divorced,Sales,Sales Executive,2,Mid-Level,4779,4.78,57348,Medium (3-6K),No,0,1.524,3,3-5 yrs,2,0,Just Promoted,2,7,8,3,1,Low,4,Very High,3,Better,3,Excellent,No,0,Travel_Rarely,7,Medium (6-15),4,Marketing,2,14,2,3
1430,31,26-35,Female,Single,Research & Development,Research Director,4,Lead,16422,16.42,197064,Very High (10K+),No,0,1.734,3,3-5 yrs,2,1,1-2 yrs,0,3,9,3,2,Medium,1,Low,4,Best,3,Excellent,No,0,Travel_Rarely,8,Medium (6-15),5,Life Sciences,0,11,3,3
1431,34,26-35,Male,Divorced,Research & Development,Research Scientist,1,Junior,2996,3.0,35952,Low (<3K),No,0,1.51,4,3-5 yrs,3,1,1-2 yrs,3,5,10,2,1,Low,4,Very High,3,Better,3,Excellent,No,0,Travel_Frequently,1,Near (1-5),4,Other,2,14,3,3
1433,31,26-35,Female,Single,Research & Development,Research Scientist,1,Junior,1261,1.26,15132,Low (<3K),Yes,1,1.728,1,0-2 yrs,0,0,Just Promoted,0,1,1,3,2,Medium,1,Low,4,Best,3,Excellent,No,0,Travel_Rarely,8,Medium (6-15),3,Life Sciences,0,12,3,2
1434,27,26-35,Male,Married,Research & Development,Laboratory Technician,1,Junior,2099,2.1,25188,Low (<3K),No,0,1.795,5,3-5 yrs,0,1,1-2 yrs,4,0,6,3,1,Low,2,Medium,4,Best,3,Excellent,No,0,Travel_Rarely,11,Medium (6-15),1,Life Sciences,0,14,2,3
1435,36,36-45,Male,Single,Research & Development,Laboratory Technician,2,Mid-Level,5810,5.81,69720,Medium (3-6K),No,0,1.52,10,6-10 yrs,4,1,1-2 yrs,8,1,10,2,4,Very High,1,Low,2,Good,3,Excellent,No,0,Travel_Rarely,4,Near (1-5),4,Life Sciences,0,16,3,2
1436,36,36-45,Female,Married,Sales,Sales Executive,2,Mid-Level,5647,5.65,67764,Medium (3-6K),No,0,1.905,3,3-5 yrs,2,0,Just Promoted,2,4,11,3,1,Low,3,High,2,Good,3,Excellent,No,0,Travel_Rarely,16,Far (16+),4,Marketing,2,13,1,2
1438,47,46-55,Male,Married,Research & Development,Research Scientist,1,Junior,3420,3.42,41040,Medium (3-6K),No,0,1.51,6,6-10 yrs,5,1,1-2 yrs,2,7,17,2,4,Very High,1,Low,2,Good,3,Excellent,No,0,Travel_Rarely,1,Near (1-5),3,Technical Degree,1,12,3,3
1439,25,18-25,Male,Married,Sales,Sales Representative,1,Junior,4400,4.4,52800,Medium (3-6K),Yes,1,2.144,3,3-5 yrs,2,2,1-2 yrs,2,3,6,2,1,Low,1,Low,3,Better,3,Excellent,No,0,Travel_Rarely,9,Medium (6-15),2,Life Sciences,0,12,1,2
1440,37,36-45,Male,Single,Research & Development,Laboratory Technician,1,Junior,3500,3.5,42000,Medium (3-6K),No,0,1.524,6,6-10 yrs,5,1,1-2 yrs,3,0,7,2,3,High,3,High,1,Bad,3,Excellent,No,0,Non-Travel,5,Near (1-5),2,Technical Degree,0,14,1,4
1441,56,55+,Female,Married,Research & Development,Research Scientist,1,Junior,2066,2.07,24792,Low (<3K),No,0,1.96,3,3-5 yrs,2,1,1-2 yrs,0,2,5,3,1,Low,1,Low,4,Best,4,Outstanding,No,0,Travel_Rarely,1,Near (1-5),2,Life Sciences,1,22,4,3
1443,47,46-55,Female,Married,Research & Development,Research Director,4,Lead,17169,17.17,206028,Very High (10K+),No,0,1.49,20,11-20 yrs,17,5,3-5 yrs,6,3,26,2,3,High,1,Low,4,Best,3,Excellent,No,0,Travel_Rarely,2,Near (1-5),4,Medical,2,19,2,3
1445,24,18-25,Female,Married,Sales,Sales Executive,2,Mid-Level,4162,4.16,49944,Medium (3-6K),No,0,1.214,5,3-5 yrs,4,0,Just Promoted,3,1,5,3,3,High,4,Very High,3,Better,3,Excellent,Yes,1,Travel_Rarely,4,Near (1-5),1,Medical,2,12,3,3
1446,32,26-35,Male,Married,Sales,Sales Executive,2,Mid-Level,9204,9.2,110448,High (6-10K),No,0,0.924,4,3-5 yrs,3,0,Just Promoted,3,4,7,3,4,Very High,4,Very High,2,Good,3,Excellent,No,0,Travel_Rarely,7,Medium (6-15),5,Marketing,1,12,3,3
1447,34,26-35,Female,Married,Research & Development,Laboratory Technician,1,Junior,3294,3.29,39528,Medium (3-6K),No,0,1.403,5,3-5 yrs,4,0,Just Promoted,2,5,7,2,2,Medium,4,Very High,2,Good,3,Excellent,No,0,Travel_Rarely,1,Near (1-5),3,Life Sciences,1,17,1,2
1448,41,36-45,Male,Married,Research & Development,Research Scientist,1,Junior,2127,2.13,25524,Low (<3K),No,0,1.767,4,3-5 yrs,2,0,Just Promoted,3,2,7,5,3,High,2,Medium,2,Good,3,Excellent,Yes,1,Travel_Rarely,5,Near (1-5),5,Medical,0,12,1,4
1449,40,36-45,Male,Divorced,Research & Development,Laboratory Technician,2,Mid-Level,3975,3.98,47700,Medium (3-6K),No,0,1.081,8,6-10 yrs,7,0,Just Promoted,7,3,11,2,3,High,3,High,4,Best,3,Excellent,No,0,Non-Travel,9,Medium (6-15),4,Other,2,11,3,3
1453,31,26-35,Male,Divorced,Sales,Sales Executive,3,Senior,10793,10.79,129516,Very High (10K+),No,0,1.438,13,11-20 yrs,7,9,5+ yrs,9,1,13,5,4,Very High,1,Low,3,Better,3,Excellent,No,0,Travel_Rarely,8,Medium (6-15),2,Life Sciences,1,18,1,3
1457,46,46-55,Male,Divorced,Sales,Sales Executive,3,Senior,10096,10.1,121152,Very High (10K+),Yes,1,1.258,7,6-10 yrs,7,4,3-5 yrs,3,4,28,1,4,Very High,1,Low,4,Best,3,Excellent,No,0,Travel_Rarely,9,Medium (6-15),3,Marketing,1,11,1,3
1458,39,36-45,Female,Single,Research & Development,Laboratory Technician,1,Junior,3646,3.65,43752,Medium (3-6K),Yes,1,2.157,1,0-2 yrs,0,0,Just Promoted,0,2,11,2,1,Low,1,Low,4,Best,4,Outstanding,Yes,1,Non-Travel,2,Near (1-5),3,Life Sciences,0,23,2,2
1459,31,26-35,Female,Single,Research & Development,Manufacturing Director,3,Senior,7446,7.45,89352,High (6-10K),Yes,1,1.48,10,6-10 yrs,8,4,3-5 yrs,7,1,10,2,2,Medium,3,High,3,Better,3,Excellent,No,0,Travel_Frequently,1,Near (1-5),5,Life Sciences,0,11,1,4
1460,45,36-45,Male,Divorced,Research & Development,Healthcare Representative,3,Senior,10851,10.85,130212,Very High (10K+),No,0,2.169,7,6-10 yrs,7,0,Just Promoted,7,2,24,2,1,Low,2,Medium,3,Better,3,Excellent,Yes,1,Travel_Rarely,20,Far (16+),3,Medical,1,18,2,1
1461,31,26-35,Female,Single,Human Resources,Human Resources,1,Junior,2109,2.11,25308,Low (<3K),No,0,1.278,3,3-5 yrs,2,0,Just Promoted,2,9,8,3,2,Medium,4,Very High,3,Better,3,Excellent,No,0,Travel_Rarely,8,Medium (6-15),2,Medical,0,18,4,4
1464,31,26-35,Male,Married,Research & Development,Laboratory Technician,1,Junior,3722,3.72,44664,Medium (3-6K),Yes,1,1.67,2,0-2 yrs,2,2,1-2 yrs,2,6,7,2,4,Very High,2,Medium,1,Bad,3,Excellent,Yes,1,Travel_Frequently,2,Near (1-5),3,Life Sciences,1,13,3,3
1465,45,36-45,Male,Married,Research & Development,Manufacturing Director,3,Senior,9380,9.38,112560,High (6-10K),No,0,1.307,3,3-5 yrs,1,1,1-2 yrs,2,4,10,4,4,Very High,2,Medium,4,Best,3,Excellent,Yes,1,Travel_Rarely,29,Far (16+),3,Technical Degree,2,18,4,3
1466,48,46-55,Male,Divorced,Sales,Sales Executive,2,Mid-Level,5486,5.49,65832,Medium (3-6K),No,0,1.737,2,0-2 yrs,2,2,1-2 yrs,2,4,15,3,1,Low,3,High,3,Better,3,Excellent,No,0,Travel_Rarely,7,Medium (6-15),3,Marketing,3,11,1,3
1467,34,26-35,Female,Married,Human Resources,Human Resources,1,Junior,2742,2.74,32904,Low (<3K),Yes,1,1.644,2,0-2 yrs,2,2,1-2 yrs,2,1,2,0,3,High,1,Low,3,Better,3,Excellent,No,0,Travel_Rarely,9,Medium (6-15),4,Technical Degree,0,15,4,3
1468,40,36-45,Male,Divorced,Research & Development,Research Director,3,Senior,13757,13.76,165084,Very High (10K+),No,0,1.304,9,6-10 yrs,8,4,3-5 yrs,8,2,16,5,2,Medium,4,Very High,3,Better,3,Excellent,No,0,Non-Travel,8,Medium (6-15),1,Medical,1,11,3,2
1469,28,26-35,Male,Single,Sales,Sales Executive,2,Mid-Level,8463,8.46,101556,High (6-10K),No,0,1.524,5,3-5 yrs,4,1,1-2 yrs,3,0,6,4,1,Low,4,Very High,3,Better,3,Excellent,No,0,Travel_Rarely,5,Near (1-5),3,Medical,0,18,4,3
1471,44,36-45,Male,Single,Research & Development,Laboratory Technician,1,Junior,3162,3.16,37944,Medium (3-6K),No,0,1.217,5,3-5 yrs,2,0,Just Promoted,3,3,7,5,3,High,3,High,3,Better,3,Excellent,No,0,Non-Travel,5,Near (1-5),3,Life Sciences,0,14,4,2
1472,53,46-55,Male,Single,Research & Development,Research Director,4,Lead,16598,16.6,199176,Very High (10K+),No,0,1.46,9,6-10 yrs,8,8,5+ yrs,8,4,35,2,2,Medium,4,Very High,2,Good,3,Excellent,No,0,Travel_Rarely,2,Near (1-5),3,Medical,0,12,2,4
1473,49,46-55,Male,Married,Research & Development,Healthcare Representative,2,Mid-Level,6651,6.65,79812,High (6-10K),No,0,1.774,3,3-5 yrs,2,1,1-2 yrs,2,2,20,0,3,High,1,Low,2,Good,3,Excellent,No,0,Travel_Rarely,5,Near (1-5),4,Technical Degree,1,14,2,3
1474,40,36-45,Male,Divorced,Research & Development,Research Scientist,1,Junior,2345,2.35,28140,Low (<3K),No,0,1.064,3,3-5 yrs,1,1,1-2 yrs,2,2,8,3,3,High,3,High,4,Best,3,Excellent,No,0,Travel_Rarely,2,Near (1-5),3,Medical,1,14,3,3
1475,44,36-45,Male,Single,Research & Development,Research Scientist,1,Junior,3420,3.42,41040,Medium (3-6K),No,0,1.476,5,3-5 yrs,2,1,1-2 yrs,3,1,6,3,2,Medium,4,Very High,2,Good,3,Excellent,No,0,Travel_Rarely,20,Far (16+),3,Life Sciences,0,13,3,3
1477,33,26-35,Male,Married,Sales,Sales Executive,2,Mid-Level,4373,4.37,52476,Medium (3-6K),No,0,1.524,4,3-5 yrs,3,0,Just Promoted,3,0,5,2,1,Low,4,Very High,3,Better,3,Excellent,No,0,Travel_Frequently,7,Medium (6-15),3,Medical,2,14,1,3
1478,34,26-35,Male,Single,Sales,Sales Executive,2,Mid-Level,4759,4.76,57108,Medium (3-6K),No,0,1.53,13,11-20 yrs,9,3,3-5 yrs,12,3,15,2,1,Low,4,Very High,3,Better,3,Excellent,No,0,Travel_Rarely,3,Near (1-5),3,Other,0,18,4,1
1479,30,26-35,Male,Married,Sales,Sales Executive,2,Mid-Level,5301,5.3,63612,Medium (3-6K),No,0,1.219,2,0-2 yrs,1,2,1-2 yrs,2,8,4,2,3,High,4,Very High,2,Good,3,Excellent,No,0,Travel_Rarely,16,Far (16+),1,Life Sciences,2,15,3,3
1480,42,36-45,Female,Single,Research & Development,Laboratory Technician,1,Junior,3673,3.67,44076,Medium (3-6K),No,0,1.414,12,11-20 yrs,9,5,3-5 yrs,8,1,12,3,4,Very High,1,Low,3,Better,3,Excellent,No,0,Travel_Frequently,9,Medium (6-15),2,Medical,0,13,3,3
1481,44,36-45,Female,Married,Sales,Sales Executive,2,Mid-Level,4768,4.77,57216,Medium (3-6K),No,0,1.753,1,0-2 yrs,0,0,Just Promoted,0,7,11,4,3,High,1,Low,2,Good,3,Excellent,No,0,Travel_Frequently,1,Near (1-5),5,Marketing,1,12,3,3
1482,30,26-35,Male,Divorced,Research & Development,Research Scientist,1,Junior,1274,1.27,15288,Low (<3K),No,0,1.374,1,0-2 yrs,0,0,Just Promoted,0,1,1,2,3,High,3,High,2,Good,3,Excellent,No,0,Non-Travel,7,Medium (6-15),3,Technical Degree,2,13,2,3
1483,57,55+,Male,Married,Research & Development,Research Scientist,2,Mid-Level,4900,4.9,58800,Medium (3-6K),No,0,1.567,12,11-20 yrs,9,2,1-2 yrs,8,0,13,2,3,High,2,Medium,2,Good,4,Outstanding,No,0,Travel_Rarely,1,Near (1-5),2,Life Sciences,1,24,1,4
1484,49,46-55,Male,Divorced,Research & Development,Healthcare Representative,3,Senior,10466,10.47,125592,Very High (10K+),No,0,1.474,8,6-10 yrs,7,0,Just Promoted,7,3,29,3,2,Medium,3,High,3,Better,3,Excellent,No,0,Travel_Rarely,7,Medium (6-15),4,Life Sciences,2,14,2,3
1485,34,26-35,Male,Divorced,Research & Development,Research Director,4,Lead,17007,17.01,204084,Very High (10K+),No,0,2.142,14,11-20 yrs,8,6,5+ yrs,9,7,16,3,1,Low,2,Medium,2,Good,3,Excellent,No,0,Travel_Frequently,15,Medium (6-15),3,Medical,2,14,4,3
1486,28,26-35,Male,Married,Sales,Sales Representative,1,Junior,2909,2.91,34908,Low (<3K),Yes,1,1.46,3,3-5 yrs,2,1,1-2 yrs,2,3,5,3,3,High,1,Low,4,Best,3,Excellent,No,0,Travel_Frequently,1,Near (1-5),3,Technical Degree,1,15,4,3
1487,29,26-35,Female,Single,Sales,Sales Executive,2,Mid-Level,5765,5.76,69180,Medium (3-6K),Yes,1,2.195,5,3-5 yrs,3,0,Just Promoted,0,5,7,4,2,Medium,1,Low,1,Bad,3,Excellent,No,0,Travel_Frequently,13,Medium (6-15),3,Technical Degree,0,11,1,3
1489,34,26-35,Female,Single,Sales,Sales Executive,2,Mid-Level,4599,4.6,55188,Medium (3-6K),Yes,1,2.049,15,11-20 yrs,9,10,5+ yrs,10,0,16,2,2,Medium,1,Low,4,Best,4,Outstanding,Yes,1,Travel_Rarely,24,Far (16+),4,Medical,0,23,3,2
1492,35,26-35,Male,Married,Sales,Sales Representative,1,Junior,2404,2.4,28848,Low (<3K),No,0,1.024,1,0-2 yrs,0,0,Just Promoted,0,1,1,3,3,High,4,Very High,3,Better,3,Excellent,No,0,Travel_Rarely,7,Medium (6-15),1,Life Sciences,1,13,1,3
1494,24,18-25,Male,Single,Research & Development,Laboratory Technician,1,Junior,3172,3.17,38064,Medium (3-6K),Yes,1,2.281,0,0-2 yrs,0,0,Just Promoted,0,2,4,2,1,Low,2,Medium,2,Good,3,Excellent,Yes,1,Travel_Frequently,9,Medium (6-15),3,Medical,0,11,3,3
1495,24,18-25,Female,Married,Sales,Sales Representative,1,Junior,2033,2.03,24396,Low (<3K),No,0,1.295,1,0-2 yrs,0,0,Just Promoted,0,1,1,2,2,Medium,4,Very High,3,Better,3,Excellent,No,0,Non-Travel,13,Medium (6-15),2,Life Sciences,1,13,3,3
1496,44,36-45,Male,Single,Research & Development,Manufacturing Director,3,Senior,10209,10.21,122508,Very High (10K+),No,0,1.77,2,0-2 yrs,2,2,1-2 yrs,2,5,16,2,3,High,2,Medium,2,Good,3,Excellent,Yes,1,Travel_Frequently,2,Near (1-5),1,Medical,0,18,2,3
1497,29,26-35,Male,Divorced,Sales,Sales Executive,2,Mid-Level,8620,8.62,103440,High (6-10K),No,0,1.266,10,6-10 yrs,7,0,Just Promoted,4,1,10,3,3,High,3,High,3,Better,3,Excellent,No,0,Travel_Rarely,19,Far (16+),3,Life Sciences,2,14,3,2
1499,30,26-35,Male,Divorced,Human Resources,Human Resources,1,Junior,2064,2.06,24768,Low (<3K),No,0,1.06,5,3-5 yrs,3,1,1-2 yrs,3,0,6,3,3,High,3,High,4,Best,4,Outstanding,No,0,Travel_Rarely,1,Near (1-5),3,Life Sciences,1,21,1,3
1501,55,46-55,Male,Married,Research & Development,Healthcare Representative,2,Mid-Level,4035,4.04,48420,Medium (3-6K),No,0,1.22,3,3-5 yrs,2,1,1-2 yrs,2,0,4,2,3,High,4,Very High,3,Better,3,Excellent,Yes,1,Travel_Rarely,4,Near (1-5),4,Life Sciences,0,16,2,3
1502,33,26-35,Female,Married,Research & Development,Laboratory Technician,1,Junior,3838,3.84,46056,Medium (3-6K),No,0,1.864,5,3-5 yrs,4,0,Just Promoted,2,8,8,5,2,Medium,1,Low,3,Better,3,Excellent,No,0,Travel_Rarely,4,Near (1-5),4,Medical,0,11,4,2
1503,47,46-55,Female,Married,Sales,Sales Executive,2,Mid-Level,4591,4.59,55092,Medium (3-6K),No,0,1.605,5,3-5 yrs,4,1,1-2 yrs,2,3,11,4,3,High,3,High,2,Good,3,Excellent,Yes,1,Travel_Rarely,14,Medium (6-15),3,Medical,1,17,3,3
1504,28,26-35,Male,Single,Research & Development,Laboratory Technician,1,Junior,2561,2.56,30732,Low (<3K),Yes,1,1.857,0,0-2 yrs,0,0,Just Promoted,0,7,8,2,1,Low,3,High,2,Good,3,Excellent,No,0,Travel_Frequently,2,Near (1-5),2,Medical,0,11,3,2
1506,28,26-35,Male,Divorced,Research & Development,Research Scientist,1,Junior,1563,1.56,18756,Low (<3K),No,0,1.903,1,0-2 yrs,0,0,Just Promoted,0,1,1,2,3,High,1,Low,1,Bad,3,Excellent,No,0,Travel_Rarely,1,Near (1-5),3,Life Sciences,1,14,4,2
1507,28,26-35,Male,Single,Sales,Sales Executive,2,Mid-Level,4898,4.9,58776,Medium (3-6K),No,0,1.731,4,3-5 yrs,2,1,1-2 yrs,3,0,5,5,1,Low,3,High,3,Better,3,Excellent,No,0,Travel_Frequently,7,Medium (6-15),3,Life Sciences,0,14,4,3
1509,49,46-55,Female,Married,Research & Development,Laboratory Technician,2,Mid-Level,4789,4.79,57468,Medium (3-6K),No,0,1.717,3,3-5 yrs,2,1,1-2 yrs,2,4,10,3,1,Low,3,High,3,Better,4,Outstanding,No,0,Travel_Rarely,3,Near (1-5),2,Medical,1,25,1,2
1513,29,26-35,Female,Married,Research & Development,Laboratory Technician,1,Junior,3180,3.18,38160,Medium (3-6K),No,0,1.257,3,3-5 yrs,2,0,Just Promoted,2,0,4,3,2,Medium,4,Very High,3,Better,3,Excellent,No,0,Travel_Frequently,2,Near (1-5),1,Life Sciences,3,13,3,3
1514,28,26-35,Male,Married,Research & Development,Manufacturing Director,2,Mid-Level,6549,6.55,78588,High (6-10K),No,0,1.707,8,6-10 yrs,6,1,1-2 yrs,7,1,8,2,2,Medium,3,High,2,Good,3,Excellent,No,0,Travel_Rarely,29,Far (16+),1,Life Sciences,2,14,2,1
1515,33,26-35,Male,Single,Research & Development,Healthcare Representative,2,Mid-Level,6388,6.39,76656,High (6-10K),No,0,1.228,0,0-2 yrs,0,0,Just Promoted,0,2,14,6,3,High,4,Very High,3,Better,3,Excellent,Yes,1,Travel_Rarely,8,Medium (6-15),5,Life Sciences,0,17,1,3
1516,32,26-35,Male,Single,Research & Development,Manager,3,Senior,11244,11.24,134928,Very High (10K+),No,0,0.834,5,3-5 yrs,2,0,Just Promoted,0,2,10,5,4,Very High,3,High,4,Best,4,Outstanding,No,0,Travel_Rarely,10,Medium (6-15),3,Medical,0,25,2,3
1520,54,46-55,Female,Divorced,Research & Development,Manager,4,Lead,16032,16.03,192384,Very High (10K+),No,0,1.195,14,11-20 yrs,9,1,1-2 yrs,12,3,26,2,4,Very High,2,Medium,3,Better,4,Outstanding,No,0,Travel_Frequently,11,Medium (6-15),4,Medical,1,20,1,3
1522,29,26-35,Male,Single,Research & Development,Research Scientist,1,Junior,2362,2.36,28344,Low (<3K),Yes,1,2.403,9,6-10 yrs,7,0,Just Promoted,7,6,11,2,1,Low,1,Low,1,Bad,3,Excellent,No,0,Travel_Rarely,1,Near (1-5),4,Technical Degree,0,13,3,2
1523,44,36-45,Male,Married,Research & Development,Research Director,4,Lead,16328,16.33,195936,Very High (10K+),No,0,1.54,20,11-20 yrs,6,14,5+ yrs,17,3,24,1,1,Low,4,Very High,4,Best,3,Excellent,No,0,Travel_Rarely,28,Far (16+),3,Life Sciences,1,13,3,3
1525,39,36-45,Female,Single,Research & Development,Manufacturing Director,3,Senior,8376,8.38,100512,High (6-10K),No,0,1.684,2,0-2 yrs,0,2,1-2 yrs,2,4,9,3,2,Medium,2,Medium,3,Better,3,Excellent,No,0,Travel_Rarely,6,Medium (6-15),3,Life Sciences,0,18,4,3
1527,46,46-55,Female,Married,Sales,Manager,4,Lead,16606,16.61,199272,Very High (10K+),No,0,1.344,13,11-20 yrs,12,5,3-5 yrs,1,8,23,2,2,Medium,3,High,4,Best,3,Excellent,No,0,Travel_Rarely,3,Near (1-5),3,Life Sciences,1,12,4,3
1529,35,26-35,Female,Single,Research & Development,Healthcare Representative,3,Senior,8606,8.61,103272,High (6-10K),No,0,1.625,11,11-20 yrs,8,3,3-5 yrs,3,1,11,3,2,Medium,4,Very High,1,Bad,3,Excellent,No,0,Travel_Rarely,16,Far (16+),3,Life Sciences,0,19,4,2
1533,23,18-25,Male,Single,Research & Development,Laboratory Technician,2,Mid-Level,2272,2.27,27264,Low (<3K),No,0,1.676,4,3-5 yrs,3,1,1-2 yrs,2,0,5,2,3,High,1,Low,3,Better,3,Excellent,No,0,Travel_Rarely,20,Far (16+),1,Life Sciences,0,14,2,3
1534,40,36-45,Male,Single,Research & Development,Laboratory Technician,1,Junior,2018,2.02,24216,Low (<3K),Yes,1,1.838,5,3-5 yrs,4,1,1-2 yrs,0,3,15,3,1,Low,4,Very High,1,Bad,3,Excellent,No,0,Travel_Rarely,9,Medium (6-15),4,Life Sciences,0,14,2,3
1535,34,26-35,Male,Married,Sales,Sales Executive,3,Senior,7083,7.08,84996,High (6-10K),No,0,1.257,10,6-10 yrs,9,8,5+ yrs,6,1,10,3,3,High,4,Very High,3,Better,3,Excellent,Yes,1,Travel_Rarely,1,Near (1-5),3,Technical Degree,0,14,4,2
1537,31,26-35,Female,Single,Research & Development,Research Scientist,1,Junior,4084,4.08,49008,Medium (3-6K),Yes,1,1.357,7,6-10 yrs,2,7,5+ yrs,7,1,7,2,3,High,4,Very High,1,Bad,3,Excellent,No,0,Travel_Frequently,3,Near (1-5),3,Life Sciences,0,12,1,3
1539,50,46-55,Male,Single,Research & Development,Research Director,4,Lead,14411,14.41,172932,Very High (10K+),No,0,1.313,32,20+ yrs,6,13,5+ yrs,9,1,32,2,4,Very High,3,High,3,Better,3,Excellent,Yes,1,Travel_Frequently,22,Far (16+),5,Medical,0,13,4,1
1541,34,26-35,Male,Married,Sales,Sales Representative,1,Junior,2308,2.31,27696,Low (<3K),No,0,1.657,11,11-20 yrs,10,5,3-5 yrs,7,0,12,4,3,High,2,Medium,3,Better,4,Outstanding,Yes,1,Travel_Rarely,7,Medium (6-15),2,Technical Degree,1,25,2,3
1542,42,36-45,Male,Married,Research & Development,Laboratory Technician,1,Junior,4841,4.84,58092,Medium (3-6K),No,0,1.457,1,0-2 yrs,0,0,Just Promoted,0,4,4,3,2,Medium,3,High,3,Better,3,Excellent,No,0,Travel_Rarely,2,Near (1-5),3,Medical,1,14,2,2
1543,37,36-45,Male,Married,Research & Development,Research Scientist,2,Mid-Level,4285,4.28,51420,Medium (3-6K),No,0,1.415,10,6-10 yrs,8,3,3-5 yrs,7,1,10,2,4,Very High,1,Low,3,Better,3,Excellent,No,0,Travel_Rarely,13,Medium (6-15),3,Medical,0,17,1,3
1544,29,26-35,Female,Married,Research & Development,Healthcare Representative,2,Mid-Level,9715,9.72,116580,High (6-10K),No,0,1.728,7,6-10 yrs,7,0,Just Promoted,7,3,9,3,1,Low,3,High,3,Better,3,Excellent,No,0,Travel_Rarely,8,Medium (6-15),1,Other,1,13,3,1
1545,33,26-35,Male,Single,Research & Development,Manufacturing Director,2,Mid-Level,4320,4.32,51840,Medium (3-6K),No,0,1.336,5,3-5 yrs,3,0,Just Promoted,2,1,5,2,2,Medium,4,Very High,3,Better,3,Excellent,No,0,Travel_Rarely,25,Far (16+),3,Life Sciences,0,13,4,2
1546,45,36-45,Male,Married,Research & Development,Research Scientist,1,Junior,2132,2.13,25584,Low (<3K),No,0,0.847,5,3-5 yrs,4,0,Just Promoted,3,4,8,3,4,Very High,4,Very High,3,Better,4,Outstanding,No,0,Travel_Rarely,28,Far (16+),3,Technical Degree,1,20,4,3
1547,42,36-45,Male,Married,Research & Development,Healthcare Representative,3,Senior,10124,10.12,121488,Very High (10K+),No,0,1.344,20,11-20 yrs,8,13,5+ yrs,9,2,24,3,4,Very High,4,Very High,1,Bad,3,Excellent,Yes,1,Travel_Frequently,2,Near (1-5),3,Life Sciences,1,14,3,3
1548,40,36-45,Male,Married,Sales,Sales Executive,2,Mid-Level,5473,5.47,65676,Medium (3-6K),No,0,2.028,8,6-10 yrs,4,7,5+ yrs,1,0,9,5,1,Low,1,Low,4,Best,3,Excellent,No,0,Travel_Rarely,9,Medium (6-15),2,Medical,0,12,4,3
1549,33,26-35,Male,Married,Research & Development,Laboratory Technician,2,Mid-Level,5207,5.21,62484,Medium (3-6K),No,0,1.73,15,11-20 yrs,14,5,3-5 yrs,7,1,15,3,3,High,2,Medium,3,Better,3,Excellent,Yes,1,Travel_Rarely,28,Far (16+),4,Life Sciences,1,12,2,3
1550,40,36-45,Male,Single,Human Resources,Manager,4,Lead,16437,16.44,197244,Very High (10K+),No,0,1.217,21,20+ yrs,7,7,5+ yrs,7,1,21,2,4,Very High,3,High,3,Better,4,Outstanding,Yes,1,Travel_Rarely,6,Medium (6-15),2,Medical,0,21,4,3
1551,24,18-25,Male,Divorced,Research & Development,Laboratory Technician,1,Junior,2296,2.3,27552,Low (<3K),No,0,1.772,1,0-2 yrs,1,0,Just Promoted,0,0,2,3,1,Low,3,High,3,Better,3,Excellent,No,0,Travel_Rarely,21,Far (16+),2,Technical Degree,3,14,2,2
1552,40,36-45,Male,Divorced,Research & Development,Healthcare Representative,2,Mid-Level,4069,4.07,48828,Medium (3-6K),No,0,0.991,2,0-2 yrs,2,2,1-2 yrs,2,3,8,2,4,Very High,4,Very High,3,Better,3,Excellent,Yes,1,Non-Travel,8,Medium (6-15),2,Life Sciences,0,18,3,3
1553,45,36-45,Male,Divorced,Research & Development,Healthcare Representative,3,Senior,7441,7.44,89292,High (6-10K),No,0,1.9,10,6-10 yrs,8,7,5+ yrs,7,1,10,4,2,Medium,1,Low,3,Better,3,Excellent,No,0,Travel_Rarely,1,Near (1-5),4,Technical Degree,3,12,1,3
1554,35,26-35,Female,Married,Sales,Sales Representative,1,Junior,2430,2.43,29160,Low (<3K),No,0,1.523,5,3-5 yrs,3,4,3-5 yrs,2,0,6,5,3,High,2,Medium,3,Better,4,Outstanding,No,0,Travel_Rarely,28,Far (16+),4,Life Sciences,2,23,1,2
1555,32,26-35,Female,Married,Research & Development,Research Scientist,2,Mid-Level,5878,5.88,70536,Medium (3-6K),No,0,1.281,7,6-10 yrs,1,2,1-2 yrs,5,3,12,2,2,Medium,4,Very High,3,Better,3,Excellent,No,0,Travel_Rarely,5,Near (1-5),2,Life Sciences,1,12,1,2
1556,36,36-45,Male,Single,Sales,Sales Representative,1,Junior,2644,2.64,31728,Low (<3K),No,0,1.314,3,3-5 yrs,2,1,1-2 yrs,2,3,7,3,4,Very High,3,High,2,Good,4,Outstanding,Yes,1,Travel_Rarely,2,Near (1-5),4,Life Sciences,0,21,4,3
1557,48,46-55,Female,Divorced,Sales,Sales Executive,2,Mid-Level,6439,6.44,77268,High (6-10K),No,0,1.302,8,6-10 yrs,7,7,5+ yrs,7,8,18,2,3,High,3,High,3,Better,3,Excellent,No,0,Travel_Rarely,16,Far (16+),4,Life Sciences,1,14,3,3
1558,29,26-35,Male,Married,Research & Development,Research Scientist,1,Junior,2451,2.45,29412,Low (<3K),No,0,1.381,1,0-2 yrs,0,0,Just Promoted,0,6,5,2,3,High,3,High,2,Good,3,Excellent,No,0,Travel_Rarely,9,Medium (6-15),3,Life Sciences,2,18,1,4
1560,33,26-35,Male,Married,Sales,Sales Executive,2,Mid-Level,6392,6.39,76704,High (6-10K),No,0,2.441,2,0-2 yrs,2,2,1-2 yrs,2,2,8,6,1,Low,1,Low,1,Bad,3,Excellent,No,0,Travel_Rarely,8,Medium (6-15),4,Life Sciences,1,13,4,3
1562,30,26-35,Male,Married,Sales,Sales Executive,2,Mid-Level,9714,9.71,116568,High (6-10K),Yes,1,1.943,10,6-10 yrs,8,6,5+ yrs,7,1,10,4,1,Low,2,Medium,3,Better,3,Excellent,No,0,Travel_Rarely,1,Near (1-5),3,Life Sciences,1,11,4,2
1563,38,36-45,Male,Married,Human Resources,Human Resources,2,Mid-Level,6077,6.08,72924,High (6-10K),No,0,1.241,6,6-10 yrs,3,1,1-2 yrs,2,3,10,2,3,High,3,High,3,Better,3,Excellent,No,0,Travel_Frequently,10,Medium (6-15),4,Human Resources,0,11,3,3
1564,35,26-35,Male,Single,Research & Development,Laboratory Technician,1,Junior,2450,2.45,29400,Low (<3K),No,0,1.51,3,3-5 yrs,0,1,1-2 yrs,2,1,3,3,1,Low,4,Very High,3,Better,3,Excellent,No,0,Travel_Rarely,1,Near (1-5),3,Medical,0,19,2,2
1568,30,26-35,Male,Married,Sales,Sales Executive,3,Senior,9250,9.25,111000,High (6-10K),No,0,1.557,4,3-5 yrs,2,1,1-2 yrs,3,3,9,3,2,Medium,3,High,3,Better,3,Excellent,No,0,Travel_Rarely,29,Far (16+),4,Technical Degree,1,12,2,3
1569,35,26-35,Female,Divorced,Research & Development,Laboratory Technician,1,Junior,2074,2.07,24888,Low (<3K),Yes,1,2.307,1,0-2 yrs,0,0,Just Promoted,0,1,1,2,1,Low,1,Low,3,Better,3,Excellent,Yes,1,Travel_Rarely,2,Near (1-5),3,Life Sciences,1,12,4,3
1572,53,46-55,Female,Married,Research & Development,Manufacturing Director,3,Senior,10169,10.17,122028,Very High (10K+),Yes,1,0.964,33,20+ yrs,7,1,1-2 yrs,9,0,34,4,4,Very High,3,High,3,Better,3,Excellent,No,0,Travel_Rarely,2,Near (1-5),5,Technical Degree,1,16,2,2
1573,38,36-45,Male,Married,Research & Development,Manufacturing Director,2,Mid-Level,4855,4.86,58260,Medium (3-6K),Yes,1,1.464,5,3-5 yrs,2,1,1-2 yrs,4,4,7,2,2,Medium,3,High,3,Better,3,Excellent,No,0,Travel_Rarely,2,Near (1-5),3,Medical,2,11,1,3
1574,32,26-35,Male,Married,Research & Development,Research Scientist,2,Mid-Level,4087,4.09,49044,Medium (3-6K),No,0,1.66,6,6-10 yrs,5,1,1-2 yrs,2,4,9,3,1,Low,4,Very High,2,Good,3,Excellent,No,0,Non-Travel,1,Near (1-5),4,Technical Degree,1,14,2,3
1576,48,46-55,Female,Married,Research & Development,Research Scientist,1,Junior,2367,2.37,28404,Low (<3K),No,0,1.948,8,6-10 yrs,2,7,5+ yrs,6,8,10,3,1,Low,3,High,2,Good,3,Excellent,No,0,Travel_Rarely,15,Medium (6-15),4,Other,1,12,4,3
1577,34,26-35,Male,Single,Research & Development,Research Scientist,1,Junior,2972,2.97,35664,Low (<3K),No,0,1.674,1,0-2 yrs,0,0,Just Promoted,0,1,1,4,4,Very High,1,Low,1,Bad,3,Excellent,No,0,Travel_Rarely,7,Medium (6-15),4,Medical,0,13,3,3
1578,55,46-55,Male,Married,Sales,Manager,5,Director,19586,19.59,235032,Very High (10K+),No,0,1.053,36,20+ yrs,6,2,1-2 yrs,13,1,36,3,4,Very High,3,High,3,Better,4,Outstanding,No,0,Travel_Rarely,26,Far (16+),5,Marketing,1,21,3,2
1580,34,26-35,Male,Married,Research & Development,Research Scientist,2,Mid-Level,5484,5.48,65808,Medium (3-6K),No,0,1.317,2,0-2 yrs,2,2,1-2 yrs,1,9,9,3,4,Very High,2,Medium,2,Good,3,Excellent,No,0,Travel_Rarely,1,Near (1-5),4,Life Sciences,1,17,2,3
1581,26,26-35,Female,Married,Research & Development,Research Scientist,1,Junior,2061,2.06,24732,Low (<3K),No,0,1.36,1,0-2 yrs,0,0,Just Promoted,0,1,1,5,4,Very High,1,Low,3,Better,4,Outstanding,No,0,Travel_Rarely,3,Near (1-5),3,Life Sciences,0,21,1,3
1582,38,36-45,Male,Married,Sales,Sales Executive,2,Mid-Level,9924,9.92,119088,High (6-10K),No,0,1.545,9,6-10 yrs,8,7,5+ yrs,7,0,10,3,2,Medium,3,High,3,Better,3,Excellent,No,0,Travel_Rarely,14,Medium (6-15),3,Life Sciences,1,11,4,3
1583,38,36-45,Female,Single,Sales,Sales Executive,2,Mid-Level,4198,4.2,50376,Medium (3-6K),No,0,1.562,3,3-5 yrs,2,1,1-2 yrs,2,2,8,5,2,Medium,2,Medium,4,Best,3,Excellent,No,0,Travel_Rarely,16,Far (16+),3,Life Sciences,0,12,2,3
1585,36,36-45,Female,Single,Sales,Sales Executive,2,Mid-Level,6815,6.82,81780,High (6-10K),No,0,1.403,1,0-2 yrs,0,0,Just Promoted,0,6,15,5,3,High,2,Medium,3,Better,3,Excellent,No,0,Travel_Rarely,1,Near (1-5),4,Life Sciences,0,13,1,3
1586,29,26-35,Male,Single,Research & Development,Laboratory Technician,1,Junior,4723,4.72,56676,Medium (3-6K),No,0,2.117,10,6-10 yrs,9,1,1-2 yrs,5,1,10,3,1,Low,2,Medium,3,Better,3,Excellent,Yes,1,Travel_Rarely,3,Near (1-5),1,Medical,0,18,4,3
1587,35,26-35,Female,Single,Research & Development,Healthcare Representative,2,Mid-Level,6142,6.14,73704,High (6-10K),No,0,1.834,5,3-5 yrs,2,0,Just Promoted,4,3,10,4,3,High,1,Low,3,Better,3,Excellent,Yes,1,Travel_Rarely,10,Medium (6-15),4,Medical,0,16,3,3
1588,39,36-45,Male,Married,Sales,Sales Executive,3,Senior,8237,8.24,98844,High (6-10K),No,0,1.067,7,6-10 yrs,6,7,5+ yrs,6,2,11,3,3,High,4,Very High,3,Better,3,Excellent,No,0,Travel_Rarely,6,Medium (6-15),3,Medical,1,11,1,4
1590,29,26-35,Male,Divorced,Research & Development,Healthcare Representative,2,Mid-Level,8853,8.85,106236,High (6-10K),No,0,1.214,6,6-10 yrs,4,1,1-2 yrs,3,1,6,0,4,Very High,1,Low,4,Best,3,Excellent,No,0,Travel_Frequently,2,Near (1-5),1,Life Sciences,1,19,4,3
1591,50,46-55,Male,Married,Sales,Manager,5,Director,19331,19.33,231972,Very High (10K+),No,0,1.431,1,0-2 yrs,0,0,Just Promoted,0,4,27,2,3,High,3,High,3,Better,3,Excellent,Yes,1,Travel_Rarely,9,Medium (6-15),3,Marketing,1,16,3,3
1592,23,18-25,Male,Married,Research & Development,Research Scientist,1,Junior,2073,2.07,24876,Low (<3K),No,0,1.048,2,0-2 yrs,2,2,1-2 yrs,2,2,4,2,3,High,4,Very High,3,Better,3,Excellent,No,0,Travel_Rarely,10,Medium (6-15),3,Technical Degree,1,16,4,4
1594,36,36-45,Male,Married,Research & Development,Laboratory Technician,2,Mid-Level,5562,5.56,66744,Medium (3-6K),No,0,2.321,3,3-5 yrs,2,0,Just Promoted,2,3,9,3,1,Low,1,Low,3,Better,3,Excellent,Yes,1,Travel_Frequently,6,Medium (6-15),4,Life Sciences,1,13,4,4
1595,42,36-45,Male,Single,Research & Development,Manager,5,Director,19613,19.61,235356,Very High (10K+),No,0,0.781,1,0-2 yrs,0,0,Just Promoted,1,8,24,2,4,Very High,4,Very High,3,Better,4,Outstanding,No,0,Travel_Rarely,9,Medium (6-15),2,Other,0,22,4,2
1596,35,26-35,Male,Married,Research & Development,Laboratory Technician,2,Mid-Level,3407,3.41,40884,Medium (3-6K),No,0,1.687,10,6-10 yrs,9,6,5+ yrs,8,1,10,3,3,High,2,Medium,2,Good,3,Excellent,No,0,Travel_Rarely,28,Far (16+),3,Life Sciences,2,17,4,4
1597,34,26-35,Male,Married,Research & Development,Healthcare Representative,2,Mid-Level,5063,5.06,60756,Medium (3-6K),No,0,1.231,8,6-10 yrs,2,7,5+ yrs,7,1,8,3,3,High,4,Very High,2,Good,3,Excellent,No,0,Travel_Frequently,10,Medium (6-15),4,Technical Degree,1,14,2,2
1598,40,36-45,Female,Married,Sales,Sales Executive,2,Mid-Level,4639,4.64,55668,Medium (3-6K),No,0,1.555,5,3-5 yrs,4,1,1-2 yrs,2,1,5,2,1,Low,4,Very High,3,Better,3,Excellent,No,0,Travel_Rarely,14,Medium (6-15),2,Life Sciences,1,15,3,3
1599,43,36-45,Male,Divorced,Research & Development,Laboratory Technician,1,Junior,4876,4.88,58512,Medium (3-6K),No,0,1.343,6,6-10 yrs,4,0,Just Promoted,2,5,8,0,2,Medium,4,Very High,3,Better,3,Excellent,No,0,Travel_Rarely,27,Far (16+),3,Technical Degree,1,12,3,4
1601,35,26-35,Male,Married,Research & Development,Laboratory Technician,1,Junior,2690,2.69,32280,Low (<3K),No,0,1.124,1,0-2 yrs,0,0,Just Promoted,1,1,1,5,4,Very High,3,High,2,Good,3,Excellent,No,0,Travel_Rarely,7,Medium (6-15),2,Life Sciences,1,18,4,2
1602,46,46-55,Male,Single,Sales,Manager,4,Lead,17567,17.57,210804,Very High (10K+),No,0,1.803,26,20+ yrs,0,0,Just Promoted,12,1,27,5,1,Low,4,Very High,1,Bad,3,Excellent,No,0,Travel_Rarely,1,Near (1-5),4,Life Sciences,0,15,2,4
1604,28,26-35,Male,Married,Research & Development,Laboratory Technician,1,Junior,2408,2.41,28896,Low (<3K),Yes,1,1.733,1,0-2 yrs,1,0,Just Promoted,0,1,1,3,2,Medium,3,High,3,Better,3,Excellent,Yes,1,Travel_Rarely,24,Far (16+),3,Medical,3,17,3,3
1605,22,18-25,Female,Married,Research & Development,Research Scientist,1,Junior,2814,2.81,33768,Low (<3K),No,0,1.846,4,3-5 yrs,2,1,1-2 yrs,3,1,4,2,3,High,2,Medium,2,Good,3,Excellent,Yes,1,Non-Travel,26,Far (16+),2,Other,0,14,2,2
1606,50,46-55,Male,Married,Research & Development,Healthcare Representative,4,Lead,11245,11.24,134940,Very High (10K+),No,0,1.749,30,20+ yrs,8,12,5+ yrs,13,2,32,3,3,High,2,Medium,3,Better,3,Excellent,Yes,1,Travel_Frequently,20,Far (16+),5,Medical,1,15,3,3
1607,32,26-35,Female,Married,Research & Development,Research Scientist,1,Junior,3312,3.31,39744,Medium (3-6K),No,0,1.167,3,3-5 yrs,2,0,Just Promoted,2,3,6,3,4,Very High,2,Medium,3,Better,3,Excellent,No,0,Travel_Rarely,5,Near (1-5),4,Other,2,17,4,4
1608,44,36-45,Female,Divorced,Research & Development,Research Director,5,Director,19049,19.05,228588,Very High (10K+),No,0,1.531,22,20+ yrs,7,1,1-2 yrs,10,0,23,4,4,Very High,2,Medium,2,Good,3,Excellent,Yes,1,Travel_Rarely,7,Medium (6-15),3,Medical,1,14,4,3
1609,30,26-35,Male,Married,Research & Development,Research Scientist,1,Junior,2141,2.14,25692,Low (<3K),No,0,1.831,6,6-10 yrs,4,1,1-2 yrs,1,1,6,3,2,Medium,2,Medium,2,Good,3,Excellent,No,0,Travel_Rarely,7,Medium (6-15),3,Medical,1,12,2,2
1611,45,36-45,Female,Single,Research & Development,Laboratory Technician,2,Mid-Level,5769,5.77,69228,Medium (3-6K),No,0,1.924,10,6-10 yrs,7,1,1-2 yrs,4,1,10,3,1,Low,3,High,3,Better,3,Excellent,Yes,1,Travel_Rarely,5,Near (1-5),5,Medical,0,14,1,1
1612,45,36-45,Male,Married,Sales,Sales Executive,2,Mid-Level,4385,4.38,52620,Medium (3-6K),No,0,2.216,10,6-10 yrs,7,4,3-5 yrs,5,1,10,2,1,Low,1,Low,3,Better,3,Excellent,No,0,Non-Travel,26,Far (16+),3,Marketing,1,15,1,2
1613,31,26-35,Male,Single,Sales,Sales Executive,2,Mid-Level,5332,5.33,63984,Medium (3-6K),No,0,1.507,5,3-5 yrs,2,0,Just Promoted,3,7,10,3,1,Low,4,Very High,3,Better,3,Excellent,No,0,Travel_Frequently,2,Near (1-5),4,Other,0,13,4,3
1614,36,36-45,Female,Married,Research & Development,Manufacturing Director,2,Mid-Level,4663,4.66,55956,Medium (3-6K),No,0,1.448,3,3-5 yrs,2,1,1-2 yrs,1,9,7,2,3,High,3,High,3,Better,3,Excellent,Yes,1,Travel_Rarely,12,Medium (6-15),4,Life Sciences,2,12,2,3
1615,34,26-35,Male,Divorced,Research & Development,Manufacturing Director,2,Mid-Level,4724,4.72,56688,Medium (3-6K),No,0,1.031,9,6-10 yrs,7,7,5+ yrs,2,1,9,3,4,Very High,3,High,3,Better,3,Excellent,No,0,Travel_Frequently,10,Medium (6-15),4,Life Sciences,1,13,1,4
1617,49,46-55,Female,Married,Research & Development,Laboratory Technician,1,Junior,3211,3.21,38532,Medium (3-6K),No,0,1.943,9,6-10 yrs,6,1,1-2 yrs,4,1,10,3,1,Low,3,High,2,Good,3,Excellent,No,0,Travel_Rarely,25,Far (16+),4,Life Sciences,1,14,4,3
1618,39,36-45,Male,Married,Research & Development,Manufacturing Director,2,Mid-Level,5377,5.38,64524,Medium (3-6K),No,0,1.981,7,6-10 yrs,7,7,5+ yrs,7,2,10,3,1,Low,2,Medium,3,Better,3,Excellent,No,0,Travel_Rarely,10,Medium (6-15),5,Medical,3,13,4,3
1619,27,26-35,Male,Divorced,Research & Development,Laboratory Technician,1,Junior,4066,4.07,48792,Medium (3-6K),No,0,1.566,7,6-10 yrs,7,0,Just Promoted,7,1,7,3,1,Low,4,Very High,3,Better,3,Excellent,No,0,Travel_Rarely,19,Far (16+),3,Other,2,11,1,2
1621,35,26-35,Male,Married,Research & Development,Research Scientist,2,Mid-Level,5208,5.21,62496,Medium (3-6K),No,0,1.969,16,11-20 yrs,15,1,1-2 yrs,10,1,16,2,1,Low,2,Medium,3,Better,3,Excellent,No,0,Travel_Rarely,18,Far (16+),5,Life Sciences,0,11,4,4
1622,28,26-35,Female,Divorced,Research & Development,Manufacturing Director,2,Mid-Level,4877,4.88,58524,Medium (3-6K),No,0,2.143,5,3-5 yrs,3,0,Just Promoted,0,0,6,5,1,Low,2,Medium,2,Good,4,Outstanding,No,0,Travel_Rarely,27,Far (16+),3,Medical,1,21,2,1
1623,21,18-25,Male,Single,Research & Development,Research Scientist,1,Junior,3117,3.12,37404,Medium (3-6K),No,0,0.981,2,0-2 yrs,2,2,1-2 yrs,2,1,3,2,4,Very High,3,High,3,Better,3,Excellent,No,0,Travel_Rarely,5,Near (1-5),1,Medical,0,18,3,3
1624,18,18-25,Female,Single,Sales,Sales Representative,1,Junior,1569,1.57,18828,Low (<3K),Yes,1,1.21,0,0-2 yrs,0,0,Just Promoted,0,1,0,2,4,Very High,2,Medium,4,Best,3,Excellent,Yes,1,Travel_Frequently,3,Near (1-5),2,Medical,0,12,3,3
1625,47,46-55,Female,Married,Human Resources,Manager,5,Director,19658,19.66,235896,Very High (10K+),No,0,1.096,5,3-5 yrs,2,1,1-2 yrs,0,3,27,2,3,High,4,Very High,3,Better,3,Excellent,No,0,Travel_Rarely,26,Far (16+),4,Life Sciences,1,11,3,3
1627,39,36-45,Male,Divorced,Research & Development,Laboratory Technician,2,Mid-Level,3069,3.07,36828,Medium (3-6K),No,0,1.21,10,6-10 yrs,8,0,Just Promoted,7,0,11,3,3,High,3,High,3,Better,3,Excellent,No,0,Travel_Rarely,3,Near (1-5),2,Medical,1,15,4,2
1628,40,36-45,Female,Married,Research & Development,Manufacturing Director,3,Senior,10435,10.44,125220,Very High (10K+),No,0,1.745,18,11-20 yrs,15,14,5+ yrs,12,1,18,2,3,High,1,Low,3,Better,3,Excellent,No,0,Travel_Rarely,15,Medium (6-15),3,Life Sciences,2,13,4,2
1630,35,26-35,Female,Married,Research & Development,Healthcare Representative,2,Mid-Level,4148,4.15,49776,Medium (3-6K),No,0,1.241,14,11-20 yrs,11,2,1-2 yrs,9,1,15,5,3,High,3,High,3,Better,3,Excellent,No,0,Non-Travel,8,Medium (6-15),4,Life Sciences,1,12,4,3
1631,37,36-45,Male,Married,Research & Development,Manufacturing Director,2,Mid-Level,5768,5.77,69216,Medium (3-6K),No,0,1.416,4,3-5 yrs,3,0,Just Promoted,2,3,9,2,3,High,3,High,2,Good,3,Excellent,No,0,Travel_Rarely,19,Far (16+),3,Life Sciences,3,17,1,3
1633,39,36-45,Female,Single,Research & Development,Manufacturing Director,2,Mid-Level,5042,5.04,60504,Medium (3-6K),No,0,1.934,9,6-10 yrs,2,3,3-5 yrs,8,0,10,2,3,High,1,Low,1,Bad,3,Excellent,No,0,Travel_Frequently,4,Near (1-5),3,Medical,0,13,4,3
1635,45,36-45,Female,Divorced,Research & Development,Manufacturing Director,2,Mid-Level,5770,5.77,69240,Medium (3-6K),No,0,0.777,10,6-10 yrs,7,3,3-5 yrs,9,1,10,3,4,Very High,4,Very High,3,Better,3,Excellent,No,0,Travel_Rarely,2,Near (1-5),2,Other,2,19,1,2
1638,38,36-45,Female,Married,Research & Development,Manufacturing Director,3,Senior,7756,7.76,93072,High (6-10K),No,0,1.057,5,3-5 yrs,4,0,Just Promoted,2,3,10,6,3,High,4,Very High,4,Best,3,Excellent,Yes,1,Travel_Rarely,2,Near (1-5),2,Medical,1,19,4,2
1639,35,26-35,Male,Married,Sales,Sales Executive,3,Senior,10306,10.31,123672,Very High (10K+),Yes,1,1.574,13,11-20 yrs,12,6,5+ yrs,0,9,15,3,1,Low,4,Very High,3,Better,3,Excellent,No,0,Travel_Rarely,10,Medium (6-15),3,Medical,0,17,3,2
1640,37,36-45,Female,Married,Research & Development,Research Scientist,1,Junior,3936,3.94,47232,Medium (3-6K),No,0,2.031,8,6-10 yrs,4,7,5+ yrs,7,1,8,2,2,Medium,2,Medium,1,Bad,3,Excellent,No,0,Travel_Rarely,10,Medium (6-15),3,Medical,1,11,1,3
1641,40,36-45,Female,Single,Research & Development,Manufacturing Director,3,Senior,7945,7.94,95340,High (6-10K),No,0,1.375,4,3-5 yrs,2,3,3-5 yrs,3,6,18,2,4,Very High,3,High,2,Good,3,Excellent,Yes,1,Travel_Rarely,16,Far (16+),3,Life Sciences,0,15,4,3
1642,44,36-45,Male,Married,Human Resources,Human Resources,2,Mid-Level,5743,5.74,68916,Medium (3-6K),No,0,1.553,10,6-10 yrs,7,0,Just Promoted,2,4,14,3,4,Very High,1,Low,3,Better,3,Excellent,Yes,1,Travel_Frequently,1,Near (1-5),5,Human Resources,0,11,3,3
1644,48,46-55,Male,Married,Research & Development,Manager,4,Lead,15202,15.2,182424,Very High (10K+),No,0,0.977,2,0-2 yrs,2,2,1-2 yrs,2,2,23,3,4,Very High,3,High,3,Better,4,Outstanding,No,0,Travel_Frequently,4,Near (1-5),5,Medical,1,25,2,2
1645,35,26-35,Male,Divorced,Sales,Sales Executive,2,Mid-Level,5440,5.44,65280,Medium (3-6K),Yes,1,1.765,2,0-2 yrs,2,2,1-2 yrs,2,6,7,2,4,Very High,1,Low,2,Good,3,Excellent,Yes,1,Travel_Rarely,15,Medium (6-15),2,Medical,2,14,4,1
1646,24,18-25,Female,Single,Research & Development,Research Scientist,1,Junior,3760,3.76,45120,Medium (3-6K),No,0,1.564,6,6-10 yrs,3,1,1-2 yrs,3,1,6,2,4,Very High,1,Low,3,Better,3,Excellent,Yes,1,Travel_Frequently,2,Near (1-5),1,Technical Degree,0,13,3,3
1647,27,26-35,Female,Married,Research & Development,Research Scientist,1,Junior,3517,3.52,42204,Medium (3-6K),No,0,1.428,3,3-5 yrs,2,0,Just Promoted,2,7,5,0,3,High,2,Medium,3,Better,3,Excellent,No,0,Travel_Rarely,8,Medium (6-15),3,Medical,0,17,1,4
1648,27,26-35,Male,Single,Research & Development,Research Scientist,1,Junior,2580,2.58,30960,Low (<3K),No,0,0.914,4,3-5 yrs,2,1,1-2 yrs,2,2,6,0,4,Very High,4,Very High,2,Good,3,Excellent,No,0,Travel_Frequently,2,Near (1-5),3,Medical,0,13,3,3
1649,40,36-45,Male,Single,Research & Development,Laboratory Technician,1,Junior,2166,2.17,25992,Low (<3K),Yes,1,2.624,4,3-5 yrs,2,0,Just Promoted,3,3,10,3,1,Low,1,Low,1,Bad,3,Excellent,Yes,1,Travel_Rarely,7,Medium (6-15),3,Life Sciences,0,14,2,3
1650,29,26-35,Male,Single,Sales,Sales Executive,2,Mid-Level,5869,5.87,70428,Medium (3-6K),No,0,1.241,5,3-5 yrs,2,1,1-2 yrs,4,9,8,2,3,High,3,High,3,Better,3,Excellent,No,0,Travel_Rarely,10,Medium (6-15),3,Medical,0,11,3,2
1651,36,36-45,Female,Married,Research & Development,Healthcare Representative,3,Senior,8008,8.01,96096,High (6-10K),No,0,1.917,3,3-5 yrs,2,0,Just Promoted,2,4,9,6,1,Low,2,Medium,3,Better,3,Excellent,No,0,Travel_Rarely,5,Near (1-5),4,Life Sciences,2,12,3,3
1653,25,18-25,Male,Divorced,Research & Development,Manufacturing Director,2,Mid-Level,5206,5.21,62472,Medium (3-6K),No,0,1.007,7,6-10 yrs,7,0,Just Promoted,7,1,7,6,3,High,4,Very High,3,Better,3,Excellent,No,0,Travel_Frequently,2,Near (1-5),1,Life Sciences,2,17,3,4
1654,39,36-45,Male,Married,Research & Development,Manufacturing Director,2,Mid-Level,5295,5.3,63540,Medium (3-6K),No,0,1.298,5,3-5 yrs,4,1,1-2 yrs,0,4,7,3,2,Medium,4,Very High,3,Better,4,Outstanding,No,0,Travel_Rarely,12,Medium (6-15),3,Medical,0,21,3,3
1655,49,46-55,Female,Married,Research & Development,Research Director,4,Lead,16413,16.41,196956,Very High (10K+),No,0,1.933,4,3-5 yrs,2,1,1-2 yrs,2,3,27,2,2,Medium,1,Low,3,Better,3,Excellent,No,0,Travel_Rarely,22,Far (16+),4,Other,2,16,2,3
1656,50,46-55,Female,Divorced,Research & Development,Research Director,3,Senior,13269,13.27,159228,Very High (10K+),No,0,1.565,14,11-20 yrs,11,1,1-2 yrs,11,5,19,3,1,Low,4,Very High,3,Better,3,Excellent,No,0,Travel_Rarely,17,Far (16+),5,Life Sciences,3,15,3,2
1657,20,18-25,Female,Single,Sales,Sales Representative,1,Junior,2783,2.78,33396,Low (<3K),No,0,1.22,2,0-2 yrs,2,2,1-2 yrs,2,1,2,3,3,High,3,High,3,Better,3,Excellent,No,0,Travel_Rarely,2,Near (1-5),3,Medical,0,19,1,3
1658,34,26-35,Female,Divorced,Research & Development,Research Scientist,2,Mid-Level,5433,5.43,65196,Medium (3-6K),No,0,1.307,11,11-20 yrs,8,7,5+ yrs,9,1,11,2,2,Medium,4,Very High,3,Better,3,Excellent,No,0,Travel_Rarely,3,Near (1-5),3,Life Sciences,1,12,3,3
1659,36,36-45,Male,Single,Research & Development,Laboratory Technician,1,Junior,2013,2.01,24156,Low (<3K),No,0,1.881,4,3-5 yrs,3,1,1-2 yrs,3,2,15,4,2,Medium,1,Low,3,Better,3,Excellent,No,0,Travel_Rarely,7,Medium (6-15),3,Life Sciences,0,11,3,3
1661,49,46-55,Female,Married,Research & Development,Healthcare Representative,4,Lead,13966,13.97,167592,Very High (10K+),No,0,1.434,15,11-20 yrs,11,2,1-2 yrs,12,2,30,3,3,High,3,High,3,Better,3,Excellent,Yes,1,Travel_Rarely,6,Medium (6-15),1,Life Sciences,1,19,2,2
1662,36,36-45,Female,Married,Research & Development,Manufacturing Director,2,Mid-Level,4374,4.37,52488,Medium (3-6K),No,0,1.01,3,3-5 yrs,2,1,1-2 yrs,2,0,4,6,3,High,4,Very High,3,Better,3,Excellent,No,0,Non-Travel,1,Near (1-5),4,Medical,0,15,3,2
1664,36,36-45,Male,Divorced,Research & Development,Healthcare Representative,2,Mid-Level,6842,6.84,82104,High (6-10K),No,0,1.51,5,3-5 yrs,4,0,Just Promoted,4,6,13,3,1,Low,4,Very High,3,Better,4,Outstanding,No,0,Travel_Rarely,3,Near (1-5),2,Life Sciences,1,20,1,4
1665,54,46-55,Female,Married,Research & Development,Manager,4,Lead,17426,17.43,209112,Very High (10K+),No,0,1.503,10,6-10 yrs,8,4,3-5 yrs,7,3,36,6,3,High,2,Medium,3,Better,4,Outstanding,No,0,Travel_Rarely,22,Far (16+),5,Medical,1,25,3,3
1666,43,36-45,Male,Married,Research & Development,Research Director,4,Lead,17603,17.6,211236,Very High (10K+),No,0,1.292,14,11-20 yrs,10,6,5+ yrs,11,1,14,3,3,High,3,High,3,Better,4,Outstanding,No,0,Travel_Rarely,15,Medium (6-15),2,Life Sciences,1,24,1,2
1667,35,26-35,Male,Single,Sales,Sales Executive,2,Mid-Level,4581,4.58,54972,Medium (3-6K),Yes,1,0.881,11,11-20 yrs,9,6,5+ yrs,7,3,13,2,4,Very High,4,Very High,4,Best,4,Outstanding,Yes,1,Travel_Frequently,12,Medium (6-15),4,Other,0,24,1,3
1668,38,36-45,Male,Married,Research & Development,Research Scientist,2,Mid-Level,4735,4.74,56820,Medium (3-6K),No,0,0.617,13,11-20 yrs,11,2,1-2 yrs,9,7,19,4,4,Very High,4,Very High,4,Best,3,Excellent,No,0,Travel_Frequently,1,Near (1-5),3,Life Sciences,2,15,4,3
1669,29,26-35,Male,Divorced,Sales,Sales Executive,2,Mid-Level,4187,4.19,50244,Medium (3-6K),No,0,2.217,10,6-10 yrs,0,0,Just Promoted,9,1,10,3,2,Medium,1,Low,2,Good,3,Excellent,Yes,1,Travel_Rarely,5,Near (1-5),3,Medical,1,13,2,2
1670,33,26-35,Male,Divorced,Sales,Sales Executive,2,Mid-Level,5505,5.5,66060,Medium (3-6K),No,0,0.757,6,6-10 yrs,2,0,Just Promoted,4,1,6,5,4,Very High,4,Very High,3,Better,3,Excellent,No,0,Travel_Rarely,2,Near (1-5),4,Medical,2,14,3,3
1671,32,26-35,Male,Divorced,Research & Development,Research Scientist,2,Mid-Level,5470,5.47,65640,Medium (3-6K),No,0,1.414,9,6-10 yrs,5,1,1-2 yrs,6,0,10,4,2,Medium,4,Very High,2,Good,3,Excellent,No,0,Travel_Rarely,2,Near (1-5),3,Medical,2,13,3,3
1673,31,26-35,Female,Married,Sales,Sales Executive,2,Mid-Level,5476,5.48,65712,Medium (3-6K),No,0,1.367,10,6-10 yrs,0,0,Just Promoted,2,1,10,2,4,Very High,1,Low,3,Better,3,Excellent,No,0,Travel_Rarely,5,Near (1-5),4,Life Sciences,2,11,1,3
1674,49,46-55,Female,Divorced,Research & Development,Laboratory Technician,1,Junior,2587,2.59,31044,Low (<3K),No,0,1.919,2,0-2 yrs,2,2,1-2 yrs,2,4,17,2,1,Low,4,Very High,2,Good,3,Excellent,Yes,1,Travel_Rarely,16,Far (16+),3,Medical,1,16,2,3
1675,38,36-45,Female,Single,Research & Development,Laboratory Technician,1,Junior,2440,2.44,29280,Low (<3K),No,0,1.277,4,3-5 yrs,3,3,3-5 yrs,3,1,4,3,2,Medium,4,Very High,3,Better,4,Outstanding,No,0,Travel_Frequently,2,Near (1-5),3,Medical,0,22,2,2
1676,47,46-55,Female,Divorced,Sales,Manager,4,Lead,15972,15.97,191664,Very High (10K+),No,0,1.664,3,3-5 yrs,2,1,1-2 yrs,2,6,29,2,2,Medium,2,Medium,3,Better,3,Excellent,No,0,Travel_Rarely,2,Near (1-5),4,Life Sciences,3,14,3,4
1677,49,46-55,Male,Single,Research & Development,Manager,4,Lead,15379,15.38,184548,Very High (10K+),No,0,1.203,8,6-10 yrs,7,0,Just Promoted,0,4,23,2,3,High,3,High,3,Better,3,Excellent,No,0,Travel_Rarely,1,Near (1-5),3,Life Sciences,0,14,1,3
1678,41,36-45,Male,Single,Sales,Sales Executive,3,Senior,7082,7.08,84984,High (6-10K),No,0,1.279,2,0-2 yrs,0,0,Just Promoted,2,3,21,2,3,High,4,Very High,3,Better,3,Excellent,Yes,1,Travel_Rarely,23,Far (16+),2,Life Sciences,0,16,4,3
1680,20,18-25,Male,Single,Sales,Sales Representative,1,Junior,2728,2.73,32736,Low (<3K),No,0,1.531,2,0-2 yrs,2,0,Just Promoted,2,1,2,3,1,Low,4,Very High,3,Better,3,Excellent,No,0,Travel_Rarely,9,Medium (6-15),1,Life Sciences,0,11,1,3
1681,33,26-35,Female,Divorced,Sales,Sales Executive,2,Mid-Level,5368,5.37,64416,Medium (3-6K),No,0,1.212,6,6-10 yrs,5,1,1-2 yrs,2,1,7,2,4,Very High,3,High,3,Better,4,Outstanding,Yes,1,Non-Travel,16,Far (16+),3,Life Sciences,1,25,3,3
1682,36,36-45,Male,Married,Research & Development,Healthcare Representative,2,Mid-Level,5347,5.35,64164,Medium (3-6K),No,0,1.84,3,3-5 yrs,2,0,Just Promoted,2,6,10,2,3,High,1,Low,2,Good,3,Excellent,No,0,Travel_Rarely,26,Far (16+),4,Life Sciences,2,14,2,3
1683,44,36-45,Female,Divorced,Human Resources,Human Resources,1,Junior,3195,3.2,38340,Medium (3-6K),No,0,1.167,2,0-2 yrs,2,2,1-2 yrs,2,4,8,2,4,Very High,3,High,3,Better,3,Excellent,Yes,1,Travel_Rarely,1,Near (1-5),3,Life Sciences,3,18,1,3
1684,23,18-25,Male,Single,Research & Development,Laboratory Technician,1,Junior,3989,3.99,47868,Medium (3-6K),Yes,1,1.234,5,3-5 yrs,4,1,1-2 yrs,2,1,5,2,3,High,4,Very High,3,Better,3,Excellent,Yes,1,Travel_Rarely,8,Medium (6-15),1,Medical,0,11,1,2
1687,38,36-45,Female,Married,Research & Development,Laboratory Technician,1,Junior,3306,3.31,39672,Medium (3-6K),No,0,1.164,0,0-2 yrs,0,0,Just Promoted,0,7,7,5,3,High,4,Very High,2,Good,3,Excellent,No,0,Travel_Rarely,4,Near (1-5),2,Medical,1,19,4,3
1689,53,46-55,Male,Married,Research & Development,Healthcare Representative,3,Senior,7005,7.0,84060,High (6-10K),No,0,1.239,4,3-5 yrs,3,1,1-2 yrs,2,3,11,2,4,Very High,2,Medium,3,Better,3,Excellent,No,0,Travel_Rarely,24,Far (16+),4,Medical,0,15,3,4
1691,48,46-55,Female,Married,Sales,Sales Representative,1,Junior,2655,2.66,31860,Low (<3K),Yes,1,1.271,9,6-10 yrs,7,7,5+ yrs,7,2,19,3,3,High,4,Very High,3,Better,3,Excellent,Yes,1,Travel_Frequently,7,Medium (6-15),2,Medical,2,11,3,3
1692,32,26-35,Male,Single,Research & Development,Laboratory Technician,1,Junior,1393,1.39,16716,Low (<3K),Yes,1,1.257,1,0-2 yrs,0,0,Just Promoted,0,1,1,2,2,Medium,4,Very High,3,Better,3,Excellent,No,0,Travel_Rarely,2,Near (1-5),4,Life Sciences,0,12,1,3
1693,26,26-35,Male,Single,Research & Development,Laboratory Technician,1,Junior,2570,2.57,30840,Low (<3K),No,0,0.807,7,6-10 yrs,7,5,3-5 yrs,7,1,7,5,4,Very High,4,Very High,3,Better,4,Outstanding,No,0,Non-Travel,7,Medium (6-15),3,Medical,0,20,3,3
1694,55,46-55,Male,Divorced,Research & Development,Research Scientist,1,Junior,3537,3.54,42444,Medium (3-6K),No,0,1.933,4,3-5 yrs,2,1,1-2 yrs,2,5,8,1,2,Medium,1,Low,3,Better,3,Excellent,No,0,Travel_Rarely,22,Far (16+),3,Technical Degree,1,12,4,2
1696,34,26-35,Male,Married,Research & Development,Laboratory Technician,2,Mid-Level,3986,3.99,47832,Medium (3-6K),No,0,1.044,15,11-20 yrs,10,4,3-5 yrs,13,1,15,3,4,Very High,2,Medium,4,Best,3,Excellent,No,0,Travel_Rarely,5,Near (1-5),2,Medical,1,14,3,2
1697,60,55+,Male,Divorced,Research & Development,Healthcare Representative,3,Senior,10883,10.88,130596,Very High (10K+),No,0,0.803,1,0-2 yrs,0,0,Just Promoted,0,3,19,2,4,Very High,3,High,4,Best,4,Outstanding,No,0,Travel_Rarely,1,Near (1-5),4,Medical,1,20,3,1
1698,33,26-35,Male,Married,Research & Development,Laboratory Technician,1,Junior,2028,2.03,24336,Low (<3K),No,0,1.736,14,11-20 yrs,11,2,1-2 yrs,13,1,14,6,2,Medium,2,Medium,3,Better,3,Excellent,No,0,Travel_Rarely,21,Far (16+),3,Medical,3,18,4,4
1700,37,36-45,Male,Divorced,Sales,Sales Executive,2,Mid-Level,9525,9.52,114300,High (6-10K),No,0,1.11,6,6-10 yrs,3,1,1-2 yrs,3,1,6,2,4,Very High,3,High,2,Good,3,Excellent,No,0,Travel_Frequently,1,Near (1-5),4,Medical,2,14,3,1
1701,34,26-35,Female,Married,Research & Development,Research Scientist,1,Junior,2929,2.93,35148,Low (<3K),No,0,1.269,10,6-10 yrs,9,8,5+ yrs,7,1,10,3,4,Very High,2,Medium,3,Better,3,Excellent,No,0,Travel_Rarely,19,Far (16+),3,Life Sciences,0,12,2,2
1702,23,18-25,Male,Divorced,Sales,Sales Representative,1,Junior,2275,2.28,27300,Low (<3K),Yes,1,1.174,3,3-5 yrs,2,0,Just Promoted,2,1,3,2,4,Very High,3,High,3,Better,4,Outstanding,Yes,1,Travel_Rarely,7,Medium (6-15),3,Life Sciences,1,21,2,3
1703,44,36-45,Female,Married,Research & Development,Healthcare Representative,3,Senior,7879,7.88,94548,High (6-10K),No,0,1.197,8,6-10 yrs,7,6,5+ yrs,7,1,9,2,4,Very High,3,High,3,Better,3,Excellent,Yes,1,Travel_Rarely,2,Near (1-5),3,Life Sciences,1,19,2,4
1704,35,26-35,Male,Single,Research & Development,Research Scientist,1,Junior,4930,4.93,59160,Medium (3-6K),No,0,1.414,5,3-5 yrs,4,1,1-2 yrs,4,0,6,2,4,Very High,1,Low,4,Best,3,Excellent,Yes,1,Travel_Frequently,2,Near (1-5),4,Medical,0,14,3,2
1706,43,36-45,Male,Married,Sales,Sales Executive,2,Mid-Level,7847,7.85,94164,High (6-10K),No,0,1.01,10,6-10 yrs,9,8,5+ yrs,8,1,10,3,4,Very High,4,Very High,3,Better,3,Excellent,Yes,1,Travel_Rarely,2,Near (1-5),3,Medical,1,17,1,3
1707,24,18-25,Male,Married,Research & Development,Research Scientist,1,Junior,4401,4.4,52812,Medium (3-6K),No,0,1.231,5,3-5 yrs,3,0,Just Promoted,4,1,5,1,3,High,3,High,3,Better,3,Excellent,No,0,Travel_Rarely,9,Medium (6-15),3,Medical,1,16,4,4
1708,41,36-45,Male,Single,Sales,Sales Executive,3,Senior,9241,9.24,110892,High (6-10K),No,0,1.074,10,6-10 yrs,8,8,5+ yrs,7,1,10,3,3,High,4,Very High,3,Better,3,Excellent,No,0,Travel_Rarely,6,Medium (6-15),3,Marketing,0,12,2,3
1709,29,26-35,Female,Married,Research & Development,Laboratory Technician,1,Junior,2974,2.97,35688,Low (<3K),No,0,1.038,5,3-5 yrs,3,1,1-2 yrs,2,9,9,2,3,High,4,Very High,3,Better,3,Excellent,No,0,Travel_Rarely,9,Medium (6-15),4,Medical,1,17,3,3
1710,36,36-45,Female,Single,Sales,Sales Representative,2,Mid-Level,4502,4.5,54024,Medium (3-6K),No,0,1.147,13,11-20 yrs,7,6,5+ yrs,7,3,17,2,4,Very High,3,High,2,Good,3,Excellent,No,0,Travel_Rarely,2,Near (1-5),4,Life Sciences,0,15,3,3
1712,45,36-45,Male,Married,Research & Development,Healthcare Representative,3,Senior,10748,10.75,128976,Very High (10K+),No,0,1.447,23,20+ yrs,15,14,5+ yrs,4,3,25,3,3,High,3,High,2,Good,4,Outstanding,No,0,Non-Travel,1,Near (1-5),1,Life Sciences,1,23,4,2
1714,24,18-25,Male,Married,Human Resources,Human Resources,1,Junior,1555,1.56,18660,Low (<3K),Yes,1,1.076,1,0-2 yrs,0,0,Just Promoted,0,1,1,2,3,High,4,Very High,3,Better,3,Excellent,No,0,Travel_Rarely,22,Far (16+),1,Human Resources,1,11,3,1
1716,47,46-55,Male,Married,Sales,Sales Executive,4,Lead,12936,12.94,155232,Very High (10K+),Yes,1,1.624,23,20+ yrs,5,14,5+ yrs,10,7,25,3,3,High,3,High,1,Bad,3,Excellent,No,0,Travel_Frequently,9,Medium (6-15),3,Life Sciences,0,11,3,1
1718,26,26-35,Male,Married,Research & Development,Laboratory Technician,1,Junior,2305,2.31,27660,Low (<3K),No,0,0.909,3,3-5 yrs,2,0,Just Promoted,2,1,3,3,3,High,4,Very High,4,Best,3,Excellent,No,0,Travel_Rarely,17,Far (16+),4,Medical,3,15,3,1
1719,45,36-45,Female,Single,Research & Development,Research Director,4,Lead,16704,16.7,200448,Very High (10K+),No,0,1.4,21,20+ yrs,6,8,5+ yrs,6,1,21,2,2,Medium,4,Very High,3,Better,3,Excellent,No,0,Travel_Rarely,28,Far (16+),2,Technical Degree,0,11,3,2
1720,32,26-35,Male,Married,Research & Development,Research Scientist,1,Junior,3433,3.43,41196,Medium (3-6K),No,0,1.791,5,3-5 yrs,2,1,1-2 yrs,3,6,10,3,3,High,1,Low,2,Good,3,Excellent,No,0,Travel_Frequently,10,Medium (6-15),3,Life Sciences,1,13,1,3
1721,31,26-35,Male,Married,Research & Development,Laboratory Technician,1,Junior,3477,3.48,41724,Medium (3-6K),No,0,1.257,5,3-5 yrs,2,0,Just Promoted,3,1,6,2,3,High,2,Medium,4,Best,3,Excellent,No,0,Travel_Rarely,2,Near (1-5),4,Life Sciences,1,14,4,3
1722,41,36-45,Male,Married,Human Resources,Human Resources,2,Mid-Level,6430,6.43,77160,High (6-10K),No,0,1.47,3,3-5 yrs,2,1,1-2 yrs,2,6,10,4,2,Medium,3,High,3,Better,3,Excellent,No,0,Non-Travel,4,Near (1-5),3,Human Resources,1,19,2,1
1724,40,36-45,Female,Married,Research & Development,Manufacturing Director,2,Mid-Level,6516,6.52,78192,High (6-10K),No,0,2.128,1,0-2 yrs,0,0,Just Promoted,0,2,18,3,1,Low,2,Medium,3,Better,3,Excellent,Yes,1,Travel_Rarely,8,Medium (6-15),2,Life Sciences,1,16,2,3
1725,24,18-25,Male,Divorced,Research & Development,Laboratory Technician,1,Junior,3907,3.91,46884,Medium (3-6K),No,0,1.857,6,6-10 yrs,2,1,1-2 yrs,2,1,6,2,1,Low,2,Medium,4,Best,3,Excellent,No,0,Travel_Rarely,29,Far (16+),1,Medical,3,13,2,3
1727,46,46-55,Male,Single,Research & Development,Healthcare Representative,2,Mid-Level,5562,5.56,66744,Medium (3-6K),No,0,1.495,10,6-10 yrs,7,0,Just Promoted,9,6,19,3,2,Medium,3,High,3,Better,3,Excellent,No,0,Travel_Rarely,13,Medium (6-15),4,Life Sciences,0,14,4,3
1728,35,26-35,Male,Married,Research & Development,Manufacturing Director,2,Mid-Level,6883,6.88,82596,High (6-10K),No,0,1.093,7,6-10 yrs,7,0,Just Promoted,7,2,17,3,3,High,4,Very High,3,Better,3,Excellent,No,0,Travel_Rarely,27,Far (16+),4,Life Sciences,1,16,2,3
1729,30,26-35,Male,Married,Research & Development,Research Scientist,1,Junior,2862,2.86,34344,Low (<3K),No,0,1.355,10,6-10 yrs,0,0,Just Promoted,8,1,10,2,4,Very High,2,Medium,2,Good,3,Excellent,No,0,Travel_Rarely,16,Far (16+),1,Life Sciences,1,12,2,3
1731,47,46-55,Male,Married,Sales,Sales Executive,2,Mid-Level,4978,4.98,59736,Medium (3-6K),No,0,1.757,1,0-2 yrs,0,0,Just Promoted,0,7,4,3,2,Medium,3,High,1,Bad,3,Excellent,No,0,Non-Travel,2,Near (1-5),4,Marketing,1,11,4,3
1732,46,46-55,Male,Divorced,Sales,Sales Executive,3,Senior,10368,10.37,124416,Very High (10K+),No,0,1.307,10,6-10 yrs,6,0,Just Promoted,3,4,13,5,4,Very High,3,High,2,Good,3,Excellent,Yes,1,Travel_Rarely,2,Near (1-5),3,Life Sciences,1,12,2,3
1733,36,36-45,Male,Divorced,Sales,Sales Executive,2,Mid-Level,6134,6.13,73608,High (6-10K),Yes,1,2.158,2,0-2 yrs,2,2,1-2 yrs,2,5,16,3,1,Low,2,Medium,3,Better,3,Excellent,Yes,1,Travel_Rarely,13,Medium (6-15),5,Marketing,3,13,2,2
1734,32,26-35,Male,Single,Sales,Sales Executive,2,Mid-Level,6735,6.74,80820,High (6-10K),Yes,1,1.853,0,0-2 yrs,0,0,Just Promoted,0,6,10,2,2,Medium,1,Low,3,Better,3,Excellent,No,0,Travel_Rarely,1,Near (1-5),2,Life Sciences,0,15,2,1
1735,23,18-25,Female,Single,Research & Development,Laboratory Technician,1,Junior,3295,3.3,39540,Medium (3-6K),No,0,1.77,3,3-5 yrs,2,1,1-2 yrs,2,1,3,3,2,Medium,3,High,1,Bad,3,Excellent,No,0,Travel_Rarely,4,Near (1-5),1,Medical,0,13,3,3
1736,31,26-35,Female,Single,Research & Development,Manufacturing Director,2,Mid-Level,5238,5.24,62856,Medium (3-6K),No,0,0.989,5,3-5 yrs,4,1,1-2 yrs,4,2,9,3,4,Very High,4,Very High,2,Good,4,Outstanding,No,0,Travel_Frequently,24,Far (16+),1,Technical Degree,0,20,4,3
1737,39,36-45,Male,Married,Research & Development,Laboratory Technician,2,Mid-Level,6472,6.47,77664,High (6-10K),No,0,0.987,9,6-10 yrs,8,5,3-5 yrs,8,1,9,2,4,Very High,4,Very High,3,Better,3,Excellent,Yes,1,Non-Travel,1,Near (1-5),3,Life Sciences,1,15,4,3
1739,32,26-35,Male,Married,Sales,Sales Executive,3,Senior,9610,9.61,115320,High (6-10K),No,0,1.366,4,3-5 yrs,3,0,Just Promoted,2,3,10,2,3,High,4,Very High,1,Bad,3,Excellent,No,0,Travel_Rarely,19,Far (16+),3,Life Sciences,1,13,3,1
1740,40,36-45,Male,Single,Sales,Manager,5,Director,19833,19.83,237996,Very High (10K+),No,0,1.904,21,20+ yrs,8,12,5+ yrs,8,1,21,3,2,Medium,2,Medium,2,Good,3,Excellent,No,0,Travel_Rarely,7,Medium (6-15),4,Medical,0,14,2,3
1744,45,36-45,Female,Married,Human Resources,Human Resources,3,Senior,9756,9.76,117072,High (6-10K),No,0,1.064,5,3-5 yrs,0,0,Just Promoted,3,4,9,2,3,High,3,High,4,Best,4,Outstanding,No,0,Travel_Rarely,4,Near (1-5),3,Life Sciences,2,21,3,1
1745,30,26-35,Female,Single,Research & Development,Research Scientist,1,Junior,4968,4.97,59616,Medium (3-6K),No,0,1.507,9,6-10 yrs,7,0,Just Promoted,7,0,10,2,1,Low,4,Very High,3,Better,3,Excellent,No,0,Travel_Frequently,2,Near (1-5),4,Technical Degree,0,16,4,2
1746,24,18-25,Male,Married,Human Resources,Human Resources,1,Junior,2145,2.14,25740,Low (<3K),No,0,1.398,2,0-2 yrs,2,2,1-2 yrs,1,0,3,2,4,Very High,1,Low,3,Better,3,Excellent,No,0,Travel_Frequently,10,Medium (6-15),3,Medical,1,14,4,3
1747,30,26-35,Female,Divorced,Human Resources,Human Resources,1,Junior,2180,2.18,26160,Low (<3K),Yes,1,1.134,4,3-5 yrs,2,1,1-2 yrs,2,6,6,0,4,Very High,3,High,2,Good,3,Excellent,No,0,Travel_Frequently,8,Medium (6-15),3,Human Resources,1,11,3,2
1749,31,26-35,Male,Married,Sales,Sales Executive,2,Mid-Level,8346,8.35,100152,High (6-10K),No,0,1.617,5,3-5 yrs,2,0,Just Promoted,2,1,6,3,3,High,1,Low,3,Better,3,Excellent,No,0,Travel_Rarely,5,Near (1-5),3,Technical Degree,1,19,3,3
1751,27,26-35,Female,Single,Research & Development,Research Scientist,1,Junior,3445,3.44,41340,Medium (3-6K),No,0,1.134,6,6-10 yrs,2,1,1-2 yrs,4,1,6,5,4,Very High,3,High,2,Good,3,Excellent,No,0,Travel_Rarely,8,Medium (6-15),3,Medical,0,11,3,3
1752,29,26-35,Female,Single,Sales,Sales Representative,1,Junior,2760,2.76,33120,Low (<3K),Yes,1,1.694,2,0-2 yrs,2,2,1-2 yrs,2,1,2,3,2,Medium,2,Medium,3,Better,3,Excellent,No,0,Travel_Rarely,9,Medium (6-15),3,Marketing,0,13,3,1
1753,29,26-35,Male,Single,Research & Development,Healthcare Representative,2,Mid-Level,6294,6.29,75528,High (6-10K),No,0,1.053,3,3-5 yrs,2,0,Just Promoted,2,8,10,5,3,High,4,Very High,4,Best,3,Excellent,Yes,1,Travel_Frequently,1,Near (1-5),3,Life Sciences,0,12,4,4
1754,30,26-35,Male,Divorced,Sales,Sales Executive,3,Senior,7140,7.14,85680,High (6-10K),No,0,1.758,7,6-10 yrs,7,1,1-2 yrs,7,2,12,2,1,Low,3,High,3,Better,3,Excellent,No,0,Travel_Rarely,15,Medium (6-15),2,Marketing,1,11,1,2
1755,34,26-35,Male,Married,Research & Development,Research Scientist,1,Junior,2932,2.93,35184,Low (<3K),No,0,0.964,5,3-5 yrs,0,1,1-2 yrs,2,0,6,3,4,Very High,4,Very High,3,Better,3,Excellent,Yes,1,Travel_Rarely,2,Near (1-5),4,Medical,3,14,1,4
1756,33,26-35,Female,Single,Sales,Sales Executive,2,Mid-Level,5147,5.15,61764,Medium (3-6K),No,0,1.414,11,11-20 yrs,7,1,1-2 yrs,7,8,13,2,2,Medium,4,Very High,2,Good,3,Excellent,No,0,Non-Travel,2,Near (1-5),3,Marketing,0,15,4,3
1757,49,46-55,Female,Single,Sales,Sales Executive,2,Mid-Level,4507,4.51,54084,Medium (3-6K),No,0,0.638,5,3-5 yrs,1,0,Just Promoted,4,3,8,1,4,Very High,4,Very High,4,Best,3,Excellent,No,0,Travel_Rarely,11,Medium (6-15),4,Marketing,0,12,3,3
1758,33,26-35,Female,Single,Sales,Sales Executive,3,Senior,8564,8.56,102768,High (6-10K),Yes,1,2.505,0,0-2 yrs,0,0,Just Promoted,0,2,11,2,1,Low,1,Low,2,Good,4,Outstanding,Yes,1,Travel_Rarely,16,Far (16+),3,Life Sciences,0,20,3,3
1760,38,36-45,Female,Married,Research & Development,Laboratory Technician,1,Junior,2468,2.47,29616,Low (<3K),No,0,1.607,6,6-10 yrs,1,0,Just Promoted,5,4,9,4,2,Medium,3,High,2,Good,3,Excellent,No,0,Travel_Frequently,2,Near (1-5),2,Medical,1,14,2,2
1761,31,26-35,Male,Married,Sales,Sales Executive,3,Senior,8161,8.16,97932,High (6-10K),Yes,1,1.655,1,0-2 yrs,0,0,Just Promoted,0,2,10,2,3,High,1,Low,3,Better,3,Excellent,No,0,Travel_Rarely,16,Far (16+),4,Marketing,3,13,1,3
1762,29,26-35,Female,Divorced,Research & Development,Research Scientist,1,Junior,2109,2.11,25308,Low (<3K),No,0,1.514,1,0-2 yrs,0,0,Just Promoted,0,1,1,2,1,Low,4,Very High,3,Better,3,Excellent,No,0,Travel_Rarely,4,Near (1-5),3,Technical Degree,1,13,3,2
1763,30,26-35,Male,Married,Research & Development,Healthcare Representative,2,Mid-Level,5294,5.29,63528,Medium (3-6K),No,0,1.262,7,6-10 yrs,0,1,1-2 yrs,7,3,10,3,3,High,3,High,3,Better,3,Excellent,No,0,Travel_Rarely,16,Far (16+),3,Life Sciences,1,16,3,4
1764,32,26-35,Male,Single,Research & Development,Research Scientist,1,Junior,2718,2.72,32616,Low (<3K),No,0,1.667,7,6-10 yrs,7,0,Just Promoted,7,2,12,3,2,Medium,2,Medium,3,Better,3,Excellent,No,0,Non-Travel,5,Near (1-5),4,Technical Degree,0,14,2,3
1766,38,36-45,Male,Married,Research & Development,Healthcare Representative,2,Mid-Level,5811,5.81,69732,Medium (3-6K),No,0,1.419,1,0-2 yrs,0,1,1-2 yrs,0,3,15,2,4,Very High,2,Medium,3,Better,3,Excellent,Yes,1,Travel_Rarely,18,Far (16+),3,Medical,1,16,3,1
1767,43,36-45,Male,Married,Research & Development,Research Scientist,1,Junior,2437,2.44,29244,Low (<3K),Yes,1,1.459,1,0-2 yrs,0,0,Just Promoted,0,9,6,4,3,High,3,High,3,Better,3,Excellent,Yes,1,Travel_Frequently,17,Far (16+),3,Technical Degree,1,16,4,2
1768,42,36-45,Male,Divorced,Research & Development,Laboratory Technician,1,Junior,2766,2.77,33192,Low (<3K),No,0,1.841,5,3-5 yrs,3,0,Just Promoted,4,8,7,6,2,Medium,2,Medium,2,Good,4,Outstanding,No,0,Travel_Rarely,12,Medium (6-15),3,Medical,3,22,2,3
1770,55,46-55,Male,Married,Research & Development,Research Director,5,Director,19038,19.04,228456,Very High (10K+),No,0,1.707,1,0-2 yrs,0,0,Just Promoted,0,8,34,2,1,Low,3,High,3,Better,3,Excellent,No,0,Travel_Rarely,2,Near (1-5),3,Medical,3,12,2,2
1771,33,26-35,Male,Divorced,Research & Development,Research Scientist,2,Mid-Level,3055,3.06,36660,Medium (3-6K),No,0,1.42,9,6-10 yrs,8,1,1-2 yrs,7,5,11,2,2,Medium,4,Very High,2,Good,3,Excellent,No,0,Non-Travel,4,Near (1-5),3,Technical Degree,2,15,4,3
1772,41,36-45,Male,Divorced,Research & Development,Laboratory Technician,1,Junior,2289,2.29,27468,Low (<3K),No,0,1.731,5,3-5 yrs,3,0,Just Promoted,4,1,5,2,1,Low,3,High,3,Better,4,Outstanding,No,0,Travel_Rarely,9,Medium (6-15),4,Life Sciences,2,20,2,3
1774,34,26-35,Male,Divorced,Sales,Sales Executive,2,Mid-Level,4001,4.0,48012,Medium (3-6K),No,0,1.234,15,11-20 yrs,14,0,Just Promoted,7,1,15,3,3,High,4,Very High,3,Better,3,Excellent,Yes,1,Non-Travel,10,Medium (6-15),3,Life Sciences,1,14,3,3
1775,53,46-55,Female,Married,Research & Development,Manufacturing Director,4,Lead,12965,12.96,155580,Very High (10K+),No,0,1.953,3,3-5 yrs,2,0,Just Promoted,2,4,27,2,3,High,1,Low,2,Good,4,Outstanding,Yes,1,Non-Travel,1,Near (1-5),4,Medical,3,20,4,2
1778,43,36-45,Male,Single,Human Resources,Human Resources,1,Junior,3539,3.54,42468,Medium (3-6K),No,0,1.164,9,6-10 yrs,7,1,1-2 yrs,8,0,10,5,4,Very High,2,Medium,3,Better,3,Excellent,No,0,Travel_Rarely,2,Near (1-5),3,Life Sciences,0,13,2,3
1779,34,26-35,Female,Single,Sales,Sales Executive,2,Mid-Level,6029,6.03,72348,High (6-10K),No,0,0.774,2,0-2 yrs,2,2,1-2 yrs,2,5,6,3,4,Very High,4,Very High,3,Better,3,Excellent,No,0,Travel_Rarely,3,Near (1-5),2,Life Sciences,0,12,1,1
1780,21,18-25,Male,Single,Sales,Sales Representative,1,Junior,2679,2.68,32148,Low (<3K),Yes,1,1.681,1,0-2 yrs,0,1,1-2 yrs,0,1,1,3,2,Medium,2,Medium,3,Better,3,Excellent,No,0,Travel_Rarely,7,Medium (6-15),1,Marketing,0,13,2,3
1782,38,36-45,Female,Married,Research & Development,Laboratory Technician,1,Junior,3702,3.7,44424,Medium (3-6K),No,0,1.021,5,3-5 yrs,4,0,Just Promoted,4,1,5,3,3,High,4,Very High,3,Better,3,Excellent,No,0,Travel_Rarely,6,Medium (6-15),2,Other,1,11,2,2
1783,22,18-25,Female,Married,Research & Development,Laboratory Technician,1,Junior,2398,2.4,28776,Low (<3K),Yes,1,1.928,1,0-2 yrs,0,0,Just Promoted,0,1,1,6,1,Low,3,High,3,Better,3,Excellent,Yes,1,Travel_Rarely,8,Medium (6-15),1,Medical,0,17,3,3
1784,31,26-35,Female,Married,Sales,Sales Executive,2,Mid-Level,5468,5.47,65616,Medium (3-6K),No,0,1.483,12,11-20 yrs,7,5,3-5 yrs,7,1,13,3,4,Very High,1,Low,3,Better,3,Excellent,No,0,Travel_Rarely,29,Far (16+),4,Marketing,2,14,1,2
1786,51,46-55,Female,Married,Research & Development,Manager,3,Senior,13116,13.12,157392,Very High (10K+),No,0,1.624,2,0-2 yrs,2,2,1-2 yrs,2,2,15,2,3,High,1,Low,3,Better,3,Excellent,No,0,Travel_Rarely,3,Near (1-5),3,Technical Degree,0,11,4,3
1787,37,36-45,Male,Married,Sales,Sales Executive,2,Mid-Level,4189,4.19,50268,Medium (3-6K),No,0,1.681,5,3-5 yrs,2,0,Just Promoted,3,1,5,2,2,Medium,2,Medium,3,Better,3,Excellent,No,0,Travel_Rarely,9,Medium (6-15),2,Marketing,2,14,1,2
1789,46,46-55,Male,Divorced,Research & Development,Research Director,5,Director,19328,19.33,231936,Very High (10K+),No,0,1.17,2,0-2 yrs,1,2,1-2 yrs,2,7,24,3,4,Very High,3,High,3,Better,3,Excellent,Yes,1,Travel_Rarely,2,Near (1-5),4,Medical,1,17,3,3
1790,36,36-45,Male,Married,Research & Development,Healthcare Representative,3,Senior,8321,8.32,99852,High (6-10K),No,0,1.768,12,11-20 yrs,8,5,3-5 yrs,7,7,15,1,1,Low,4,Very High,3,Better,3,Excellent,Yes,1,Travel_Rarely,10,Medium (6-15),3,Life Sciences,1,13,4,3
1792,44,36-45,Male,Divorced,Research & Development,Research Scientist,1,Junior,2342,2.34,28104,Low (<3K),Yes,1,1.817,5,3-5 yrs,3,2,1-2 yrs,3,1,6,2,2,Medium,3,High,2,Good,3,Excellent,Yes,1,Travel_Frequently,1,Near (1-5),2,Medical,3,12,3,3
1794,37,36-45,Male,Divorced,Human Resources,Human Resources,2,Mid-Level,4071,4.07,48852,Medium (3-6K),No,0,1.654,10,6-10 yrs,0,4,3-5 yrs,7,2,19,4,2,Medium,3,High,2,Good,3,Excellent,No,0,Travel_Rarely,8,Medium (6-15),2,Other,0,13,3,3
1797,35,26-35,Male,Single,Sales,Sales Executive,2,Mid-Level,5813,5.81,69756,Medium (3-6K),Yes,1,1.29,10,6-10 yrs,7,7,5+ yrs,7,1,10,2,4,Very High,3,High,3,Better,3,Excellent,Yes,1,Travel_Rarely,27,Far (16+),3,Life Sciences,0,18,4,3
1798,33,26-35,Male,Married,Research & Development,Research Scientist,1,Junior,3143,3.14,37716,Medium (3-6K),No,0,1.574,10,6-10 yrs,8,7,5+ yrs,6,6,14,1,1,Low,4,Very High,3,Better,3,Excellent,No,0,Travel_Rarely,8,Medium (6-15),4,Life Sciences,1,19,2,4
1799,28,26-35,Male,Married,Research & Development,Research Scientist,1,Junior,2044,2.04,24528,Low (<3K),No,0,0.803,5,3-5 yrs,3,0,Just Promoted,3,1,5,6,4,Very High,3,High,4,Best,3,Excellent,No,0,Travel_Rarely,1,Near (1-5),3,Life Sciences,1,11,3,3
1800,39,36-45,Male,Single,Research & Development,Research Director,3,Senior,13464,13.46,161568,Very High (10K+),No,0,1.248,4,3-5 yrs,3,2,1-2 yrs,2,7,9,3,3,High,3,High,3,Better,4,Outstanding,No,0,Travel_Rarely,10,Medium (6-15),1,Medical,0,21,3,3
1801,46,46-55,Male,Single,Sales,Sales Executive,2,Mid-Level,7991,7.99,95892,High (6-10K),No,0,1.753,2,0-2 yrs,2,2,1-2 yrs,2,8,6,3,2,Medium,2,Medium,3,Better,3,Excellent,No,0,Non-Travel,26,Far (16+),2,Life Sciences,0,15,3,2
1802,40,36-45,Female,Married,Research & Development,Laboratory Technician,1,Junior,3377,3.38,40524,Medium (3-6K),No,0,1.857,4,3-5 yrs,3,0,Just Promoted,2,4,7,5,1,Low,3,High,2,Good,3,Excellent,No,0,Travel_Rarely,2,Near (1-5),2,Life Sciences,1,17,4,3
1803,42,36-45,Male,Married,Research & Development,Healthcare Representative,2,Mid-Level,5538,5.54,66456,Medium (3-6K),No,0,2.095,0,0-2 yrs,0,0,Just Promoted,0,5,10,2,1,Low,2,Medium,2,Good,3,Excellent,No,0,Travel_Rarely,13,Medium (6-15),3,Medical,2,18,3,4
1804,35,26-35,Male,Divorced,Research & Development,Manufacturing Director,2,Mid-Level,5762,5.76,69144,Medium (3-6K),No,0,1.164,7,6-10 yrs,7,1,1-2 yrs,7,2,15,6,4,Very High,2,Medium,3,Better,3,Excellent,No,0,Non-Travel,2,Near (1-5),2,Medical,1,14,3,3
1805,38,36-45,Male,Divorced,Human Resources,Human Resources,1,Junior,2592,2.59,31104,Low (<3K),No,0,1.877,11,11-20 yrs,10,3,3-5 yrs,8,5,13,3,2,Medium,1,Low,3,Better,3,Excellent,No,0,Non-Travel,2,Near (1-5),3,Human Resources,3,13,4,3
1807,34,26-35,Male,Married,Research & Development,Laboratory Technician,2,Mid-Level,5346,5.35,64152,Medium (3-6K),Yes,1,1.681,7,6-10 yrs,1,0,Just Promoted,7,4,11,3,1,Low,4,Very High,2,Good,3,Excellent,No,0,Travel_Frequently,9,Medium (6-15),4,Life Sciences,1,17,3,3
1809,37,36-45,Male,Single,Research & Development,Manufacturing Director,2,Mid-Level,4213,4.21,50556,Medium (3-6K),Yes,1,1.834,10,6-10 yrs,3,0,Just Promoted,8,1,10,4,1,Low,4,Very High,1,Bad,3,Excellent,No,0,Travel_Rarely,10,Medium (6-15),4,Medical,0,15,2,3
1812,39,36-45,Male,Divorced,Sales,Sales Executive,2,Mid-Level,4127,4.13,49524,Medium (3-6K),No,0,1.032,2,0-2 yrs,1,2,1-2 yrs,2,2,7,6,4,Very High,3,High,3,Better,3,Excellent,No,0,Travel_Frequently,20,Far (16+),3,Life Sciences,1,18,4,3
1813,43,36-45,Male,Single,Research & Development,Research Scientist,1,Junior,2438,2.44,29256,Low (<3K),No,0,1.788,3,3-5 yrs,2,1,1-2 yrs,2,4,7,2,3,High,1,Low,2,Good,3,Excellent,No,0,Non-Travel,9,Medium (6-15),3,Life Sciences,0,13,3,3
1814,41,36-45,Male,Single,Research & Development,Healthcare Representative,2,Mid-Level,6870,6.87,82440,High (6-10K),No,0,1.974,3,3-5 yrs,2,1,1-2 yrs,2,3,11,3,2,Medium,2,Medium,1,Bad,3,Excellent,No,0,Travel_Rarely,5,Near (1-5),3,Life Sciences,0,12,1,4
1815,41,36-45,Female,Divorced,Sales,Sales Executive,3,Senior,10447,10.45,125364,Very High (10K+),No,0,1.35,22,20+ yrs,14,13,5+ yrs,5,0,23,3,3,High,3,High,4,Best,3,Excellent,Yes,1,Travel_Rarely,4,Near (1-5),1,Marketing,1,13,4,3
1816,30,26-35,Female,Single,Research & Development,Manufacturing Director,3,Senior,9667,9.67,116004,High (6-10K),No,0,1.634,7,6-10 yrs,7,0,Just Promoted,2,9,9,3,3,High,1,Low,3,Better,3,Excellent,No,0,Travel_Rarely,10,Medium (6-15),3,Medical,0,14,2,3
1818,26,26-35,Female,Married,Human Resources,Human Resources,1,Junior,2148,2.15,25776,Low (<3K),Yes,1,1.526,5,3-5 yrs,1,1,1-2 yrs,4,0,6,3,2,Medium,4,Very High,3,Better,3,Excellent,Yes,1,Travel_Rarely,20,Far (16+),2,Medical,0,11,3,3
1821,46,46-55,Female,Married,Research & Development,Healthcare Representative,2,Mid-Level,8926,8.93,107112,High (6-10K),Yes,1,1.192,9,6-10 yrs,7,3,3-5 yrs,7,4,13,2,2,Medium,4,Very High,4,Best,4,Outstanding,No,0,Travel_Rarely,21,Far (16+),2,Medical,1,22,4,3
1822,40,36-45,Female,Divorced,Research & Development,Healthcare Representative,2,Mid-Level,6513,6.51,78156,High (6-10K),No,0,0.953,5,3-5 yrs,3,0,Just Promoted,3,4,12,3,4,Very High,3,High,3,Better,3,Excellent,No,0,Travel_Rarely,1,Near (1-5),3,Life Sciences,1,17,4,3
1823,34,26-35,Male,Married,Sales,Sales Executive,2,Mid-Level,6799,6.8,81588,High (6-10K),No,0,1.454,10,6-10 yrs,8,4,3-5 yrs,8,1,10,5,3,High,2,Medium,3,Better,4,Outstanding,No,0,Travel_Rarely,8,Medium (6-15),2,Technical Degree,2,21,3,4
1824,58,55+,Male,Divorced,Sales,Manager,4,Lead,16291,16.29,195492,Very High (10K+),No,0,1.9,16,11-20 yrs,9,14,5+ yrs,14,4,37,0,2,Medium,2,Medium,2,Good,4,Outstanding,No,0,Non-Travel,2,Near (1-5),3,Medical,1,22,4,3
1826,35,26-35,Male,Married,Research & Development,Laboratory Technician,1,Junior,2705,2.7,32460,Low (<3K),No,0,1.329,5,3-5 yrs,4,0,Just Promoted,3,0,6,2,3,High,2,Medium,4,Best,3,Excellent,No,0,Travel_Rarely,23,Far (16+),4,Medical,1,16,2,1
1827,47,46-55,Female,Divorced,Research & Development,Manufacturing Director,3,Senior,10333,10.33,123996,Very High (10K+),No,0,1.757,22,20+ yrs,11,14,5+ yrs,10,8,28,4,2,Medium,3,High,3,Better,3,Excellent,Yes,1,Travel_Rarely,4,Near (1-5),3,Life Sciences,1,12,3,2
1829,40,36-45,Female,Divorced,Research & Development,Healthcare Representative,2,Mid-Level,4448,4.45,53376,Medium (3-6K),No,0,1.988,7,6-10 yrs,4,7,5+ yrs,7,2,15,3,1,Low,2,Medium,3,Better,3,Excellent,No,0,Travel_Rarely,12,Medium (6-15),3,Life Sciences,1,12,2,3
1830,54,46-55,Female,Married,Research & Development,Research Scientist,2,Mid-Level,6854,6.85,82248,High (6-10K),No,0,0.931,7,6-10 yrs,1,1,1-2 yrs,7,4,14,2,4,Very High,4,Very High,2,Good,3,Excellent,No,0,Travel_Rarely,7,Medium (6-15),4,Medical,1,15,2,3
1833,31,26-35,Female,Married,Sales,Sales Executive,3,Senior,9637,9.64,115644,High (6-10K),No,0,2.137,3,3-5 yrs,2,2,1-2 yrs,2,2,9,3,1,Low,1,Low,3,Better,3,Excellent,No,0,Travel_Frequently,7,Medium (6-15),4,Marketing,2,14,4,3
1834,28,26-35,Female,Married,Research & Development,Research Scientist,1,Junior,3591,3.59,43092,Medium (3-6K),No,0,1.71,3,3-5 yrs,2,1,1-2 yrs,2,1,3,3,1,Low,3,High,3,Better,4,Outstanding,No,0,Travel_Rarely,1,Near (1-5),3,Medical,1,25,3,3
1835,38,36-45,Female,Married,Sales,Sales Representative,2,Mid-Level,5405,5.4,64860,Medium (3-6K),No,0,1.507,4,3-5 yrs,2,0,Just Promoted,3,2,20,4,4,Very High,2,Medium,2,Good,4,Outstanding,Yes,1,Travel_Rarely,2,Near (1-5),4,Marketing,2,20,1,1
1836,26,26-35,Male,Single,Sales,Sales Executive,2,Mid-Level,4684,4.68,56208,Medium (3-6K),No,0,0.991,5,3-5 yrs,3,1,1-2 yrs,2,1,5,4,4,Very High,3,High,3,Better,3,Excellent,No,0,Travel_Rarely,10,Medium (6-15),3,Medical,0,13,1,3
1837,58,55+,Male,Married,Research & Development,Research Director,4,Lead,15787,15.79,189444,Very High (10K+),No,0,1.865,2,0-2 yrs,2,2,1-2 yrs,2,2,23,3,3,High,1,Low,3,Better,3,Excellent,Yes,1,Travel_Frequently,15,Medium (6-15),4,Life Sciences,0,14,2,3
1839,18,18-25,Female,Single,Research & Development,Research Scientist,1,Junior,1514,1.51,18168,Low (<3K),No,0,1.748,0,0-2 yrs,0,0,Just Promoted,0,1,0,4,3,High,2,Medium,1,Bad,3,Excellent,No,0,Non-Travel,14,Medium (6-15),3,Medical,0,16,3,3
1842,31,26-35,Male,Married,Human Resources,Human Resources,1,Junior,2956,2.96,35472,Low (<3K),Yes,1,1.562,1,0-2 yrs,0,0,Just Promoted,0,0,2,4,1,Low,4,Very High,3,Better,3,Excellent,No,0,Travel_Rarely,18,Far (16+),5,Human Resources,0,17,3,4
1844,29,26-35,Male,Divorced,Human Resources,Human Resources,1,Junior,2335,2.34,28020,Low (<3K),Yes,1,2.358,2,0-2 yrs,2,2,1-2 yrs,0,4,4,3,1,Low,1,Low,3,Better,3,Excellent,Yes,1,Travel_Rarely,13,Medium (6-15),3,Human Resources,3,15,4,2
1845,45,36-45,Female,Married,Sales,Sales Executive,2,Mid-Level,5154,5.15,61848,Medium (3-6K),No,0,1.09,8,6-10 yrs,7,5,3-5 yrs,7,4,10,3,3,High,3,High,4,Best,4,Outstanding,No,0,Non-Travel,2,Near (1-5),4,Life Sciences,2,22,2,3
1847,36,36-45,Female,Married,Research & Development,Research Scientist,2,Mid-Level,6962,6.96,83544,High (6-10K),No,0,1.457,1,0-2 yrs,0,0,Just Promoted,0,4,15,2,2,Medium,4,Very High,3,Better,4,Outstanding,Yes,1,Travel_Rarely,2,Near (1-5),4,Other,1,22,4,3
1849,43,36-45,Male,Married,Sales,Sales Executive,2,Mid-Level,5675,5.68,68100,Medium (3-6K),No,0,1.404,7,6-10 yrs,7,7,5+ yrs,7,1,7,5,4,Very High,1,Low,3,Better,4,Outstanding,No,0,Travel_Frequently,2,Near (1-5),4,Life Sciences,1,20,3,3
1850,27,26-35,Female,Single,Research & Development,Laboratory Technician,1,Junior,2379,2.38,28548,Low (<3K),No,0,1.117,5,3-5 yrs,4,0,Just Promoted,2,0,6,3,4,Very High,4,Very High,2,Good,3,Excellent,Yes,1,Travel_Frequently,5,Near (1-5),2,Life Sciences,0,14,3,3
1852,29,26-35,Male,Married,Research & Development,Laboratory Technician,1,Junior,3812,3.81,45744,Medium (3-6K),No,0,0.689,11,11-20 yrs,8,3,3-5 yrs,10,1,11,3,4,Very High,4,Very High,4,Best,3,Excellent,No,0,Travel_Frequently,20,Far (16+),1,Medical,0,13,2,3
1853,32,26-35,Male,Single,Sales,Sales Executive,2,Mid-Level,4648,4.65,55776,Medium (3-6K),No,0,0.634,0,0-2 yrs,0,0,Just Promoted,0,8,4,2,4,Very High,4,Very High,4,Best,3,Excellent,No,0,Travel_Frequently,10,Medium (6-15),4,Marketing,0,13,3,3
1854,42,36-45,Male,Married,Research & Development,Research Scientist,1,Junior,2936,2.94,35232,Low (<3K),No,0,1.404,6,6-10 yrs,3,3,3-5 yrs,3,3,10,1,3,High,3,High,2,Good,4,Outstanding,No,0,Non-Travel,10,Medium (6-15),4,Technical Degree,2,22,2,3
1856,47,46-55,Female,Single,Research & Development,Laboratory Technician,1,Junior,2105,2.1,25260,Low (<3K),No,0,1.444,2,0-2 yrs,2,2,1-2 yrs,0,4,7,2,3,High,2,Medium,3,Better,3,Excellent,No,0,Travel_Rarely,9,Medium (6-15),4,Life Sciences,0,12,3,3
1857,46,46-55,Male,Divorced,Research & Development,Manufacturing Director,3,Senior,8578,8.58,102936,High (6-10K),No,0,0.934,9,6-10 yrs,8,4,3-5 yrs,7,3,12,4,4,Very High,4,Very High,2,Good,3,Excellent,No,0,Travel_Rarely,2,Near (1-5),2,Life Sciences,1,14,3,3
1858,28,26-35,Male,Divorced,Human Resources,Human Resources,1,Junior,2706,2.71,32472,Low (<3K),No,0,0.967,3,3-5 yrs,2,2,1-2 yrs,2,1,3,2,4,Very High,3,High,3,Better,3,Excellent,No,0,Non-Travel,1,Near (1-5),2,Life Sciences,1,15,2,3
1859,29,26-35,Male,Divorced,Research & Development,Healthcare Representative,2,Mid-Level,6384,6.38,76608,High (6-10K),No,0,1.107,7,6-10 yrs,0,1,1-2 yrs,6,8,11,3,3,High,4,Very High,3,Better,3,Excellent,No,0,Travel_Rarely,29,Far (16+),1,Life Sciences,2,17,4,1
1860,42,36-45,Male,Single,Research & Development,Laboratory Technician,1,Junior,3968,3.97,47616,Medium (3-6K),No,0,1.028,0,0-2 yrs,0,0,Just Promoted,0,4,8,3,3,High,4,Very High,3,Better,3,Excellent,No,0,Travel_Rarely,8,Medium (6-15),3,Life Sciences,0,13,4,3
1862,32,26-35,Male,Single,Sales,Sales Executive,2,Mid-Level,9907,9.91,118884,High (6-10K),Yes,1,1.82,2,0-2 yrs,2,2,1-2 yrs,2,7,7,3,2,Medium,3,High,2,Good,3,Excellent,Yes,1,Travel_Rarely,2,Near (1-5),4,Marketing,0,12,3,2
1863,46,46-55,Female,Divorced,Sales,Sales Executive,4,Lead,13225,13.22,158700,Very High (10K+),No,0,2.124,19,11-20 yrs,17,2,1-2 yrs,8,2,25,5,1,Low,1,Low,3,Better,3,Excellent,No,0,Travel_Rarely,3,Near (1-5),3,Technical Degree,1,12,4,4
1864,27,26-35,Female,Married,Sales,Sales Representative,2,Mid-Level,3540,3.54,42480,Medium (3-6K),No,0,1.513,9,6-10 yrs,8,5,3-5 yrs,8,1,9,5,3,High,2,Medium,3,Better,4,Outstanding,No,0,Travel_Rarely,23,Far (16+),1,Medical,1,21,4,2
1865,29,26-35,Male,Married,Human Resources,Human Resources,1,Junior,2804,2.8,33648,Low (<3K),No,0,1.271,1,0-2 yrs,0,0,Just Promoted,0,1,1,3,2,Medium,4,Very High,3,Better,3,Excellent,No,0,Travel_Rarely,6,Medium (6-15),1,Medical,0,11,4,2
1866,43,36-45,Female,Married,Research & Development,Manager,5,Director,19392,19.39,232704,Very High (10K+),No,0,1.661,16,11-20 yrs,12,6,5+ yrs,14,7,21,2,3,High,1,Low,3,Better,3,Excellent,No,0,Travel_Rarely,6,Medium (6-15),3,Medical,0,13,4,2
1867,48,46-55,Male,Married,Research & Development,Research Director,5,Director,19665,19.66,235980,Very High (10K+),No,0,1.364,22,20+ yrs,10,12,5+ yrs,9,4,29,3,2,Medium,4,Very High,3,Better,3,Excellent,No,0,Travel_Rarely,10,Medium (6-15),3,Life Sciences,0,12,4,2
1868,29,26-35,Male,Single,Research & Development,Research Scientist,1,Junior,2439,2.44,29268,Low (<3K),Yes,1,1.189,1,0-2 yrs,0,1,1-2 yrs,0,1,1,3,4,Very High,4,Very High,2,Good,4,Outstanding,Yes,1,Travel_Frequently,24,Far (16+),2,Life Sciences,0,24,2,2
1869,46,46-55,Female,Married,Sales,Sales Executive,3,Senior,7314,7.31,87768,High (6-10K),Yes,1,1.484,8,6-10 yrs,7,0,Just Promoted,7,5,14,2,2,Medium,3,High,3,Better,4,Outstanding,No,0,Travel_Rarely,10,Medium (6-15),3,Life Sciences,3,21,3,3
1870,27,26-35,Female,Married,Research & Development,Research Scientist,1,Junior,4774,4.77,57288,Medium (3-6K),No,0,1.748,7,6-10 yrs,6,7,5+ yrs,3,0,8,2,1,Low,4,Very High,2,Good,3,Excellent,No,0,Travel_Frequently,15,Medium (6-15),3,Life Sciences,1,19,4,2
1871,39,36-45,Male,Divorced,Research & Development,Research Scientist,2,Mid-Level,3902,3.9,46824,Medium (3-6K),No,0,0.829,2,0-2 yrs,2,2,1-2 yrs,2,8,7,2,4,Very High,4,Very High,3,Better,3,Excellent,No,0,Travel_Rarely,19,Far (16+),4,Other,3,14,2,3
1873,55,46-55,Male,Married,Research & Development,Research Scientist,1,Junior,2662,2.66,31944,Low (<3K),No,0,1.007,5,3-5 yrs,2,0,Just Promoted,4,8,19,2,4,Very High,2,Medium,4,Best,4,Outstanding,No,0,Travel_Rarely,2,Near (1-5),4,Technical Degree,1,20,2,2
1875,28,26-35,Female,Married,Sales,Sales Representative,1,Junior,2856,2.86,34272,Low (<3K),No,0,1.66,1,0-2 yrs,0,0,Just Promoted,0,1,1,3,2,Medium,2,Medium,3,Better,3,Excellent,No,0,Travel_Rarely,3,Near (1-5),3,Medical,1,19,4,3
1876,30,26-35,Male,Single,Sales,Sales Representative,1,Junior,1081,1.08,12972,Low (<3K),Yes,1,1.331,1,0-2 yrs,0,0,Just Promoted,0,1,1,3,4,Very High,2,Medium,2,Good,3,Excellent,No,0,Travel_Rarely,9,Medium (6-15),3,Medical,0,13,3,3
1878,22,18-25,Male,Single,Research & Development,Research Scientist,1,Junior,2472,2.47,29664,Low (<3K),Yes,1,1.474,1,0-2 yrs,0,0,Just Promoted,0,1,1,2,2,Medium,4,Very High,3,Better,4,Outstanding,Yes,1,Travel_Rarely,7,Medium (6-15),1,Life Sciences,0,23,1,3
1880,36,36-45,Female,Married,Sales,Sales Executive,2,Mid-Level,5673,5.67,68076,Medium (3-6K),No,0,1.641,10,6-10 yrs,9,1,1-2 yrs,7,1,10,4,3,High,2,Medium,3,Better,3,Excellent,Yes,1,Travel_Rarely,10,Medium (6-15),4,Technical Degree,1,13,1,2
1881,31,26-35,Male,Divorced,Research & Development,Laboratory Technician,2,Mid-Level,4197,4.2,50364,Medium (3-6K),No,0,1.469,10,6-10 yrs,8,0,Just Promoted,2,1,10,2,3,High,2,Medium,3,Better,3,Excellent,No,0,Travel_Rarely,20,Far (16+),3,Life Sciences,1,11,1,3
1882,34,26-35,Male,Married,Sales,Sales Executive,3,Senior,9713,9.71,116556,High (6-10K),No,0,1.17,5,3-5 yrs,3,1,1-2 yrs,0,2,9,3,4,Very High,3,High,3,Better,3,Excellent,Yes,1,Travel_Rarely,4,Near (1-5),3,Life Sciences,3,13,4,3
1883,29,26-35,Male,Single,Research & Development,Laboratory Technician,1,Junior,2062,2.06,24744,Low (<3K),No,0,1.531,3,3-5 yrs,2,1,1-2 yrs,2,3,11,2,1,Low,4,Very High,3,Better,3,Excellent,No,0,Travel_Rarely,7,Medium (6-15),3,Life Sciences,0,14,2,3
1885,37,36-45,Male,Married,Research & Development,Research Scientist,2,Mid-Level,4284,4.28,51408,Medium (3-6K),No,0,1.724,5,3-5 yrs,3,0,Just Promoted,4,5,16,2,1,Low,4,Very High,3,Better,4,Outstanding,Yes,1,Travel_Rarely,7,Medium (6-15),4,Medical,1,22,3,3
1886,35,26-35,Female,Married,Research & Development,Manufacturing Director,2,Mid-Level,4788,4.79,57456,Medium (3-6K),No,0,1.505,3,3-5 yrs,2,0,Just Promoted,2,0,4,2,2,Medium,4,Very High,3,Better,3,Excellent,Yes,1,Travel_Rarely,16,Far (16+),2,Other,0,11,4,2
1888,45,36-45,Female,Married,Research & Development,Manufacturing Director,2,Mid-Level,5906,5.91,70872,Medium (3-6K),No,0,1.406,9,6-10 yrs,8,3,3-5 yrs,8,0,10,2,4,Very High,2,Medium,2,Good,3,Excellent,No,0,Travel_Rarely,25,Far (16+),2,Life Sciences,2,13,4,2
1890,36,36-45,Male,Single,Human Resources,Human Resources,2,Mid-Level,3886,3.89,46632,Medium (3-6K),No,0,1.307,10,6-10 yrs,1,0,Just Promoted,8,1,10,2,4,Very High,2,Medium,2,Good,4,Outstanding,No,0,Travel_Frequently,2,Near (1-5),1,Human Resources,0,21,4,2
1892,40,36-45,Male,Divorced,Research & Development,Manager,4,Lead,16823,16.82,201876,Very High (10K+),No,0,2.177,19,11-20 yrs,7,11,5+ yrs,16,2,22,3,1,Low,1,Low,3,Better,3,Excellent,No,0,Travel_Rarely,1,Near (1-5),4,Life Sciences,1,11,1,3
1893,26,26-35,Female,Married,Research & Development,Research Scientist,1,Junior,2933,2.93,35196,Low (<3K),No,0,1.76,1,0-2 yrs,0,1,1-2 yrs,0,1,1,3,3,High,2,Medium,2,Good,3,Excellent,Yes,1,Travel_Rarely,1,Near (1-5),2,Life Sciences,1,13,3,2
1898,27,26-35,Female,Single,Sales,Sales Executive,2,Mid-Level,6500,6.5,78000,High (6-10K),No,0,1.757,8,6-10 yrs,7,0,Just Promoted,7,0,9,5,3,High,1,Low,2,Good,3,Excellent,No,0,Travel_Rarely,2,Near (1-5),2,Medical,0,14,2,4
1900,48,46-55,Female,Divorced,Research & Development,Manager,4,Lead,17174,17.17,206088,Very High (10K+),No,0,0.853,22,20+ yrs,17,4,3-5 yrs,7,3,24,3,4,Very High,4,Very High,3,Better,3,Excellent,No,0,Travel_Frequently,22,Far (16+),3,Medical,1,11,2,3
1903,44,36-45,Male,Married,Research & Development,Healthcare Representative,2,Mid-Level,5033,5.03,60396,Medium (3-6K),No,0,1.917,2,0-2 yrs,0,2,1-2 yrs,2,2,10,5,1,Low,2,Medium,3,Better,3,Excellent,No,0,Travel_Rarely,1,Near (1-5),4,Life Sciences,1,15,4,4
1905,34,26-35,Male,Married,Research & Development,Research Scientist,1,Junior,2307,2.31,27684,Low (<3K),Yes,1,1.775,5,3-5 yrs,2,3,3-5 yrs,0,1,5,2,1,Low,4,Very High,3,Better,4,Outstanding,Yes,1,Non-Travel,16,Far (16+),4,Technical Degree,1,23,2,1
1907,56,55+,Male,Single,Research & Development,Laboratory Technician,1,Junior,2587,2.59,31044,Low (<3K),Yes,1,1.439,4,3-5 yrs,2,1,1-2 yrs,0,1,5,3,4,Very High,1,Low,3,Better,3,Excellent,No,0,Travel_Rarely,24,Far (16+),2,Life Sciences,0,16,4,3
1908,36,36-45,Male,Married,Sales,Sales Executive,2,Mid-Level,5507,5.51,66084,Medium (3-6K),No,0,1.815,4,3-5 yrs,2,1,1-2 yrs,3,2,12,1,2,Medium,3,High,1,Bad,3,Excellent,No,0,Travel_Rarely,17,Far (16+),2,Marketing,2,16,3,2
1909,41,36-45,Female,Married,Sales,Sales Executive,2,Mid-Level,4393,4.39,52716,Medium (3-6K),No,0,1.484,5,3-5 yrs,4,1,1-2 yrs,4,5,14,3,2,Medium,3,High,3,Better,4,Outstanding,No,0,Travel_Rarely,8,Medium (6-15),3,Marketing,1,21,3,3
1911,42,36-45,Male,Married,Research & Development,Research Director,3,Senior,13348,13.35,160176,Very High (10K+),No,0,1.604,13,11-20 yrs,7,5,3-5 yrs,7,9,18,3,1,Low,3,High,4,Best,3,Excellent,No,0,Travel_Rarely,6,Medium (6-15),3,Medical,1,13,2,3
1912,31,26-35,Female,Divorced,Sales,Sales Executive,2,Mid-Level,6583,6.58,78996,High (6-10K),No,0,1.191,5,3-5 yrs,2,1,1-2 yrs,4,2,8,2,4,Very High,3,High,3,Better,3,Excellent,Yes,1,Travel_Rarely,10,Medium (6-15),2,Medical,1,11,4,3
1915,34,26-35,Female,Married,Sales,Sales Executive,2,Mid-Level,8103,8.1,97236,High (6-10K),No,0,1.11,4,3-5 yrs,2,0,Just Promoted,1,3,9,3,4,Very High,4,Very High,2,Good,3,Excellent,Yes,1,Travel_Rarely,3,Near (1-5),1,Medical,0,12,3,2
1916,31,26-35,Female,Divorced,Research & Development,Laboratory Technician,1,Junior,3978,3.98,47736,Medium (3-6K),No,0,1.777,2,0-2 yrs,2,2,1-2 yrs,2,8,4,0,3,High,1,Low,2,Good,3,Excellent,No,0,Travel_Rarely,4,Near (1-5),3,Medical,1,12,2,4
1918,26,26-35,Male,Married,Research & Development,Laboratory Technician,1,Junior,2544,2.54,30528,Low (<3K),No,0,1.017,7,6-10 yrs,7,7,5+ yrs,7,0,8,3,4,Very High,3,High,3,Better,3,Excellent,No,0,Travel_Frequently,6,Medium (6-15),3,Other,1,18,1,4
1922,45,36-45,Male,Single,Research & Development,Healthcare Representative,2,Mid-Level,5399,5.4,64788,Medium (3-6K),No,0,1.403,4,3-5 yrs,2,0,Just Promoted,3,4,12,3,3,High,2,Medium,3,Better,3,Excellent,No,0,Travel_Frequently,1,Near (1-5),4,Medical,0,12,3,3
1924,33,26-35,Male,Single,Sales,Sales Executive,2,Mid-Level,5487,5.49,65844,Medium (3-6K),No,0,1.584,10,6-10 yrs,4,0,Just Promoted,9,1,10,2,3,High,2,Medium,2,Good,3,Excellent,No,0,Travel_Rarely,10,Medium (6-15),4,Marketing,0,14,2,3
1927,28,26-35,Male,Married,Sales,Sales Executive,2,Mid-Level,6834,6.83,82008,High (6-10K),No,0,1.153,7,6-10 yrs,7,0,Just Promoted,7,1,7,2,4,Very High,3,High,3,Better,3,Excellent,Yes,1,Travel_Frequently,1,Near (1-5),2,Life Sciences,1,12,3,2
1928,29,26-35,Male,Single,Sales,Sales Representative,1,Junior,1091,1.09,13092,Low (<3K),Yes,1,1.783,1,0-2 yrs,0,0,Just Promoted,0,1,1,3,1,Low,3,High,3,Better,3,Excellent,No,0,Travel_Frequently,24,Far (16+),3,Technical Degree,0,17,4,4
1929,39,36-45,Female,Married,Sales,Sales Executive,2,Mid-Level,5736,5.74,68832,Medium (3-6K),No,0,1.679,3,3-5 yrs,2,1,1-2 yrs,2,6,10,1,3,High,1,Low,3,Better,3,Excellent,No,0,Non-Travel,21,Far (16+),4,Life Sciences,1,19,3,1
1931,27,26-35,Male,Married,Research & Development,Research Scientist,1,Junior,2226,2.23,26712,Low (<3K),No,0,1.814,5,3-5 yrs,3,1,1-2 yrs,2,1,6,3,2,Medium,2,Medium,2,Good,3,Excellent,No,0,Travel_Rarely,2,Near (1-5),4,Technical Degree,1,11,3,3
1932,34,26-35,Male,Married,Research & Development,Research Scientist,2,Mid-Level,5747,5.75,68964,Medium (3-6K),No,0,1.266,15,11-20 yrs,10,6,5+ yrs,11,1,16,3,4,Very High,3,High,3,Better,3,Excellent,Yes,1,Travel_Frequently,22,Far (16+),4,Other,0,15,2,2
1933,28,26-35,Female,Single,Sales,Sales Executive,2,Mid-Level,9854,9.85,118248,High (6-10K),Yes,1,1.258,2,0-2 yrs,0,2,1-2 yrs,2,3,6,0,3,High,4,Very High,3,Better,3,Excellent,Yes,1,Travel_Rarely,13,Medium (6-15),2,Marketing,0,11,4,3
1934,47,46-55,Male,Married,Research & Development,Research Scientist,2,Mid-Level,5467,5.47,65604,Medium (3-6K),No,0,1.355,8,6-10 yrs,7,1,1-2 yrs,7,8,16,4,2,Medium,3,High,4,Best,3,Excellent,No,0,Non-Travel,14,Medium (6-15),4,Technical Degree,1,18,3,3
1935,56,55+,Female,Married,Sales,Sales Executive,2,Mid-Level,5380,5.38,64560,Medium (3-6K),No,0,1.538,0,0-2 yrs,0,0,Just Promoted,0,4,6,3,1,Low,4,Very High,3,Better,3,Excellent,No,0,Travel_Rarely,11,Medium (6-15),5,Marketing,1,16,3,2
1936,39,36-45,Male,Married,Research & Development,Manufacturing Director,2,Mid-Level,5151,5.15,61812,Medium (3-6K),No,0,2.178,10,6-10 yrs,0,7,5+ yrs,9,1,10,3,1,Low,1,Low,3,Better,4,Outstanding,No,0,Travel_Rarely,9,Medium (6-15),2,Medical,1,25,4,3
1937,38,36-45,Female,Divorced,Research & Development,Research Scientist,2,Mid-Level,2133,2.13,25596,Low (<3K),No,0,1.478,20,11-20 yrs,11,0,Just Promoted,7,1,20,3,2,Medium,4,Very High,3,Better,3,Excellent,Yes,1,Travel_Frequently,8,Medium (6-15),3,Medical,1,16,3,2
1938,58,55+,Female,Married,Sales,Manager,4,Lead,17875,17.88,214500,Very High (10K+),No,0,1.172,1,0-2 yrs,0,0,Just Promoted,0,4,29,2,4,Very High,4,Very High,2,Good,3,Excellent,Yes,1,Travel_Rarely,21,Far (16+),3,Life Sciences,1,13,3,3
1939,32,26-35,Female,Single,Research & Development,Research Scientist,1,Junior,2432,2.43,29184,Low (<3K),Yes,1,1.817,4,3-5 yrs,1,0,Just Promoted,3,3,8,2,3,High,1,Low,3,Better,3,Excellent,Yes,1,Travel_Frequently,5,Near (1-5),2,Life Sciences,0,14,1,4
1940,38,36-45,Male,Divorced,Research & Development,Research Scientist,1,Junior,4771,4.77,57252,Medium (3-6K),No,0,1.031,5,3-5 yrs,2,0,Just Promoted,3,2,10,0,4,Very High,2,Medium,4,Best,3,Excellent,No,0,Travel_Rarely,9,Medium (6-15),2,Life Sciences,2,19,4,3
1941,49,46-55,Male,Married,Research & Development,Research Director,5,Director,19161,19.16,229932,Very High (10K+),No,0,1.184,5,3-5 yrs,4,4,3-5 yrs,3,3,28,3,4,Very High,2,Medium,3,Better,3,Excellent,No,0,Travel_Frequently,2,Near (1-5),1,Life Sciences,0,15,4,3
1943,42,36-45,Male,Divorced,Sales,Sales Executive,2,Mid-Level,5087,5.09,61044,Medium (3-6K),No,0,1.391,0,0-2 yrs,0,0,Just Promoted,0,3,14,4,4,Very High,2,Medium,3,Better,3,Excellent,Yes,1,Travel_Rarely,12,Medium (6-15),4,Marketing,2,12,3,3
1944,27,26-35,Female,Married,Human Resources,Human Resources,1,Junior,2863,2.86,34356,Low (<3K),Yes,1,1.926,1,0-2 yrs,0,0,Just Promoted,0,1,1,2,2,Medium,1,Low,3,Better,3,Excellent,No,0,Travel_Frequently,22,Far (16+),3,Human Resources,0,12,1,2
1945,35,26-35,Male,Married,Sales,Sales Executive,2,Mid-Level,5561,5.56,66732,Medium (3-6K),No,0,2.262,5,3-5 yrs,3,0,Just Promoted,4,0,6,2,1,Low,2,Medium,1,Bad,3,Excellent,No,0,Travel_Rarely,18,Far (16+),4,Medical,1,16,4,3
1947,28,26-35,Male,Single,Research & Development,Research Scientist,1,Junior,2144,2.14,25728,Low (<3K),No,0,1.412,5,3-5 yrs,3,1,1-2 yrs,4,1,5,3,3,High,3,High,2,Good,3,Excellent,No,0,Non-Travel,16,Far (16+),3,Medical,0,14,3,3
1948,31,26-35,Male,Divorced,Research & Development,Research Scientist,1,Junior,3065,3.06,36780,Medium (3-6K),No,0,1.774,4,3-5 yrs,2,2,1-2 yrs,3,1,4,3,1,Low,3,High,4,Best,3,Excellent,Yes,1,Non-Travel,3,Near (1-5),2,Medical,1,13,4,3
1949,36,36-45,Male,Married,Research & Development,Laboratory Technician,1,Junior,2810,2.81,33720,Low (<3K),No,0,1.881,5,3-5 yrs,4,0,Just Promoted,2,1,5,3,2,Medium,1,Low,3,Better,4,Outstanding,No,0,Non-Travel,9,Medium (6-15),4,Life Sciences,0,22,2,4
1950,34,26-35,Male,Single,Sales,Sales Executive,3,Senior,9888,9.89,118656,High (6-10K),No,0,1.517,14,11-20 yrs,8,2,1-2 yrs,1,1,14,3,4,Very High,1,Low,2,Good,4,Outstanding,No,0,Travel_Rarely,1,Near (1-5),3,Marketing,0,21,1,3
1951,34,26-35,Male,Divorced,Sales,Sales Executive,3,Senior,8628,8.63,103536,High (6-10K),No,0,1.201,8,6-10 yrs,7,1,1-2 yrs,1,1,9,2,3,High,4,Very High,2,Good,3,Excellent,No,0,Travel_Rarely,13,Medium (6-15),4,Medical,1,18,3,3
1952,26,26-35,Male,Single,Research & Development,Laboratory Technician,1,Junior,2867,2.87,34404,Low (<3K),No,0,1.9,7,6-10 yrs,7,7,5+ yrs,6,0,8,6,1,Low,3,High,2,Good,3,Excellent,No,0,Travel_Rarely,1,Near (1-5),3,Medical,0,13,4,3
1954,29,26-35,Male,Married,Research & Development,Healthcare Representative,2,Mid-Level,5373,5.37,64476,Medium (3-6K),No,0,2.253,5,3-5 yrs,3,0,Just Promoted,2,0,6,5,1,Low,1,Low,2,Good,3,Excellent,No,0,Travel_Rarely,1,Near (1-5),3,Life Sciences,1,12,1,3
1955,32,26-35,Female,Divorced,Research & Development,Healthcare Representative,2,Mid-Level,6667,6.67,80004,High (6-10K),No,0,1.008,5,3-5 yrs,1,1,1-2 yrs,2,5,9,6,4,Very High,3,High,3,Better,3,Excellent,No,0,Non-Travel,15,Medium (6-15),4,Medical,1,18,2,3
1956,31,26-35,Male,Married,Research & Development,Research Scientist,2,Mid-Level,5003,5.0,60036,Medium (3-6K),No,0,1.557,10,6-10 yrs,8,8,5+ yrs,7,1,10,6,1,Low,4,Very High,3,Better,4,Outstanding,No,0,Travel_Frequently,1,Near (1-5),3,Life Sciences,0,21,2,1
1960,28,26-35,Male,Divorced,Research & Development,Laboratory Technician,1,Junior,2367,2.37,28404,Low (<3K),Yes,1,1.159,4,3-5 yrs,1,0,Just Promoted,3,5,6,2,4,Very High,3,High,2,Good,3,Excellent,No,0,Travel_Rarely,17,Far (16+),3,Technical Degree,1,12,1,2
1961,38,36-45,Male,Single,Sales,Sales Representative,1,Junior,2858,2.86,34296,Low (<3K),No,0,2.253,1,0-2 yrs,0,0,Just Promoted,0,4,20,3,1,Low,1,Low,2,Good,3,Excellent,No,0,Travel_Rarely,1,Near (1-5),3,Life Sciences,0,14,1,2
1962,35,26-35,Female,Married,Sales,Sales Executive,2,Mid-Level,5204,5.2,62448,Medium (3-6K),No,0,1.174,10,6-10 yrs,8,0,Just Promoted,9,1,10,2,4,Very High,3,High,3,Better,3,Excellent,Yes,1,Travel_Rarely,7,Medium (6-15),4,Life Sciences,0,11,4,3
1965,27,26-35,Male,Single,Sales,Sales Executive,2,Mid-Level,4105,4.11,49260,Medium (3-6K),No,0,0.781,7,6-10 yrs,7,0,Just Promoted,7,1,7,5,4,Very High,4,Very High,3,Better,3,Excellent,No,0,Travel_Rarely,9,Medium (6-15),3,Marketing,0,14,1,3
1966,32,26-35,Male,Single,Research & Development,Manufacturing Director,2,Mid-Level,9679,9.68,116148,High (6-10K),No,0,0.767,1,0-2 yrs,0,0,Just Promoted,0,8,8,1,4,Very High,4,Very High,3,Better,4,Outstanding,No,0,Travel_Rarely,5,Near (1-5),4,Life Sciences,0,24,2,2
1967,31,26-35,Male,Married,Sales,Sales Executive,2,Mid-Level,5617,5.62,67404,Medium (3-6K),Yes,1,1.64,10,6-10 yrs,7,0,Just Promoted,8,1,10,4,4,Very High,1,Low,3,Better,3,Excellent,Yes,1,Travel_Frequently,26,Far (16+),4,Marketing,0,11,3,3
1968,53,46-55,Male,Single,Sales,Sales Executive,3,Senior,10448,10.45,125376,Very High (10K+),Yes,1,2.546,2,0-2 yrs,2,2,1-2 yrs,2,6,15,2,1,Low,1,Low,2,Good,3,Excellent,Yes,1,Travel_Rarely,24,Far (16+),4,Life Sciences,0,13,2,3
1969,54,46-55,Female,Married,Research & Development,Research Scientist,2,Mid-Level,2897,2.9,34764,Low (<3K),No,0,1.794,4,3-5 yrs,3,2,1-2 yrs,3,3,9,6,3,High,1,Low,2,Good,3,Excellent,No,0,Travel_Rarely,9,Medium (6-15),2,Life Sciences,2,11,3,3
1970,33,26-35,Male,Divorced,Research & Development,Healthcare Representative,2,Mid-Level,5968,5.97,71616,Medium (3-6K),No,0,1.037,9,6-10 yrs,7,2,1-2 yrs,8,1,9,2,3,High,4,Very High,3,Better,4,Outstanding,No,0,Travel_Frequently,7,Medium (6-15),2,Life Sciences,3,20,3,3
1971,43,36-45,Male,Married,Research & Development,Healthcare Representative,3,Senior,7510,7.51,90120,High (6-10K),No,0,1.638,10,6-10 yrs,9,0,Just Promoted,9,1,10,1,3,High,1,Low,3,Better,3,Excellent,No,0,Travel_Rarely,11,Medium (6-15),3,Life Sciences,1,17,2,3
1972,38,36-45,Male,Married,Human Resources,Human Resources,1,Junior,2991,2.99,35892,Low (<3K),No,0,1.46,6,6-10 yrs,2,1,1-2 yrs,2,0,7,2,2,Medium,4,Very High,3,Better,3,Excellent,Yes,1,Travel_Frequently,1,Near (1-5),4,Other,1,11,2,3
1973,55,46-55,Male,Married,Human Resources,Manager,5,Director,19636,19.64,235632,Very High (10K+),No,0,1.746,10,6-10 yrs,9,1,1-2 yrs,4,4,35,0,2,Medium,3,High,3,Better,3,Excellent,Yes,1,Travel_Rarely,26,Far (16+),4,Human Resources,1,18,1,4
1974,31,26-35,Female,Divorced,Research & Development,Laboratory Technician,1,Junior,1129,1.13,13548,Low (<3K),No,0,0.957,1,0-2 yrs,0,0,Just Promoted,0,1,1,4,4,Very High,4,Very High,3,Better,3,Excellent,Yes,1,Travel_Rarely,2,Near (1-5),1,Medical,3,11,3,1
1975,39,36-45,Male,Single,Sales,Sales Executive,4,Lead,13341,13.34,160092,Very High (10K+),No,0,2.025,20,11-20 yrs,8,11,5+ yrs,10,0,21,3,1,Low,2,Medium,3,Better,3,Excellent,No,0,Travel_Rarely,15,Medium (6-15),4,Marketing,0,12,1,3
1976,42,36-45,Male,Single,Research & Development,Research Scientist,2,Mid-Level,4332,4.33,51984,Medium (3-6K),No,0,1.099,20,11-20 yrs,9,3,3-5 yrs,7,1,20,2,3,High,4,Very High,3,Better,3,Excellent,No,0,Non-Travel,23,Far (16+),2,Life Sciences,0,12,4,2
1979,31,26-35,Female,Married,Research & Development,Research Director,3,Senior,11031,11.03,132372,Very High (10K+),No,0,1.111,11,11-20 yrs,7,4,3-5 yrs,8,4,13,2,3,High,3,High,4,Best,4,Outstanding,No,0,Non-Travel,10,Medium (6-15),3,Medical,1,20,3,3
1980,54,46-55,Female,Single,Research & Development,Manufacturing Director,2,Mid-Level,4440,4.44,53280,Medium (3-6K),No,0,1.941,5,3-5 yrs,2,1,1-2 yrs,4,6,9,3,1,Low,3,High,3,Better,3,Excellent,Yes,1,Travel_Rarely,10,Medium (6-15),3,Medical,0,19,4,3
1981,24,18-25,Male,Single,Research & Development,Healthcare Representative,2,Mid-Level,4617,4.62,55404,Medium (3-6K),No,0,1.56,4,3-5 yrs,3,1,1-2 yrs,2,1,4,2,3,High,2,Medium,2,Good,3,Excellent,No,0,Travel_Rarely,1,Near (1-5),2,Life Sciences,0,12,2,2
1982,23,18-25,Male,Single,Research & Development,Laboratory Technician,1,Junior,2647,2.65,31764,Low (<3K),No,0,0.648,5,3-5 yrs,2,1,1-2 yrs,4,1,5,6,4,Very High,4,Very High,4,Best,3,Excellent,No,0,Travel_Rarely,12,Medium (6-15),2,Other,0,13,3,3
1985,40,36-45,Female,Married,Research & Development,Laboratory Technician,2,Mid-Level,6323,6.32,75876,High (6-10K),No,0,0.948,10,6-10 yrs,9,9,5+ yrs,4,1,10,2,3,High,4,Very High,4,Best,3,Excellent,No,0,Travel_Frequently,11,Medium (6-15),3,Technical Degree,1,11,1,3
1986,40,36-45,Female,Married,Sales,Sales Executive,2,Mid-Level,5677,5.68,68124,Medium (3-6K),No,0,1.69,11,11-20 yrs,8,5,3-5 yrs,10,3,15,4,2,Medium,2,Medium,3,Better,3,Excellent,No,0,Travel_Rarely,2,Near (1-5),2,Marketing,1,14,3,3
1987,25,18-25,Female,Married,Human Resources,Human Resources,1,Junior,2187,2.19,26244,Low (<3K),No,0,1.464,2,0-2 yrs,0,1,1-2 yrs,2,4,6,3,2,Medium,3,High,3,Better,3,Excellent,No,0,Travel_Rarely,2,Near (1-5),3,Human Resources,0,14,3,3
1989,30,26-35,Male,Married,Research & Development,Laboratory Technician,1,Junior,3748,3.75,44976,Medium (3-6K),No,0,1.41,12,11-20 yrs,8,1,1-2 yrs,7,1,12,6,2,Medium,4,Very High,2,Good,3,Excellent,No,0,Travel_Rarely,1,Near (1-5),2,Medical,0,13,3,3
1992,25,18-25,Male,Divorced,Research & Development,Laboratory Technician,1,Junior,3977,3.98,47724,Medium (3-6K),No,0,1.357,2,0-2 yrs,2,0,Just Promoted,2,6,7,2,3,High,4,Very High,2,Good,3,Excellent,Yes,1,Travel_Rarely,2,Near (1-5),1,Other,1,19,3,3
1993,47,46-55,Male,Single,Research & Development,Healthcare Representative,3,Senior,8633,8.63,103596,High (6-10K),No,0,1.766,17,11-20 yrs,14,12,5+ yrs,11,2,25,3,3,High,1,Low,3,Better,4,Outstanding,No,0,Travel_Rarely,25,Far (16+),3,Medical,0,23,2,3
1994,33,26-35,Male,Divorced,Research & Development,Laboratory Technician,1,Junior,2008,2.01,24096,Low (<3K),No,0,1.553,1,0-2 yrs,1,0,Just Promoted,0,1,1,2,3,High,2,Medium,2,Good,3,Excellent,No,0,Non-Travel,1,Near (1-5),2,Medical,3,12,3,2
1995,38,36-45,Male,Married,Sales,Sales Executive,2,Mid-Level,4440,4.44,53280,Medium (3-6K),No,0,1.287,15,11-20 yrs,13,5,3-5 yrs,8,0,16,3,2,Medium,4,Very High,3,Better,3,Excellent,No,0,Travel_Rarely,1,Near (1-5),4,Life Sciences,2,15,1,3
1996,31,26-35,Male,Married,Sales,Sales Representative,1,Junior,3067,3.07,36804,Medium (3-6K),No,0,1.614,2,0-2 yrs,2,1,1-2 yrs,2,0,3,1,3,High,1,Low,3,Better,3,Excellent,No,0,Travel_Rarely,2,Near (1-5),2,Life Sciences,1,19,3,3
1997,38,36-45,Male,Married,Research & Development,Manufacturing Director,2,Mid-Level,5321,5.32,63852,Medium (3-6K),No,0,1.667,8,6-10 yrs,3,7,5+ yrs,7,2,10,1,3,High,1,Low,3,Better,3,Excellent,No,0,Travel_Frequently,6,Medium (6-15),4,Life Sciences,1,11,4,2
1998,42,36-45,Male,Divorced,Research & Development,Research Scientist,2,Mid-Level,5410,5.41,64920,Medium (3-6K),No,0,1.919,4,3-5 yrs,3,1,1-2 yrs,2,6,9,3,1,Low,4,Very High,2,Good,3,Excellent,Yes,1,Travel_Rarely,18,Far (16+),4,Life Sciences,1,17,3,3
1999,41,36-45,Male,Married,Research & Development,Research Scientist,1,Junior,2782,2.78,33384,Low (<3K),No,0,0.76,5,3-5 yrs,3,1,1-2 yrs,0,3,12,3,4,Very High,4,Very High,3,Better,4,Outstanding,No,0,Travel_Rarely,1,Near (1-5),3,Life Sciences,1,22,1,3
2000,47,46-55,Female,Married,Research & Development,Research Director,3,Senior,11957,11.96,143484,Very High (10K+),No,0,1.787,13,11-20 yrs,8,5,3-5 yrs,12,0,14,3,2,Medium,3,High,1,Bad,3,Excellent,No,0,Non-Travel,1,Near (1-5),1,Medical,2,18,1,3
2003,35,26-35,Male,Married,Research & Development,Laboratory Technician,1,Junior,2660,2.66,31920,Low (<3K),No,0,1.251,2,0-2 yrs,2,2,1-2 yrs,2,7,5,3,3,High,4,Very High,3,Better,3,Excellent,Yes,1,Travel_Rarely,11,Medium (6-15),4,Medical,1,11,3,3
2007,22,18-25,Male,Single,Research & Development,Research Scientist,1,Junior,3375,3.38,40500,Medium (3-6K),No,0,0.86,3,3-5 yrs,2,1,1-2 yrs,2,0,4,2,3,High,4,Very High,4,Best,3,Excellent,No,0,Travel_Rarely,1,Near (1-5),2,Life Sciences,0,12,4,3
2008,35,26-35,Male,Single,Research & Development,Research Scientist,2,Mid-Level,5098,5.1,61176,Medium (3-6K),No,0,1.431,10,6-10 yrs,7,0,Just Promoted,8,1,10,5,3,High,2,Medium,3,Better,3,Excellent,No,0,Travel_Rarely,9,Medium (6-15),4,Medical,0,19,2,3
2009,33,26-35,Female,Married,Research & Development,Healthcare Representative,2,Mid-Level,4878,4.88,58536,Medium (3-6K),No,0,1.455,9,6-10 yrs,7,8,5+ yrs,1,0,10,6,4,Very High,2,Medium,3,Better,3,Excellent,Yes,1,Travel_Rarely,15,Medium (6-15),2,Medical,1,13,1,3
2010,32,26-35,Female,Single,Research & Development,Laboratory Technician,1,Junior,2837,2.84,34044,Low (<3K),No,0,1.577,6,6-10 yrs,2,4,3-5 yrs,1,1,6,3,2,Medium,3,High,3,Better,3,Excellent,No,0,Travel_Rarely,29,Far (16+),4,Life Sciences,0,13,3,2
2012,40,36-45,Male,Married,Research & Development,Laboratory Technician,1,Junior,2406,2.41,28872,Low (<3K),No,0,1.503,1,0-2 yrs,0,0,Just Promoted,0,8,8,3,4,Very High,1,Low,2,Good,3,Excellent,No,0,Travel_Rarely,1,Near (1-5),4,Life Sciences,2,19,3,3
2013,32,26-35,Male,Married,Sales,Sales Representative,1,Junior,2269,2.27,27228,Low (<3K),No,0,1.667,2,0-2 yrs,2,2,1-2 yrs,2,0,3,2,2,Medium,2,Medium,3,Better,3,Excellent,No,0,Travel_Rarely,1,Near (1-5),4,Medical,1,14,2,2
2014,39,36-45,Male,Single,Research & Development,Research Scientist,2,Mid-Level,4108,4.11,49296,Medium (3-6K),No,0,1.439,7,6-10 yrs,7,1,1-2 yrs,7,7,18,2,4,Very High,1,Low,3,Better,3,Excellent,No,0,Travel_Rarely,24,Far (16+),1,Life Sciences,0,13,1,3
2015,38,36-45,Female,Married,Research & Development,Research Director,3,Senior,13206,13.21,158472,Very High (10K+),No,0,1.441,18,11-20 yrs,16,1,1-2 yrs,11,3,20,3,3,High,2,Medium,3,Better,3,Excellent,No,0,Travel_Rarely,10,Medium (6-15),3,Medical,1,12,1,1
2016,32,26-35,Female,Married,Sales,Sales Executive,3,Senior,10422,10.42,125064,Very High (10K+),No,0,0.987,14,11-20 yrs,10,5,3-5 yrs,7,1,14,3,4,Very High,3,High,3,Better,3,Excellent,No,0,Travel_Rarely,1,Near (1-5),4,Marketing,2,19,3,3
2017,37,36-45,Female,Married,Research & Development,Research Director,3,Senior,13744,13.74,164928,Very High (10K+),No,0,1.224,16,11-20 yrs,11,6,5+ yrs,8,1,16,2,4,Very High,3,High,3,Better,4,Outstanding,Yes,1,Travel_Rarely,10,Medium (6-15),3,Life Sciences,1,25,1,4
2018,25,18-25,Female,Divorced,Sales,Sales Executive,2,Mid-Level,4907,4.91,58884,Medium (3-6K),No,0,1.978,5,3-5 yrs,3,0,Just Promoted,4,0,6,3,3,High,1,Low,2,Good,4,Outstanding,Yes,1,Travel_Rarely,8,Medium (6-15),2,Other,1,22,2,3
2019,52,46-55,Male,Divorced,Sales,Sales Representative,1,Junior,3482,3.48,41784,Medium (3-6K),No,0,1.6,9,6-10 yrs,8,0,Just Promoted,0,2,16,3,4,Very High,1,Low,2,Good,3,Excellent,No,0,Non-Travel,29,Far (16+),4,Life Sciences,2,15,2,3
2020,44,36-45,Male,Single,Research & Development,Research Scientist,1,Junior,2436,2.44,29232,Low (<3K),No,0,1.36,4,3-5 yrs,3,1,1-2 yrs,2,6,6,2,4,Very High,2,Medium,3,Better,3,Excellent,Yes,1,Travel_Rarely,1,Near (1-5),3,Medical,0,12,3,3
2021,21,18-25,Male,Single,Sales,Sales Representative,1,Junior,2380,2.38,28560,Low (<3K),No,0,1.924,2,0-2 yrs,2,1,1-2 yrs,2,1,2,6,1,Low,3,High,3,Better,3,Excellent,Yes,1,Travel_Rarely,5,Near (1-5),1,Medical,0,11,4,3
2022,39,36-45,Male,Single,Research & Development,Manager,5,Director,19431,19.43,233172,Very High (10K+),No,0,0.938,6,6-10 yrs,0,1,1-2 yrs,3,2,21,3,4,Very High,4,Very High,2,Good,3,Excellent,No,0,Non-Travel,9,Medium (6-15),3,Life Sciences,0,13,3,3
2023,23,18-25,Male,Married,Sales,Sales Representative,1,Junior,1790,1.79,21480,Low (<3K),Yes,1,1.688,1,0-2 yrs,0,1,1-2 yrs,0,1,1,3,1,Low,4,Very High,2,Good,3,Excellent,No,0,Travel_Frequently,9,Medium (6-15),3,Marketing,1,19,1,3
2024,36,36-45,Female,Married,Sales,Sales Executive,3,Senior,7644,7.64,91728,High (6-10K),No,0,1.38,9,6-10 yrs,7,3,3-5 yrs,4,0,10,2,4,Very High,1,Low,3,Better,3,Excellent,No,0,Travel_Rarely,3,Near (1-5),3,Medical,2,19,3,2
2025,36,36-45,Female,Divorced,Research & Development,Manufacturing Director,2,Mid-Level,5131,5.13,61572,Medium (3-6K),No,0,1.264,4,3-5 yrs,2,0,Just Promoted,2,7,18,3,2,Medium,4,Very High,3,Better,3,Excellent,No,0,Travel_Frequently,4,Near (1-5),2,Life Sciences,3,13,2,3
2026,56,55+,Male,Divorced,Research & Development,Healthcare Representative,2,Mid-Level,6306,6.31,75672,High (6-10K),No,0,1.36,13,11-20 yrs,12,1,1-2 yrs,9,1,13,2,3,High,3,High,2,Good,4,Outstanding,No,0,Non-Travel,1,Near (1-5),4,Life Sciences,1,21,1,3
2027,29,26-35,Male,Married,Research & Development,Research Scientist,1,Junior,4787,4.79,57444,Medium (3-6K),Yes,1,1.417,2,0-2 yrs,2,2,1-2 yrs,2,9,4,3,4,Very High,1,Low,4,Best,3,Excellent,Yes,1,Travel_Rarely,1,Near (1-5),4,Medical,3,14,2,3
2031,42,36-45,Male,Married,Research & Development,Manager,5,Director,18880,18.88,226560,Very High (10K+),No,0,1.784,22,20+ yrs,6,4,3-5 yrs,14,5,24,2,3,High,1,Low,2,Good,3,Excellent,No,0,Travel_Rarely,2,Near (1-5),3,Life Sciences,0,11,1,3
2032,56,55+,Male,Married,Research & Development,Laboratory Technician,1,Junior,2339,2.34,28068,Low (<3K),Yes,1,1.384,10,6-10 yrs,9,9,5+ yrs,8,8,14,4,3,High,4,Very High,1,Bad,3,Excellent,No,0,Travel_Rarely,7,Medium (6-15),2,Technical Degree,1,11,4,3
2034,41,36-45,Female,Married,Research & Development,Manufacturing Director,4,Lead,13570,13.57,162840,Very High (10K+),No,0,1.947,20,11-20 yrs,7,0,Just Promoted,10,0,21,3,2,Medium,1,Low,3,Better,4,Outstanding,No,0,Travel_Rarely,28,Far (16+),4,Life Sciences,1,23,3,2
2035,34,26-35,Female,Married,Sales,Sales Executive,2,Mid-Level,6712,6.71,80544,High (6-10K),No,0,1.103,8,6-10 yrs,7,1,1-2 yrs,7,1,8,2,3,High,4,Very High,3,Better,4,Outstanding,No,0,Travel_Rarely,28,Far (16+),3,Marketing,2,21,4,2
2036,36,36-45,Male,Divorced,Sales,Sales Executive,2,Mid-Level,5406,5.41,64872,Medium (3-6K),No,0,1.025,15,11-20 yrs,12,11,5+ yrs,11,1,15,4,4,Very High,4,Very High,2,Good,4,Outstanding,No,0,Non-Travel,15,Medium (6-15),4,Marketing,1,24,1,1
2037,41,36-45,Male,Divorced,Sales,Sales Executive,2,Mid-Level,8938,8.94,107256,High (6-10K),No,0,1.46,5,3-5 yrs,4,0,Just Promoted,4,2,14,5,2,Medium,3,High,3,Better,3,Excellent,No,0,Travel_Rarely,3,Near (1-5),3,Life Sciences,1,11,3,2
2038,32,26-35,Male,Single,Research & Development,Research Scientist,1,Junior,2439,2.44,29268,Low (<3K),No,0,1.514,4,3-5 yrs,2,1,1-2 yrs,2,1,4,4,1,Low,4,Very High,3,Better,3,Excellent,No,0,Travel_Rarely,2,Near (1-5),3,Technical Degree,0,14,4,3
2040,35,26-35,Female,Single,Human Resources,Human Resources,3,Senior,8837,8.84,106044,High (6-10K),No,0,1.246,9,6-10 yrs,0,1,1-2 yrs,7,1,9,2,4,Very High,3,High,3,Better,3,Excellent,Yes,1,Travel_Rarely,26,Far (16+),4,Life Sciences,0,16,3,3
2041,38,36-45,Female,Married,Sales,Sales Executive,2,Mid-Level,5343,5.34,64116,Medium (3-6K),No,0,1.391,10,6-10 yrs,7,1,1-2 yrs,9,1,10,1,4,Very High,1,Low,3,Better,3,Excellent,No,0,Travel_Rarely,10,Medium (6-15),2,Life Sciences,1,11,3,3
2044,50,46-55,Male,Divorced,Sales,Sales Executive,2,Mid-Level,6728,6.73,80736,High (6-10K),Yes,1,1.403,6,6-10 yrs,3,0,Just Promoted,1,7,12,3,3,High,2,Medium,3,Better,3,Excellent,No,0,Travel_Frequently,1,Near (1-5),4,Life Sciences,2,12,4,3
2045,36,36-45,Female,Married,Sales,Sales Executive,2,Mid-Level,6652,6.65,79824,High (6-10K),No,0,1.338,6,6-10 yrs,3,0,Just Promoted,0,4,8,2,4,Very High,2,Medium,2,Good,3,Excellent,No,0,Travel_Rarely,11,Medium (6-15),4,Marketing,1,13,1,2
2046,45,36-45,Female,Single,Sales,Sales Executive,2,Mid-Level,4850,4.85,58200,Medium (3-6K),No,0,1.069,5,3-5 yrs,3,0,Just Promoted,1,8,8,3,3,High,4,Very High,3,Better,3,Excellent,No,0,Travel_Rarely,20,Far (16+),3,Life Sciences,0,15,3,3
2048,40,36-45,Male,Single,Research & Development,Research Scientist,1,Junior,2809,2.81,33708,Low (<3K),No,0,1.22,2,0-2 yrs,2,2,1-2 yrs,2,2,8,2,3,High,3,High,3,Better,3,Excellent,No,0,Travel_Rarely,2,Near (1-5),4,Life Sciences,0,14,4,2
2049,35,26-35,Male,Married,Research & Development,Healthcare Representative,2,Mid-Level,5689,5.69,68268,Medium (3-6K),No,0,1.312,10,6-10 yrs,2,0,Just Promoted,2,1,10,2,3,High,3,High,4,Best,3,Excellent,Yes,1,Travel_Frequently,18,Far (16+),4,Life Sciences,2,14,4,3
2051,40,36-45,Female,Married,Research & Development,Research Scientist,1,Junior,2001,2.0,24012,Low (<3K),No,0,1.207,5,3-5 yrs,3,0,Just Promoted,2,2,20,2,3,High,3,High,3,Better,3,Excellent,No,0,Travel_Rarely,2,Near (1-5),4,Medical,3,14,2,3
2052,35,26-35,Female,Married,Research & Development,Research Scientist,1,Junior,2977,2.98,35724,Low (<3K),No,0,0.96,4,3-5 yrs,3,1,1-2 yrs,1,1,4,5,4,Very High,3,High,3,Better,3,Excellent,No,0,Travel_Rarely,1,Near (1-5),4,Life Sciences,1,12,4,1
2053,29,26-35,Male,Married,Research & Development,Laboratory Technician,2,Mid-Level,4025,4.03,48300,Medium (3-6K),No,0,1.495,4,3-5 yrs,3,0,Just Promoted,3,4,10,2,2,Medium,4,Very High,3,Better,3,Excellent,Yes,1,Travel_Rarely,13,Medium (6-15),2,Other,1,13,1,2
2054,29,26-35,Female,Single,Research & Development,Research Scientist,1,Junior,3785,3.78,45420,Medium (3-6K),No,0,1.897,5,3-5 yrs,4,0,Just Promoted,4,1,5,3,1,Low,4,Very High,1,Bad,3,Excellent,No,0,Travel_Rarely,28,Far (16+),4,Medical,0,14,2,2
2055,50,46-55,Male,Divorced,Sales,Sales Executive,3,Senior,10854,10.85,130248,Very High (10K+),Yes,1,1.81,3,3-5 yrs,2,2,1-2 yrs,0,4,20,3,1,Low,4,Very High,3,Better,3,Excellent,Yes,1,Travel_Rarely,28,Far (16+),3,Marketing,1,13,2,2
2056,39,36-45,Female,Married,Sales,Sales Executive,4,Lead,12031,12.03,144372,Very High (10K+),No,0,1.443,20,11-20 yrs,9,9,5+ yrs,6,0,21,2,4,Very High,2,Medium,2,Good,3,Excellent,No,0,Travel_Rarely,24,Far (16+),1,Marketing,1,11,1,2
2057,31,26-35,Male,Single,Research & Development,Manufacturing Director,2,Mid-Level,9936,9.94,119232,High (6-10K),No,0,1.924,9,6-10 yrs,4,1,1-2 yrs,7,0,10,2,1,Low,2,Medium,3,Better,3,Excellent,No,0,Non-Travel,5,Near (1-5),3,Medical,0,19,2,3
2060,26,26-35,Female,Single,Sales,Sales Representative,1,Junior,2966,2.97,35592,Low (<3K),No,0,1.017,4,3-5 yrs,2,0,Just Promoted,0,0,5,2,3,High,4,Very High,3,Better,3,Excellent,No,0,Travel_Rarely,5,Near (1-5),3,Other,0,18,4,2
2061,36,36-45,Male,Married,Research & Development,Laboratory Technician,2,Mid-Level,2571,2.57,30852,Low (<3K),No,0,1.029,5,3-5 yrs,2,0,Just Promoted,3,4,17,3,4,Very High,3,High,3,Better,3,Excellent,No,0,Travel_Frequently,23,Far (16+),2,Medical,1,17,3,4
2062,39,36-45,Male,Married,Research & Development,Healthcare Representative,3,Senior,9991,9.99,119892,High (6-10K),No,0,1.527,7,6-10 yrs,7,1,1-2 yrs,7,4,9,5,1,Low,4,Very High,3,Better,3,Excellent,No,0,Travel_Rarely,6,Medium (6-15),1,Medical,1,15,1,2
2064,27,26-35,Male,Married,Research & Development,Manufacturing Director,2,Mid-Level,6142,6.14,73704,High (6-10K),No,0,1.864,6,6-10 yrs,2,0,Just Promoted,3,1,6,0,2,Medium,2,Medium,3,Better,4,Outstanding,Yes,1,Travel_Rarely,4,Near (1-5),3,Life Sciences,1,20,2,4
2065,49,46-55,Male,Married,Sales,Sales Executive,2,Mid-Level,5390,5.39,64680,Medium (3-6K),No,0,1.407,9,6-10 yrs,6,0,Just Promoted,8,2,17,3,2,Medium,4,Very High,2,Good,3,Excellent,No,0,Travel_Frequently,2,Near (1-5),3,Medical,0,14,4,2
2068,34,26-35,Male,Married,Research & Development,Laboratory Technician,2,Mid-Level,4404,4.4,52848,Medium (3-6K),No,0,1.284,4,3-5 yrs,3,1,1-2 yrs,2,2,6,3,3,High,2,Medium,4,Best,3,Excellent,No,0,Travel_Rarely,8,Medium (6-15),3,Medical,0,12,1,4
